ticker,name,sector,industry,country,list_market_cap,list_price,list_volume
A,Agilent Technologies Inc. Common Stock,Industrials,Biotechnology: Laboratory Analytical Instruments,United States,49396754509.0,175.21,2194089
AA,Alcoa Corporation Common Stock,Industrials,Aluminum,United States,11150174051.0,42.25,3034240
AAC,Ares Acquisition Corporation III Class A Ordinary Shares,Industrials,Metal Fabrications,,710984898.0,10.07,84
AACG,ATA Creativity Global American Depositary Shares,Real Estate,Other Consumer Services,China,58194417.0,0.85,6479
AACI,Armada Acquisition Corp. III Class A Ordinary Share,Finance,Blank Checks,United States,0.0,10.048,1497
AACIW,Armada Acquisition Corp. III Warrant,Finance,Blank Checks,United States,0.0,0.25,74164
AACO,Abony Acquisition Corp. I Class A Ordinary Share,Other,,United States,0.0,10.0,16
AACOW,Abony Acquisition Corp. I Warrants,Other,,United States,0.0,0.4,106
AACP,Apogee Acquisition Corp Class A Ordinary Shares,Finance,Blank Checks,United States,0.0,10.08,3480
AACPR,Apogee Acquisition Corp Rights,Finance,Blank Checks,United States,0.0,0.1799,6206
AACPW,Apogee Acquisition Corp Warrant,Finance,Blank Checks,United States,0.0,0.0725,137
AADX,Applied Aerospace & Defense Inc. Common Stock,Industrials,Military/Government/Technical,,2077341892.0,12.05,1744525
AAL,American Airlines Group Inc. Common Stock,Consumer Discretionary,Air Freight/Delivery Services,United States,8949833738.0,13.52,63677754
AAME,Atlantic American Corporation Common Stock,Finance,Life Insurance,United States,26720369.0,1.31,3565
AAMI,Acadian Asset Management Inc. Common Stock,Finance,Investment Managers,United Kingdom,3328619105.0,93.79,364025
AAOI,Applied Optoelectronics Inc. Common Stock,Technology,Semiconductors,United States,8220626901.0,96.82,8195829
AAON,AAON Inc. Common Stock,Industrials,Industrial Machinery/Components,United States,7036593552.0,85.34,1733331
AAP,Advance Auto Parts Inc.,Consumer Discretionary,Auto & Home Supply Stores,United States,2402108000.0,39.77,2591538
AAPG,Ascentage Pharma Group International American Depository Shares,Health Care,Biotechnology: Pharmaceutical Preparations,China,1389691860.0,14.89,4973
AAPL,Apple Inc. Common Stock,Technology,Computer Manufacturing,United States,4938670512000.0,338.4,32821049
AARD,Aardvark Therapeutics Inc. Common Stock,Health Care,Biotechnology: Pharmaceutical Preparations,United States,115333138.0,5.27,60668
AAT,American Assets Trust Inc. Common Stock,Real Estate,Real Estate Investment Trusts,United States,1328173127.0,21.63,874857
AAUC,Allied Gold Corporation Common Shares,Other,,,2929092711.0,21.02,284155
AB,AllianceBernstein Holding L.P.  Units,Finance,Investment Managers,United States,3269732443.0,35.13,340660
ABAT,American Battery Technology Company Common Stock,Industrials,Mining & Quarrying of Nonmetallic Minerals (No Fuels),United States,323651511.0,2.27,1680081
ABBV,AbbVie Inc. Common Stock,Health Care,Biotechnology: Pharmaceutical Preparations,United States,470547990650.0,266.28,4429522
ABCB,Ameris Bancorp Common Stock,Finance,Major Banks,United States,5465213544.0,81.44,447814
ABCL,AbCellera Biologics Inc. Common Shares,Health Care,Biotechnology: Pharmaceutical Preparations,Canada,4508764964.0,13.92,7832390
ABEO,Abeona Therapeutics Inc. Common Stock,Health Care,Biotechnology: Pharmaceutical Preparations,United States,302503450.0,5.29,872898
ABEV,Ambev S.A. American Depositary Shares (Each representing 1 Common Share),Consumer Staples,Beverages (Production/Distribution),Brazil,45235903230.0,2.87,13197319
ABG,Asbury Automotive Group Inc Common Stock,Consumer Discretionary,Retail-Auto Dealers and Gas Stations,United States,3225600447.0,179.68,260100
ABLV,Able View Global Inc. Class B Ordinary Shares,Consumer Discretionary,Other Consumer Services,China,91942675.0,1.665,419114
ABLVW,Able View Global Inc. Warrant,Consumer Discretionary,Other Consumer Services,China,1021585.0,0.0185,6110
ABM,ABM Industries Incorporated Common Stock,Consumer Discretionary,Diversified Commercial Services,United States,2873287300.0,49.02,535861
ABNB,Airbnb Inc. Class A Common Stock,Consumer Discretionary,Diversified Commercial Services,United States,93458469247.0,156.08,3917674
ABOS,Acumen Pharmaceuticals Inc. Common Stock,Health Care,Biotechnology: Biological Products (No Diagnostic Substances),United States,166329756.0,2.3,856395
ABR,Arbor Realty Trust Common Stock,Real Estate,Real Estate Investment Trusts,United States,761156815.0,4.08,5455170
ABR^D,Arbor Realty Trust 6.375% Series D Cumulative Redeemable Preferred Stock Liquidation Preference $25.00 per Share,Other,,United States,,14.74,16294
ABR^E,Arbor Realty Trust 6.25% Series E Cumulative Redeemable Preferred Stock,Other,,United States,,14.54,7390
ABR^F,Arbor Realty Trust 6.25% Series F Fixed-to-Floating Rate Cumulative Redeemable Preferred Stock Liquidation Preference $25.00 per share,Other,,United States,,20.98,37771
ABSI,Absci Corporation Common Stock,Health Care,Biotechnology: Commercial Physical & Biological Resarch,United States,1628616955.0,9.49,3253052
ABT,Abbott Laboratories Common Stock,Health Care,Biotechnology: Pharmaceutical Preparations,United States,174734105230.0,100.98,6802511
ABTC,American Bitcoin Corp. Class A Common Stock,Finance,Finance: Consumer Services,United States,643726263.0,8.84,972786
ABTS,Abits Group Inc Ordinary Shares,Finance,Finance: Consumer Services,China,3728756.0,1.16,15284
ABUS,Arbutus Biopharma Corporation Common Stock,Health Care,Biotechnology: Pharmaceutical Preparations,Canada,961540478.0,4.86,11669621
ABVC,ABVC BioPharma Inc. Common Stock,Health Care,Biotechnology: Pharmaceutical Preparations,United States,27987083.0,1.05,74240
ABVX,Abivax SA American Depositary Shares,Health Care,Biotechnology: Pharmaceutical Preparations,France,8338255715.0,96.85,1681028
ABX,Abacus Global Management Inc. Class A Common Stock,Finance,Investment Managers,United States,803852287.0,8.22,490528
ABXL,Abacus Global Management Inc. 9.875% Fixed Rate Senior Notes due 2028,Finance,Investment Managers,United States,1884946512.0,25.25,11926
ACA,Arcosa Inc. Common Stock,Industrials,Metal Fabrications,United States,7195620723.0,146.53,1170786
ACAA,Averin Capital Acquisition Corp. Class A Ordinary Shares,Finance,Blank Checks,United States,0.0,10.0,16
ACAD,ACADIA Pharmaceuticals Inc. Common Stock,Health Care,Biotechnology: Pharmaceutical Preparations,United States,3537432285.0,20.53,3522941
ACB,Aurora Cannabis Inc. Common Shares,Health Care, Medicinal Chemicals and Botanical Products ,Canada,253403819.0,4.09,497155
ACCL,Acco Group Holdings Limited Class A Ordinary Shares,Consumer Discretionary,Professional Services,Hong Kong,38225000.0,2.75,95116
ACCO,Acco Brands Corporation Common Stock,Consumer Discretionary,Publishing,United States,398768694.0,4.32,540254
ACCS,ACCESS Newswire Inc. Common Stock,Consumer Discretionary,Professional Services,United States,17988329.0,4.7,9065
ACDC,ProFrac Holding Corp. Class A Common Stock,Energy,Oilfield Services/Equipment,United States,817731201.0,4.49,1200425
ACEL,Accel Entertainment Inc.,Consumer Discretionary,Services-Misc. Amusement & Recreation,United States,893940160.0,11.01,449065
ACET,Adicet Bio Inc. Common Stock,Health Care,Biotechnology: Pharmaceutical Preparations,United States,59445462.0,6.35,2149043
ACFN,Acorn Energy Inc. Common Stock,Consumer Discretionary,Military/Government/Technical,United States,50945245.0,20.3,9776
ACGC,ACP Holdings Acquisition Corp. Class A Ordinary Shares,Finance,Blank Checks,United States,0.0,10.059,147
ACGCW,ACP Holdings Acquisition Corp. Warrants,Finance,Blank Checks,United States,0.0,0.45,4244
ACGL,Arch Capital Group Ltd. Common Stock,Finance,Property-Casualty Insurers,Bermuda,32382644057.0,94.9,3652278
ACGLN,Arch Capital Group Ltd. Depositary Shares each Representing a 1/1000th Interest in a 4.550% Non-Cumulative Preferred Share Series G,Finance,Property-Casualty Insurers,Bermuda,5213981045.0,15.28,44734
ACGLO,Arch Capital Group Ltd. Depositary Shares Each Representing 1/1000th Interest in a Share of 5.45% Non-Cumulative Preferred Shares Series F,Finance,Property-Casualty Insurers,Bermuda,6343449452.0,18.59,32271
ACH,Accendra Health Inc. Common Stock,Health Care,Medical Specialities,United States,49988058.0,0.65,1472152
ACHC,Acadia Healthcare Company Inc. Common Stock,Health Care,Medical Specialities,United States,2598428675.0,27.91,1120938
ACHR,Archer Aviation Inc. Class A Common Stock,Industrials,Aerospace,United States,4047082380.0,5.2,17584394
ACHV,Achieve Life Sciences Inc. Common Shares,Health Care,Biotechnology: In Vitro & In Vivo Diagnostic Substances,United States,797494298.0,7.75,1301129
ACI,Albertsons Companies Inc. Class A Common Stock,Consumer Staples,Food Chains,United States,5649190950.0,11.64,7659631
ACIC,American Coastal Insurance Corporation Common Stock,Finance,Property-Casualty Insurers,United States,437737127.0,9.26,331831
ACIU,AC Immune SA Common Stock,Health Care,Biotechnology: Pharmaceutical Preparations,Switzerland,265629026.0,2.61,189131
ACIW,ACI Worldwide Inc. Common Stock,Technology,Computer Software: Prepackaged Software,United States,4946806809.0,49.0,465851
ACLS,Axcelis Technologies Inc. Common Stock,Technology,Industrial Machinery/Components,United States,3829613451.0,124.01,322747
ACM,AECOM Common Stock,Consumer Discretionary,Military/Government/Technical,United States,7647141574.0,59.42,2224414
ACMR,ACM Research Inc. Class A Common Stock,Technology,Industrial Machinery/Components,United States,5289856436.0,75.95,836684
ACN,Accenture plc Class A Ordinary Shares (Ireland),Consumer Discretionary,Business Services,Ireland,116460506339.0,174.47,5500216
ACNB,ACNB Corporation Common Stock,Finance,Major Banks,United States,642536177.0,63.18,42679
ACNT,Ascent Industries Co. Common Stock,Industrials,Major Chemicals,United States,130817258.0,14.52,31856
ACOG,Alpha Cognition Inc. Common Stock,Other,,Canada,187257294.0,8.6,67120
ACON,Aclarion Inc. Common Stock,Health Care,Medical Specialities,United States,7032985.0,2.44,75484
ACONW,Aclarion Inc. Warrant,Health Care,Medical Specialities,United States,73789.0,0.0256,60780
ACP,abrdn Income Credit Strategies Fund Common Shares,Finance,Investment Managers,United States,0.0,4.41,1074881
ACP^A,abrdn Income Credit Strategies Fund 5.250% Series A Perpetual Preferred Stock,Other,,United States,,18.05,2206
ACR,ACRES Commercial Realty Corp. Common Stock,Real Estate,Real Estate Investment Trusts,United States,77402082.0,10.35,59353
ACR^C,ACRES Commercial Realty Corp. 8.625% Fixed-to-Floating Series C Cumulative Redeemable Preferred Stock,Other,,United States,,23.47,6012
ACR^D,ACRES Commercial Realty Corp. 7.875% Series D Cumulative Redeemable Preferred Stock,Other,,United States,,18.31,8460
ACRE,Ares Commercial Real Estate Corporation Common Stock,Real Estate,Real Estate Investment Trusts,United States,228027374.0,4.11,713521
ACRS,Aclaris Therapeutics Inc. Common Stock,Health Care,Biotechnology: Pharmaceutical Preparations,United States,799289989.0,5.43,2429221
ACRV,Acrivon Therapeutics Inc. Common Stock,Health Care,Biotechnology: Pharmaceutical Preparations,United States,88277926.0,2.06,231039
ACT,Enact Holdings Inc. Common Stock,Finance,Specialty Insurers,United States,6453483517.0,46.94,286194
ACTG,Acacia Research Corporation (Acacia Tech) Common Stock,Miscellaneous,Multi-Sector Companies,United States,419623262.0,4.3,144301
ACTU,Actuate Therapeutics Inc. Common stock,Health Care,Biotechnology: Pharmaceutical Preparations,United States,17679256.0,0.7362,277012
ACU,Acme United Corporation. Common Stock,Consumer Discretionary,Industrial Machinery/Components,United States,244444554.0,63.76,73425
ACV,Virtus Diversified Income & Convertible Fund Common Shares of Beneficial Interest,Finance,Finance/Investors Services,United States,253166966.0,24.43,29709
ACVA,ACV Auctions Inc. Class A Common Stock,Consumer Discretionary,Business Services,United States,1776191471.0,10.46,7030989
ACXP,Acurx Pharmaceuticals Inc. Common Stock,Health Care,Biotechnology: Pharmaceutical Preparations,United States,7449603.0,1.34,52790
AD,Array Digital Infrastructure Inc. Common Shares,Telecommunications,Telecommunications Equipment,United States,2893425000.0,33.45,296740
ADAC,American Drive Acquisition Company Class A Ordinary Shares,Other,,United States,0.0,10.12,29
ADAG,Adagene Inc. American Depositary Shares,Health Care,Biotechnology: Pharmaceutical Preparations,China,211365101.0,3.2,529862
ADAM,Adamas Trust Inc. Common Stock,Real Estate,Real Estate Investment Trusts,United States,719937086.0,8.01,904685
ADAMG,Adamas Trust Inc. 9.125% Senior Notes Due 2030,Real Estate,Real Estate Investment Trusts,United States,0.0,24.98,5821
ADAMH,Adamas Trust Inc. 9.875% Senior Notes Due 2030,Real Estate,Real Estate Investment Trusts,United States,0.0,25.09,65873
ADAMI,Adamas Trust Inc. 9.125% Senior Notes Due 2029,Real Estate,Real Estate Investment Trusts,United States,2262674636.0,24.98,7010
ADAMK,Adamas Trust Inc. 9.600% Senior Notes Due 2031,Real Estate,Real Estate Investment Trusts,United States,0.0,24.98,16219
ADAML,Adamas Trust Inc. 6.875% Series F Fixed-to-Floating Rate Cumulative Redeemable Preferred Stock $0.01 par value per share,Real Estate,Real Estate Investment Trusts,United States,2252387437.0,25.06,8710
ADAMM,Adamas Trust Inc. 7.875% Series E Fixed-to-Floating Rate Cumulative Redeemable Preferred Stock,Real Estate,Real Estate Investment Trusts,United States,2282946564.0,25.4,34523
ADAMN,Adamas Trust Inc. 8.00% Series D Fixed-to-Floating Rate Cumulative Redeemable Preferred Stock,Real Estate,Real Estate Investment Trusts,United States,2189471587.0,24.36,1551
ADAMO,Adamas Trust Inc. 9.250% Senior Notes Due 2031,Real Estate,Real Estate Investment Trusts,United States,0.0,24.565,19510
ADAMZ,Adamas Trust Inc. 7.000% Series G Cumulative Redeemable Preferred Stock $0.01 par value per share,Real Estate,Real Estate Investment Trusts,United States,1592669808.0,17.72,4435
ADBE,Adobe Inc. Common Stock,Technology,Computer Software: Prepackaged Software,United States,89909092000.0,231.01,5228704
ADBT,Advasa Holdings Inc. Common Stock,Technology,Computer Software: Prepackaged Software,Japan,54015586.0,0.1109,6575255
ADC,Agree Realty Corporation Common Stock,Real Estate,Real Estate Investment Trusts,United States,8370727563.0,67.3,1466902
ADC^A,Agree Realty Corporation Depositary Shares each representing 1/1000th of a 4.250% Series A Cumulative Redeemable Preferred Stock,Other,,United States,,15.435,32889
ADCT,ADC Therapeutics SA Common Shares,Health Care,Biotechnology: Pharmaceutical Preparations,Switzerland,160861296.0,1.26,835131
ADEA,Adeia Inc. Common Stock,Telecommunications,Cable & Other Pay Television Services,United States,2748181338.0,24.92,692461
ADGM,Adagio Medical Holdings Inc Common Stock,Health Care,Medical/Dental Instruments,United States,3791325.0,0.1707,1881911
ADI,Analog Devices Inc. Common Stock,Technology,Semiconductors,United States,191611721825.0,395.43,3221343
ADIG,ADI Global Distribution Inc. Common Stock,Industrials,Wholesale Distributors,United States,1406856859.0,18.53,745688
ADIL,Adial Pharmaceuticals Inc Common Stock,Health Care,Biotechnology: Pharmaceutical Preparations,United States,10608596.0,4.04,47494
ADM,Archer-Daniels-Midland Company Common Stock,Consumer Staples,Packaged Foods,United States,38739911282.0,80.38,2882953
ADMA,ADMA Biologics Inc Common Stock,Health Care,Biotechnology: Biological Products (No Diagnostic Substances),United States,2266724962.0,10.12,3568659
ADNT,Adient plc Ordinary Shares,Consumer Discretionary,Auto Parts:O.E.M.,United States,1318357537.0,17.1,1055246
ADP,Automatic Data Processing Inc. Common Stock,Technology,EDP Services,United States,103738655266.0,261.8,1668874
ADPT,Adaptive Biotechnologies Corporation Common Stock,Health Care,Biotechnology: Biological Products (No Diagnostic Substances),United States,4550077455.0,28.51,2639039
ADRX,ADARx Pharmaceuticals Inc. Common Stock,Health Care,Biotechnology: Pharmaceutical Preparations,United States,2053216181.0,20.09,1205262
ADSE,ADS-TEC ENERGY PLC Ordinary Shares,Consumer Discretionary,Industrial Specialties,Ireland,818162760.0,10.89,17839
ADSEW,ADS-TEC ENERGY PLC Warrant,Consumer Discretionary,Industrial Specialties,Ireland,17279838.0,0.23,2985
ADSK,Autodesk Inc. Common Stock,Technology,Computer Software: Prepackaged Software,United States,43302710000.0,207.19,1698024
ADT,ADT Inc. Common Stock,Consumer Discretionary,Diversified Commercial Services,United States,4522161745.0,6.19,8387040
ADTN,ADTRAN Holdings Inc. Common Stock,Utilities,Telecommunications Equipment,United States,554073568.0,6.8,1855534
ADUR,Aduro Clean Technologies Inc. Common Stock,Industrials,Major Chemicals,Canada,439525448.0,12.31,224567
ADUS,Addus HomeCare Corporation Common Stock,Health Care,Medical/Nursing Services,United States,2089840913.0,111.91,205495
ADV,Advantage Solutions Inc. Class A Common Stock,Consumer Discretionary,Business Services,United States,409413804.0,31.93,69720
ADVB,Advanced Biomed Inc. Common Stock,Health Care,Medical Specialities,Taiwan,11118855.0,6.73,43225
ADX,Adams Diversified Equity Fund Inc.,Finance,Investment Managers,United States,0.0,25.76,266620
ADXN,Addex Therapeutics Ltd American Depositary Shares,Health Care,Biotechnology: Pharmaceutical Preparations,Switzerland,4787434.0,2.81,90663
AEAQ,Activate Energy Acquisition Corp. Class A Ordinary Share,Other,,Cayman Islands,0.0,10.08,18
AEBI,Aebi Schmidt Holding AG Common Stock,Industrials,Auto Manufacturing,Switzerland,836521360.0,10.78,505905
AEC,Anfield Energy Inc. Common Shares,Basic Materials,Metal Mining,Canada,71221414.0,3.57,20382
AEE,Ameren Corporation Common Stock,Utilities,Power Generation,United States,27515450717.0,99.39,2392490
AEF,abrdn Emerging Markets ex-China Fund Inc. Common Stock,Finance,Finance/Investors Services,United States,1018870125.0,9.49,103405
AEFC,Aegon Funding Company LLC 5.10% Subordinated Notes due 2049,Other,,United States,0.0,17.73,39484
AEG,Aegon Ltd. New York Registry Shares,Finance,Life Insurance,Netherlands,16798764488.0,8.8,6498522
AEHL,Antelope Enterprise Holdings Limited Class A Ordinary Shares,Consumer Discretionary,Telecommunications Equipment,China,156080765.0,8.23,54880
AEHR,Aehr Test Systems Common Stock,Industrials,Electrical Products,United States,3216638686.0,98.49,2112374
AEI,Alset Inc. Common Stock (TX),Finance,Real Estate,United States,30323189.0,0.7796,9126
AEIS,Advanced Energy Industries Inc. Common Stock,Technology,Industrial Machinery/Components,United States,11127614805.0,277.84,451262
AEM,Agnico Eagle Mines Limited Common Stock,Basic Materials,Precious Metals,Canada,93467357782.0,184.15,3668957
AEMD,Aethlon Medical Inc. Common Stock,Health Care,Medical/Dental Instruments,United States,10234126.0,6.38,142365
AENT,Alliance Entertainment Holding Corporation Class A Common Stock,Consumer Discretionary,Durable Goods,United States,244192428.0,4.79,57021
AENTW,Alliance Entertainment Holding Corporation Warrant,Consumer Discretionary,Durable Goods,United States,10705722.0,0.21,22
AEO,American Eagle Outfitters Inc. Common Stock,Consumer Discretionary,Clothing/Shoe/Accessory Stores,United States,2900694394.0,17.31,9196284
AEON,AEON Biopharma Inc. Class A Common Stock,Health Care,Biotechnology: Pharmaceutical Preparations,United States,13049338.0,0.2616,312568
AEP,American Electric Power Company Inc. Common Stock,Utilities,Electric Utilities: Central,United States,64347767006.0,118.2,3248204
AER,AerCap Holdings N.V. Ordinary Shares,Consumer Discretionary,Diversified Commercial Services,Netherlands,22625548823.0,146.51,1146642
AERO,Grupo Aeromexico S.A.B. de C.V. American Depositary Shares (each representing ten (10) Common Shares),Consumer Discretionary,Air Freight/Delivery Services,,2292142555.0,15.71,347217
AERT,Aeries Technology Inc. Class A Ordinary Share,Consumer Discretionary,Professional Services,United States,37915731.0,7.225,25014
AES,The AES Corporation Common Stock,Industrials,Electric Utilities: Central,United States,10608832428.0,14.87,6756137
AESI,Atlas Energy Solutions Inc. Common Stock,Industrials,Mining & Quarrying of Nonmetallic Minerals (No Fuels),United States,1537542447.0,12.3,4825264
AESP,Aeon Acquisition I Corp. Class A Ordinary Shares,Finance,Blank Checks,United States,0.0,9.97,12
AESPW,Aeon Acquisition I Corp. Warrants,Finance,Blank Checks,United States,0.0,0.06,26
AEVA,Aeva Technologies Inc. Common Stock,Consumer Discretionary,Auto Parts:O.E.M.,United States,994701167.0,14.27,1610538
AEXA,American Exceptionalism Acquisition Corp. A Class A Ordinary Shares,Other,,,0.0,11.15,54693
AEYE,AudioEye Inc. Common Stock,Technology,Computer Software: Prepackaged Software,United States,85285238.0,6.785,94911
AFB,AllianceBernstein National Municipal Income Fund Inc,Finance,Trusts Except Educational Religious and Charitable,United States,0.0,9.49,214046
AFCG,Advanced Flower Capital Inc. Common Stock,Finance,Real Estate,United States,81392189.0,3.59,99083
AFG,American Financial Group Inc. Common Stock,Finance,Property-Casualty Insurers,United States,11458088172.0,138.18,333813
AFGB,American Financial Group Inc. 5.875% Subordinated Debentures due 2059,Finance,Property-Casualty Insurers,United States,1854123980.0,22.36,20532
AFGC,American Financial Group Inc. 5.125% Subordinated Debentures due 2059,Finance,Property-Casualty Insurers,United States,1538193194.0,18.55,28592
AFGD,American Financial Group Inc. 5.625% Subordinated Debentures due 2060,Finance,Property-Casualty Insurers,United States,1798566598.0,21.69,12412
AFGE,American Financial Group Inc. 4.500% Subordinated Debentures due 2060,Finance,Property-Casualty Insurers,United States,1391422199.0,16.78,4356
AFJK,Aimei Health Technology Co. Ltd Ordinary Share,Other,,United States,0.0,12.3,1293
AFJKU,Aimei Health Technology Co. Ltd Unit,Other,,United States,0.0,13.09,502
AFL,AFLAC Incorporated Common Stock,Finance,Accident &Health Insurance,United States,56927531488.0,113.55,1484192
AFRI,Forafric Global PLC Ordinary Shares,Consumer Staples,Packaged Foods,Gibraltar,300646537.0,11.15,12829
AFRM,Affirm Holdings Inc. Class A Common Stock,Finance,Finance: Consumer Services,United States,22678082616.0,67.21,3687633
AFYA,Afya Limited Class A Common Shares,Real Estate,Other Consumer Services,Brazil,1128422885.0,12.04,794929
AG,First Majestic Silver Corp. Ordinary Shares (Canada),Basic Materials,Precious Metals,Canada,8847669575.0,17.95,10088383
AGBK,AGI Inc Class A Common Shares,Finance,Commercial Banks,Cayman Islands,922378015.0,5.76,131400
AGCC,Agencia Comercial Spirits Ltd Class A Ordinary Shares,Consumer Staples,Beverages (Production/Distribution),Taiwan,529468300.0,14.2,21013
AGCO,AGCO Corporation Common Stock,Industrials,Industrial Machinery/Components,United States,8236431648.0,117.61,759337
AGD,abrdn Global Dynamic Dividend Fund Common Shares of Beneficial Interest,Finance,Trusts Except Educational Religious and Charitable,United States,0.0,11.55,113685
AGEN,Agenus Inc. Common Stock,Health Care,Biotechnology: Biological Products (No Diagnostic Substances),United States,425876868.0,9.43,2766366
AGI,Alamos Gold Inc. Class A Common Shares,Basic Materials,Precious Metals,Canada,13741268248.0,32.72,5147690
AGIG,Abundia Global Impact Group Inc. Common stock,Energy,Oil & Gas Production,United States,54304895.0,1.23,153426
AGIO,Agios Pharmaceuticals Inc. Common Stock,Health Care,Biotechnology: Pharmaceutical Preparations,United States,1995236896.0,33.42,1347713
AGL,agilon health inc. Common Stock,Health Care,Misc Health and Biotechnology Services,United States,1335404931.0,79.53,211834
AGM,Federal Agricultural Mortgage Corporation Common Stock,Finance,Finance Companies,United States,2341145929.0,215.71,84250
AGM^D,Federal Agricultural Mortgage Corporation 5.700% Non-Cumulative Preferred Stock Series D,Other,,United States,,20.52,1618
AGM^E,Federal Agricultural Mortgage Corporation 5.750% Non-Cumulative Preferred Stock Series E,Other,,United States,,19.9,2946
AGM^F,Federal Agricultural Mortgage Corporation 5.250% Non-Cumulative Preferred Stock Series F,Other,,United States,,18.29,25135
AGM^G,Federal Agricultural Mortgage Corporation 4.875% Non-Cumulative Preferred Stock Series G,Other,,United States,,16.98,21061
AGM^H,Federal Agricultural Mortgage Corporation 6.500% Non-Cumulative Preferred Stock Series H,Other,,United States,,21.91,12330
AGM^I,Federal Agricultural Mortgage Corporation 6.875% Non-Cumulative Preferred Stock Series I,Other,,United States,,24.15,16277
AGMB,AgomAb Therapeutics NV American Depositary Shares,Health Care,Biotechnology: Biological Products (No Diagnostic Substances),Belgium,502821825.0,10.21,147161
AGMH,AGM Group Holdings Inc. Class A Ordinary Shares,Technology,EDP Services,Hong Kong,3533969.0,0.7368,24661
AGNC,AGNC Investment Corp. Common Stock,Real Estate,Real Estate Investment Trusts,United States,11214654489.0,9.46,46835192
AGNCL,AGNC Investment Corp. Depositary Shares Each Representing a 1/1000th Interest in a Share of 7.75% Series G Fixed-Rate Reset Cumulative Redeemable Preferred Stock,Real Estate,Real Estate Investment Trusts,United States,30123083568.0,25.41,9643
AGNCM,AGNC Investment Corp. Depositary Shares rep 6.875% Series D Fixed-to-Floating Cumulative Redeemable Preferred Stock,Real Estate,Real Estate Investment Trusts,United States,29767439134.0,25.11,22762
AGNCN,AGNC Investment Corp. Depositary Shares Each Representing a 1/1000th Interest in a Share of 7.00% Series C Fixed-To-Floating Rate Cumulative Redeemable Preferred Stock,Real Estate,Real Estate Investment Trusts,United States,30431308744.0,25.67,29300
AGNCO,AGNC Investment Corp. Depositary Shares each representing a 1/1000th interest in a share of 6.50% Series E Fixed-to-Floating Cumulative Redeemable Preferred Stock,Real Estate,Real Estate Investment Trusts,United States,30277196156.0,25.54,23759
AGNCP,AGNC Investment Corp. Depositary Shares Each Representing a 1/1000th Interest in a Share of 6.125% Series F Fixed-to-Floating Rate Cumulative Redeemable Preferred Stock,Real Estate,Real Estate Investment Trusts,United States,29874132464.0,25.2,47649
AGNCZ,AGNC Investment Corp. Depositary Shares Each Representing a 1/1000th Interest in a Share of 8.75% Series H Fixed-Rate Cumulative Redeemable Preferred Stock,Real Estate,Real Estate Investment Trusts,United States,29660745804.0,25.02,70027
AGNT,AGNT Inc. Common Stock,Finance,Real Estate,United States,586583959.0,3.51,1415968
AGO,Assured Guaranty Ltd. Common Stock,Finance,Property-Casualty Insurers,Bermuda,3051717243.0,69.39,512129
AGPU,Axe Compute Inc. Common Stock,Health Care,Industrial Specialties,United States,140832157.0,12.15,164166
AGRO,Adecoagro S.A. Common Shares,Consumer Staples,Farming/Seeds/Milling,Luxembourg,1453186253.0,10.07,759803
AGRZ,Agroz Inc. Class A Ordinary Shares,Consumer Staples,Farming/Seeds/Milling,Malaysia,0.0,0.189,997888
AGX,Argan Inc. Common Stock,Consumer Discretionary,Engineering & Construction,United States,4983540177.0,355.21,284592
AGYS,Agilysys Inc. Common Stock (DE),Technology,EDP Services,United States,2738782015.0,97.1,202989
AHCO,AdaptHealth Corp. Common Stock,Health Care,Medical/Nursing Services,United States,770344707.0,5.65,1589566
AHG,Akso Health Group ADS,Consumer Discretionary,Business Services,China,626250753.0,0.731,48102
AHL^D,Aspen Insurance Holdings Limited 5.625% Perpetual Non-Cumulative Preference Shares,Other,,Bermuda,,17.6,32745
AHL^E,Aspen Insurance Holdings Limited Depositary Shares each representing a 1/1000th interest in a share of 5.625% Perpetual Non-Cumulative Preference Shares,Other,,Bermuda,,17.48,16329
AHL^F,Aspen Insurance Holdings Limited Depositary Shares each representing a 1/1000th Interest in a 7.00% Perpetual Non-Cumulative Preference Share,Other,,Bermuda,,22.34,17756
AHMA,Ambitions Enterprise Management Co. L.L.C Class A Ordinary Shares,Consumer Discretionary,Services-Misc. Amusement & Recreation,United Arab Emirates,41317750.0,1.39,20265
AHR,American Healthcare REIT Inc. Common Stock,Real Estate,Real Estate Investment Trusts,United States,12102311880.0,51.9,2054143
AHRT,AH Realty Trust Inc. Common Stock,Finance,Real Estate,United States,440098653.0,5.9,2157021
AHRT^A,AH Realty Trust Inc. 6.75% Series A Cumulative Redeemable Perpetual Preferred Stock,Other,,United States,,20.3529,9942
AHT,Ashford Hospitality Trust Inc Common Stock,Real Estate,Real Estate Investment Trusts,United States,16239233.0,2.51,31852
AHT^D,Ashford Hospitality Trust Inc 8.45% Series D Cumulative Preferred Stock,Other,,United States,,4.625,2136
AHT^F,Ashford Hospitality Trust Inc 7.375% Series F Cumulative Preferred Stock,Other,,United States,,4.4357,2399
AHT^G,Ashford Hospitality Trust Inc 7.375% Series G Cumulative Preferred Stock,Other,,United States,,4.42,1416
AHT^H,Ashford Hospitality Trust Inc 7.50% Series H Cumulative Preferred Stock,Other,,United States,,4.44,3003
AHT^I,Ashford Hospitality Trust Inc 7.50% Series I Cumulative Preferred Stock,Other,,United States,,4.171,5848
AI,C3.ai Inc. Class A Common Stock,Technology,Computer Software: Prepackaged Software,United States,1673718301.0,10.41,3421131
AIAI,AIAI Holdings Corporation Class A Common Stock,Technology,EDP Services,United States,264962873.0,3.74,161551
AIB,AIB Data Centers Inc. Common Stock,Finance,Investment Bankers/Brokers/Service,,125366119.0,1.65,1046255
AIBZ,Bitzero Holdings Inc. Common Shares,Consumer Discretionary,Services-Misc. Amusement & Recreation,Canada,256305167.0,4.12,335638
AIDX,20/20 Biolabs Inc. Common Stock,Health Care,Precision Instruments,United States,5223054.0,0.409,42223
AIFA,All In FutureTech Alliance Inc. Common Stock,Consumer Discretionary,Services-Misc. Amusement & Recreation,United States,26836921.0,4.18,176960
AIFC,AI Financial Corporation Common Stock,Finance,Investment Bankers/Brokers/Service,United States,70729307.0,0.5058,384728
AIFF,Firefly Neuroscience Inc. Common Stock,Technology,Computer Software: Prepackaged Software,United States,26516634.0,1.69,3716236
AIFU,AIFU Inc. Class A Ordinary Share,Finance,Specialty Insurers,China,54407970.0,8.81,109464
AIG,American International Group Inc. New Common Stock,Finance,Property-Casualty Insurers,United States,38056164840.0,72.78,4074672
AII,American Integrity Insurance Group Inc. Common Stock,Finance,Property-Casualty Insurers,United States,489443806.0,24.98,115970
AIIA,AI Infrastructure Acquisition Corp. Class A Ordinary Shares,Finance,Blank Checks,,0.0,10.27,968
AIIO,Robo.ai Inc. Class B Ordinary Shares,Industrials,Auto Manufacturing,United Arab Emirates,165459451.0,1.39,387954
AIIOW,Robo.ai Inc. Warrant,Industrials,Auto Manufacturing,United Arab Emirates,1892666.0,0.0159,16975
AIIR,Air Global PLC Ordinary Shares,Consumer Discretionary,Tobacco,United Arab Emirates,1132329410.0,7.06,292462
AIM,AIM ImmunoTech Inc. Common Stock,Health Care,Biotechnology: Biological Products (No Diagnostic Substances),,6547671.0,0.1844,1337889
AIMD,Ainos Inc. Common Stock,Technology,Computer peripheral equipment,United States,11363617.0,1.33,82310
AIMDW,Ainos Inc. Warrants,Technology,Computer peripheral equipment,United States,751024.0,0.0879,140
AIN,Albany International Corporation Common Stock,Consumer Discretionary,Textiles,United States,1706272000.0,60.08,207722
AIO,Virtus Artificial Intelligence & Technology Opportunities Fund Common Shares of Beneficial Interest,Finance,Finance/Investors Services,,858180890.0,24.99,119917
AIOS,AIOS Tech Inc. Class A Common Shares,Industrials,Metal Fabrications,China,44547286.0,13.71,52874
AIOT,PowerFleet Inc. Common Stock,Telecommunications,Telecommunications Equipment,United States,351671905.0,2.62,2587771
AIP,Arteris Inc. Common Stock,Technology,Semiconductors,United States,1136396598.0,23.12,659779
AIR,AAR Corp. Common Stock,Industrials,Aerospace,United States,4633389896.0,115.09,574242
AIRE,reAlpha Tech Corp. Common Stock,Finance,Real Estate,United States,8169009.0,1.36,17885
AIRG,Airgain Inc. Common Stock,Technology,Radio And Television Broadcasting And Communications Equipment,United States,67466205.0,5.15,20753
AIRI,Air Industries Group Common Stock,Industrials,Military/Government/Technical,United States,12849393.0,2.649,2164
AIRJ,AirJoule Technologies Corporation Class A Common Stock,Industrials,Industrial Machinery/Components,United States,303835868.0,4.04,785249
AIRJW,AirJoule Technologies Corporation Warrant,Industrials,Industrial Machinery/Components,United States,74454829.0,0.99,2527
AIRO,AIRO Group Holdings Inc. Common Stock,Industrials,Aerospace,United States,219944741.0,6.97,242994
AIRS,AirSculpt Technologies Inc. Common Stock,Health Care,Medical/Nursing Services,United States,135538993.0,1.88,788470
AIRT,Air T Inc. Common Stock,Consumer Discretionary,Air Freight/Delivery Services,United States,76376183.0,28.48,56898
AIRTP,Air T Inc. Air T Funding Alpha Income Trust Preferred Securities,Consumer Discretionary,Air Freight/Delivery Services,United States,50416862.0,18.8,1689
AISP,Airship AI Holdings Inc. Class A Common Stock,Technology,Computer Software: Prepackaged Software,United States,61991212.0,1.8,243645
AISPW,Airship AI Holdings Inc. Warrants,Technology,Computer Software: Prepackaged Software,United States,12026295.0,0.3492,46274
AIT,Applied Industrial Technologies Inc. Common Stock,Consumer Discretionary,Industrial Specialties,United States,12394750851.0,337.42,232169
AIV,Apartment Investment and Management Company Common Stock,Real Estate,Real Estate Investment Trusts,United States,310806962.0,2.14,1729161
AIXC,AIxCrypto Holdings Inc. Common Stock,Finance,Finance: Consumer Services,United States,35040747.0,1.66,1012797
AIXI,XIAO-I Corporation American Depositary Shares,Technology,Computer Software: Prepackaged Software,China,210421.0,1.6,176308
AIZ,Assurant Inc. Common Stock,Finance,Property-Casualty Insurers,United States,12998292318.0,263.53,346038
AIZN,Assurant Inc. 5.25% Subordinated Notes due 2061,Finance,Property-Casualty Insurers,United States,910284166.0,18.04,14121
AJG,Arthur J. Gallagher & Co. Common Stock,Finance,Specialty Insurers,United States,58810598000.0,229.46,1553935
AKA,a.k.a. Brands Holding Corp. Common Stock,Consumer Discretionary,Catalog/Specialty Distribution,,123319682.0,11.22,610
AKAM,Akamai Technologies Inc. Common Stock,Consumer Discretionary,Business Services,United States,15663673215.0,108.99,8243122
AKAN,Akanda Corp. Common Shares,Health Care, Medicinal Chemicals and Botanical Products ,United Kingdom,1527876.0,2.825,139915
AKBA,Akebia Therapeutics Inc. Common Stock,Health Care,Biotechnology: Pharmaceutical Preparations,United States,247483587.0,0.8931,3399274
AKO-A,Embotelladora Andina S.A.,Other,,Chile,,25.97,121
AKO-B,Embotelladora Andina S.A.,Other,,Chile,,29.83,13802
AKR,Acadia Realty Trust Common Stock,Real Estate,Real Estate Investment Trusts,United States,2645028226.0,19.26,982880
AKTS,Aktis Oncology Inc. Common stock,Health Care,Biotechnology: Pharmaceutical Preparations,United States,1076237306.0,19.35,223210
AKTX,Akari Therapeutics plc ADS,Health Care,Biotechnology: Pharmaceutical Preparations,United Kingdom,19099893.0,9.81,82015
ALAB,Astera Labs Inc. Common Stock,Technology,Semiconductors,United States,60947051886.0,351.31,4080550
ALAR,Alarum Technologies Ltd. American Depositary Share,Technology,Computer Software: Prepackaged Software,Israel,13123353.0,1.81,37539
ALB,Albemarle Corporation Common Stock,Industrials,Major Chemicals,United States,12672563071.0,107.39,2662162
ALB^A,Albemarle Corporation Depositary Shares each representing a 1/20th of 7.25% Series A Mandatory Convertible Preferred Stock,Other,,United States,,45.76,384839
ALC,Alcon Inc. Ordinary Shares,Health Care,Ophthalmic Goods,Switzerland,32610422000.0,65.26,2320503
ALCO,Alico Inc. Common Stock,Consumer Staples,Farming/Seeds/Milling,United States,290436663.0,39.15,17751
ALDF,Aldel Financial II Inc. Class A Ordinary Shares,Other,,United States,0.0,10.83,130
ALDFW,Aldel Financial II Inc. Warrants,Finance,Blank Checks,United States,0.0,0.2301,77
ALDX,Aldeyra Therapeutics Inc. Common Stock,Health Care,Biotechnology: Pharmaceutical Preparations,United States,69978648.0,1.16,1020522
ALEC,Alector Inc. Common Stock,Health Care,Biotechnology: Biological Products (No Diagnostic Substances),United States,214381284.0,1.92,713354
ALF,Centurion Acquisition Corp. Class A Ordinary Shares,Other,,United States,0.0,10.92,17
ALG,Alamo Group Inc. Common Stock,Industrials,Industrial Machinery/Components,United States,1919604600.0,157.72,238902
ALGM,Allegro MicroSystems Inc. Common Stock,Technology,Semiconductors,United States,6885691579.0,36.94,2748228
ALGN,Align Technology Inc. Common Stock,Health Care,Industrial Specialties,United States,10300778540.0,145.0,886801
ALGS,Aligos Therapeutics Inc. Common Stock,Health Care,Biotechnology: Biological Products (No Diagnostic Substances),United States,34594851.0,5.54,79528
ALGT,Allegiant Travel Company Common Stock,Consumer Discretionary,Air Freight/Delivery Services,United States,2092705145.0,76.55,416825
ALH,Alliance Laundry Holdings Inc. Common Stock,Industrials,Industrial Machinery/Components,United States,4347517530.0,21.87,1272107
ALHC,Alignment Healthcare Inc. Common Stock,Health Care,Medical Specialities,United States,1644960732.0,7.93,8666447
ALIS,Calisa Acquisition Corp Ordinary shares,Other,,United States,0.0,10.33,2107
ALISR,Calisa Acquisition Corp Right,Finance,Blank Checks,United States,0.0,0.66,26754
ALIT,Alight Inc. Class A Common Stock,Consumer Discretionary,Business Services,United States,265888848.0,9.87,782686
ALK,Alaska Air Group Inc. Common Stock,Consumer Discretionary,Air Freight/Delivery Services,United States,4430643864.0,39.7,3654339
ALKS,Alkermes plc Ordinary Shares,Health Care,Biotechnology: Pharmaceutical Preparations,Ireland,6735695371.0,40.15,2356268
ALKT,Alkami Technology Inc. Common Stock,Technology,Computer Software: Prepackaged Software,United States,1431953112.0,13.39,1749896
ALL,Allstate Corporation (The) Common Stock,Finance,Property-Casualty Insurers,United States,57537826523.0,227.55,1725248
ALL^B,Allstate Corporation (The) 5.100% Fixed-to-Floating Rate Subordinated Debentures due 2053,Other,,United States,,25.75,29259
ALL^H,Allstate Corporation (The) Depositary Shares each representing a 1/1000th interest in a share of Fixed Rate Noncumulative Perpetual Preferred Stock Series H,Other,,United States,,18.31,132874
ALL^I,Allstate Corporation (The) Depositary Shares each representing a 1/1000th interest in a share of Fixed Rate Noncumulative Perpetual Preferred Stock Series I,Other,,United States,,17.26,76446
ALL^J,Allstate Corporation (The) Depositary Shares each representing a 1/1000th interest in a share of Fixed Rate Noncumulative Perpetual Preferred Stock Series J,Other,,United States,,26.14,44363
ALLE,Allegion plc Ordinary Shares,Consumer Discretionary,Diversified Commercial Services,United States,13213015809.0,155.38,1061900
ALLO,Allogene Therapeutics Inc. Common Stock,Health Care,Biotechnology: Biological Products (No Diagnostic Substances),United States,563150136.0,1.63,5026244
ALLR,Allarity Therapeutics Inc. Common Stock,Health Care,Biotechnology: Pharmaceutical Preparations,United States,15407945.0,0.9684,275864
ALLT,Allot Ltd. Ordinary Shares,Telecommunications,Computer Communications Equipment,Israel,417314034.0,8.53,175969
ALLY,Ally Financial Inc. Common Stock,Finance,Major Banks,United States,11617386276.0,38.19,3387737
ALM,Almonty Industries Inc. Common Shares,Basic Materials,Other Metals and Minerals,Canada,3810830708.0,13.21,4586157
ALMR,Alamar Biosciences Inc. Common Stock,Industrials,Biotechnology: Laboratory Analytical Instruments,United States,2262898099.0,32.61,224716
ALMS,Alumis Inc. Common Stock,Health Care,Biotechnology: Pharmaceutical Preparations,United States,926756311.0,7.16,2245418
ALMU,Aeluma Inc. Common Stock,Technology,Semiconductors,United States,245829962.0,12.76,266522
ALNT,Allient Inc. Common Stock,Industrials,Electrical Products,United States,1945257284.0,114.41,156769
ALNY,Alnylam Pharmaceuticals Inc. Common Stock,Health Care,Biotechnology: Pharmaceutical Preparations,United States,34169496372.0,255.36,1147879
ALOV,Aldabra 4 Liquidity Opportunity Vehicle Inc. Class A Ordinary Shares,Other,,United States,0.0,10.0,15
ALOY,REalloys Inc. Common Stock,Basic Materials,Metal Mining,United States,584507399.0,8.42,1585432
ALP,Alpha Compute Corp Ordinary Shares,Finance,Finance: Consumer Services,Canada,8214194.0,5.3,46597
ALPS,ALPS Group Inc Ordinary Share,Health Care,Medical/Nursing Services,Malaysia,66560126.0,0.4,117999
ALPX,Alpex Acquisition Corporation Class A Ordinary Shares,Finance,Blank Checks,United States,0.0,9.95,154418
ALPXU,Alpex Acquisition Corporation Unit,Finance,Blank Checks,United States,0.0,10.23,2236
ALRM,Alarm.com Holdings Inc. Common Stock,Technology,Computer Software: Prepackaged Software,United States,2639581560.0,53.77,485275
ALRS,Alerus Financial Corporation Common Stock,Finance,Major Banks,United States,799176484.0,32.06,158010
ALSN,Allison Transmission Holdings Inc. Common Stock,Consumer Discretionary,Auto Parts:O.E.M.,United States,9385819799.0,113.66,451214
ALT,Altimmune Inc. Common Stock,Health Care,Biotechnology: Pharmaceutical Preparations,United States,575772395.0,2.96,3359823
ALTG,Alta Equipment Group Inc. Class A Common Stock,Industrials,Industrial Machinery/Components,United States,188814520.0,5.78,462416
ALTG^A,Alta Equipment Group Inc. Depositary Shares (each representing 1/1000th in a share of 10% Series A Cumulative Perpetual Preferred Stock),Other,,United States,,25.33,1852
ALTI,AlTi Global Inc. Class A Common Stock,Finance,Investment Managers,United States,481865205.0,3.09,71988
ALTO,Alto Ingredients Inc. Common Stock,Industrials,Major Chemicals,United States,284672960.0,3.67,889148
ALUB,Alussa Energy Acquisition Corp. II Class A Ordinary Shares,Other,,,0.0,10.13,132
ALV,Autoliv Inc. Common Stock,Consumer Discretionary,Auto Parts:O.E.M.,Sweden,8351239855.0,114.03,828522
ALVO,Alvotech Ordinary Shares,Health Care,Biotechnology: Biological Products (No Diagnostic Substances),Luxembourg,2401153602.0,6.15,1436459
ALVOW,Alvotech Warrant,Health Care,Biotechnology: Biological Products (No Diagnostic Substances),Luxembourg,148324919.0,0.3799,2129
ALX,Alexander's Inc. Common Stock,Real Estate,Real Estate Investment Trusts,United States,1272123793.0,249.08,27988
ALXO,ALX Oncology Holdings Inc. Common Stock,Health Care,Biotechnology: Pharmaceutical Preparations,United States,192205026.0,1.39,1959146
ALZN,Alzamend Neuro Inc. Common Stock,Health Care,Biotechnology: Pharmaceutical Preparations,United States,8348501.0,1.73,83839
AM,Antero Midstream Corporation Common Stock,Utilities,Natural Gas Distribution,United States,9825751800.0,20.7,2317433
AMAC,AMR Resources Acquisition Corp Class A Ordinary Shares,Finance,Blank Checks,Cayman Islands,0.0,9.795,1238
AMACU,AMR Resources Acquisition Corp Units,Finance,Blank Checks,Cayman Islands,0.0,9.92,10
AMACW,AMR Resources Acquisition Corp Warrants,Finance,Blank Checks,Cayman Islands,0.0,0.26,22
AMAL,Amalgamated Financial Corp. Common Stock (DE),Finance,Major Banks,United States,1413678950.0,47.28,229751
AMAN,Amanat Acquisition Corp Class A Ordinary Shares,Finance,Blank Checks,United States,0.0,10.63,1671
AMAT,Applied Materials Inc. Common Stock,Technology,Semiconductors,United States,386291491355.0,486.76,6092106
AMBA,Ambarella Inc. Ordinary Shares,Technology,Semiconductors,United States,3031601888.0,68.68,1214165
AMBO,Ambow Education Holding Ltd. American Depository Shares (each representing twenty (20) Class A Ordinary Shares),Real Estate,Other Consumer Services,China,6063883.0,2.12,370
AMBP,Ardagh Metal Packaging S.A. Ordinary Shares,Industrials,Containers/Packaging,,2629878178.0,4.4,1017398
AMBQ,Ambiq Micro Inc. Common Stock,Technology,Semiconductors,United States,1651803809.0,68.3,278102
AMBR,Amber International Holding Limited American Depositary Shares,Finance,Finance: Consumer Services,Hong Kong,167338571.0,1.775,132808
AMC,AMC Entertainment Holdings Inc. Class A Common Stock,Consumer Discretionary,Movies/Entertainment,United States,2936669259.0,3.29,72731809
AMCI,AMC Robotics Corporation Common Stock,Consumer Discretionary,Home Furnishings,United States,75188811.0,3.24,88677
AMCR,Amcor plc Ordinary Shares,Consumer Discretionary,Miscellaneous manufacturing industries,United Kingdom,19783772075.0,42.79,2669642
AMCX,AMC Global Media Inc. Class A Common Stock,Telecommunications,Cable & Other Pay Television Services,United States,496237151.0,12.03,734667
AMD,Advanced Micro Devices Inc. Common Stock,Technology,Semiconductors,United States,992332603781.0,607.87,22124757
AME,AMETEK Inc.,Industrials,Industrial Machinery/Components,United States,57698177277.0,251.67,1408761
AMG,Affiliated Managers Group Inc. Common Stock,Finance,Investment Managers,United States,9519817135.0,368.13,503089
AMGN,Amgen Inc. Common Stock,Health Care,Biotechnology: Biological Products (No Diagnostic Substances),United States,226054460251.0,418.13,2917882
AMH,American Homes 4 Rent Common Shares of Beneficial Interest,Real Estate,Real Estate Investment Trusts,United States,10976539089.0,30.56,3110061
AMH^G,American Homes 4 Rent Series G cumulative redeemable perpetual preferred shares of beneficial interest,Other,,United States,,20.94,36409
AMH^H,American Homes 4 Rent Series H cumulative redeemable perpetual Preferred Shares of Beneficial Interest,Other,,United States,,22.66,142535
AMIX,Autonomix Medical Inc. Common Stock,Health Care,Medical/Dental Instruments,United States,7506563.0,3.83,74271
AMKR,Amkor Technology Inc. Common Stock,Technology,Semiconductors,United States,13212702461.0,53.18,3447205
AMLX,Amylyx Pharmaceuticals Inc. Common Stock,Health Care,Biotechnology: Pharmaceutical Preparations,United States,3744929748.0,29.85,1020592
AMN,AMN Healthcare Services Inc,Consumer Discretionary,Professional Services,United States,1326889492.0,34.26,341503
AMOD,Alpha Modus Holdings Inc. Class A Common Stock,Miscellaneous,Multi-Sector Companies,United States,7828434.0,1.57,16434
AMODW,Alpha Modus Holdings Inc. Warrant,Miscellaneous,Multi-Sector Companies,United States,89254.0,0.0179,162
AMP,Ameriprise Financial Inc. Common Stock,Finance,Investment Managers,United States,44603337197.0,496.16,724933
AMPG,Amplitech Group Inc. Common Stock,Telecommunications,Telecommunications Equipment,United States,94638244.0,3.15,718357
AMPGZ,Amplitech Group Inc. Series B Right,Telecommunications,Telecommunications Equipment,United States,4855092.0,0.1616,2008
AMPH,Amphastar Pharmaceuticals Inc. Common Stock,Health Care,Biotechnology: Pharmaceutical Preparations,United States,1165114286.0,27.39,751860
AMPL,Amplitude Inc. Class A Common Stock,Technology,Computer Software: Prepackaged Software,United States,1661383678.0,13.3,972313
AMPX,Amprius Technologies Inc. Common Stock,Miscellaneous,Industrial Machinery/Components,United States,1402373933.0,9.6,15130487
AMPY,Amplify Energy Corp. Common Stock,Energy,Oil & Gas Production,United States,173702526.0,4.19,577717
AMR,Alpha Metallurgical Resources Inc. Common Stock,Energy,Coal Mining,United States,2225679559.0,175.54,243828
AMRC,Ameresco Inc. Class A Common Stock,Consumer Discretionary,Engineering & Construction,United States,1078305408.0,20.32,457077
AMRN,Amarin Corporation plc,Health Care,Biotechnology: Pharmaceutical Preparations,Ireland,279877551.0,13.25,22799
AMRX,Amneal Pharmaceuticals Inc. Class A Common Stock,Health Care,Biotechnology: Pharmaceutical Preparations,United States,7140068349.0,20.5,2989238
AMRZ,Amrize Ltd Ordinary Shares,Industrials,Building Materials,Switzerland,20810520754.0,38.05,3703627
AMS,American Shared Hospital Services Common Stock,Health Care,Medical Specialities,United States,9509500.0,1.43,11649
AMSC,American Superconductor Corporation Common Stock,Consumer Discretionary,Metal Fabrications,United States,1418870368.0,29.29,525668
AMSF,AMERISAFE Inc. Common Stock,Finance,Property-Casualty Insurers,United States,440416738.0,23.76,589897
AMSS,AMASS Brands Inc. Common Stock,Consumer Staples,Beverages (Production/Distribution),United States,6467512.0,0.5573,180484
AMST,Amesite Inc. Common Stock,Technology,Computer Software: Prepackaged Software,United States,6615350.0,1.01,60013
AMT,American Tower Corporation (REIT) Common Stock,Real Estate,Real Estate Investment Trusts,United States,78281288064.0,168.0,3251674
AMTB,Amerant Bancorp Inc. Class A Common Stock,Finance,Major Banks,United States,1148262839.0,29.3,324518
AMTD,AMTD IDEA Group American Depositary Shares each representing six (6) Class A Ordinary Shares,Finance,Finance: Consumer Services,,69625791.0,0.7275,3426
AMTM,Amentum Holdings Inc. Common Stock,Consumer Discretionary,Business Services,United States,4520923576.0,18.49,1191057
AMTX,Aemetis Inc. (DE) Common Stock,Industrials,Major Chemicals,United States,133152901.0,1.845,1053862
AMWL,American Well Corporation Class A Common Stock,Consumer Discretionary,Business Services,United States,228597708.0,13.44,92162
AMX,America Movil S.A.B. de C.V. American Depositary Shares (each representing the right to receive twenty (20) Series B Shares,Telecommunications,Telecommunications Equipment,Mexico,65191185000.0,21.66,2951615
AMZE,Amaze Holdings Inc. Common Stock,Consumer Discretionary,Catalog/Specialty Distribution,,2638422.0,0.1267,3544602
AMZN,Amazon.com Inc. Common Stock,Consumer Discretionary,Catalog/Specialty Distribution,United States,2655051085748.0,246.15,32596842
AN,AutoNation Inc. Common Stock,Consumer Discretionary,Retail-Auto Dealers and Gas Stations,United States,5334691656.0,161.36,488962
ANAB,AnaptysBio Inc. Common Stock,Health Care,Biotechnology: Pharmaceutical Preparations,United States,1504110835.0,50.8,412685
ANDE,Andersons Inc. (The) Common Stock,Industrials,Farming/Seeds/Milling,United States,2257676627.0,66.45,671379
ANDG,Andersen Group Inc. Class A Common Stock,Consumer Discretionary,Business Services,,5963530549.0,52.78,573728
ANET,Arista Networks Inc. Common Stock,Telecommunications,Computer Communications Equipment,United States,258450154868.0,204.92,3480808
ANF,Abercrombie & Fitch Company Common Stock,Consumer Discretionary,Clothing/Shoe/Accessory Stores,United States,5693844706.0,134.18,1259009
ANG^D,American National Group Inc. Depositary Shares each representing a 1/1000th interest in a share of 7.375% Fixed-Rate Non-Cumulative Preferred Stock Series D,Other,,United States,,24.09,56380
ANGH,Anghami Inc. Ordinary Shares,Consumer Discretionary,Telecommunications Equipment,United Arab Emirates,34361968.0,3.7907,411
ANGHW,Anghami Inc. Warrants,Consumer Discretionary,Telecommunications Equipment,United Arab Emirates,68893.0,0.0076,155
ANGI,Angi Inc. Class A Common Stock,Consumer Discretionary,Advertising,United States,225492756.0,5.56,980465
ANGO,AngioDynamics Inc. Common Stock,Health Care,Medical/Dental Instruments,United States,642305325.0,15.54,533585
ANGX,Angel Studios Inc. Class A Common Stock,Consumer Discretionary,Movies/Entertainment,United States,853476378.0,4.57,1429208
ANIK,Anika Therapeutics Inc. Common Stock,Health Care,Medical/Dental Instruments,United States,276759737.0,20.68,145028
ANIP,ANI Pharmaceuticals Inc.,Health Care,Biotechnology: Pharmaceutical Preparations,United States,1718058487.0,74.83,421745
ANIX,Anixa Biosciences Inc. Common Stock,Health Care,Biotechnology: Pharmaceutical Preparations,United States,96991008.0,2.79,305842
ANL,Adlai Nortye Group Ltd. American Depositary Shares,Health Care,Biotechnology: Pharmaceutical Preparations,Cayman Islands,991728245.0,15.4,63517
ANNA,AleAnna Inc. Class A Common Stock,Energy,Oil & Gas Production,United States,174029440.0,2.6,135919
ANNAW,AleAnna Inc. Warrant,Energy,Oil & Gas Production,United States,18032127.0,0.2694,29177
ANNX,Annexon Inc. Common Stock,Health Care,Biotechnology: Pharmaceutical Preparations,United States,760212327.0,4.01,5072646
ANPA,Rich Sparkle Holdings Limited Ordinary Shares,Consumer Discretionary,Other Consumer Services,Hong Kong,29448422.0,1.95,12749
ANRO,Alto Neuroscience Inc. Common Stock,Health Care,Biotechnology: Pharmaceutical Preparations,United States,1046194493.0,26.66,587037
ANTA,Antalpha Platform Holding Company Class A Ordinary Shares,Finance,Investment Bankers/Brokers/Service,Singapore,95504000.0,2.54,7561
ANTX,AN2 Therapeutics Inc. Common Stock,Health Care,Biotechnology: Pharmaceutical Preparations,United States,189058547.0,5.01,318464
ANVS,Annovis Bio Inc. Common Stock,Health Care,Biotechnology: Pharmaceutical Preparations,United States,58897101.0,1.38,1198632
AOD,abrdn Total Dynamic Dividend Fund Common Shares of Beneficial Interest,Finance,Investment Managers,United States,0.0,10.18,332029
AOMD,Angel Oak Mortgage REIT Inc. 9.750% Senior Notes due 2030,Finance,Real Estate,United States,0.0,24.85,13053
AOMN,Angel Oak Mortgage REIT Inc. 9.500% Senior Notes due 2029,Finance,Real Estate,United States,0.0,24.96,12610
AOMR,Angel Oak Mortgage REIT Inc. Common Stock,Finance,Real Estate,United States,171093643.0,7.37,136857
AON,Aon plc Class A Ordinary Shares (Ireland),Finance,Specialty Insurers,United States,57719330591.0,272.1,1852186
AORT,Artivion Inc. Common Stock,Health Care,Medical/Dental Instruments,United States,1118955272.0,22.95,446089
AOS,A.O. Smith Corporation Common Stock,Consumer Discretionary,Consumer Electronics/Appliances,United States,7934342492.0,58.38,1139048
AOSL,Alpha and Omega Semiconductor Limited Common Shares,Technology,Semiconductors,Bermuda,827893217.0,27.36,392920
AOUT,American Outdoor Brands Inc. Common Stock,Consumer Discretionary,Recreational Games/Products/Toys,United States,215570523.0,17.08,103593
AP,Ampco-Pittsburgh Corporation Common Stock,Industrials,Fluid Controls,United States,183448554.0,8.88,72430
APA,APA Corporation Common Stock,Energy,Oil & Gas Production,United States,14830379418.0,42.33,8029319
APAC,StoneBridge Acquisition II Corporation Class A Ordinary Shares,Finance,Blank Checks,United States,0.0,10.26,52
APACR,StoneBridge Acquisition II Corporation Rights,Other,,United States,0.0,0.0901,134
APAM,Artisan Partners Asset Management Inc. Class A Common Stock,Finance,Investment Managers,United States,2904833730.0,35.83,1018736
APC,ARKO Petroleum Corp. Class A Common Stock,Energy,Oil Refining/Marketing,United States,202506293.0,16.11,176026
APD,Air Products and Chemicals Inc. Common Stock,Basic Materials,Major Chemicals,United States,62073591488.0,278.75,1159215
APEI,American Public Education Inc. Common Stock,Real Estate,Other Consumer Services,United States,743408677.0,40.62,192197
APG,APi Group Corporation Common Stock,Consumer Discretionary,Diversified Commercial Services,United States,16573347390.0,38.35,2724501
APH,Amphenol Corporation Common Stock,Technology,Electrical Products,United States,208670120263.0,84.62,13939509
API,Agora Inc. American Depositary Shares,Technology,Computer Software: Prepackaged Software,China,347666250.0,4.15,100912
APLD,Applied Digital Corporation Common Stock,Technology,EDP Services,United States,7336784970.0,24.53,14992625
APLE,Apple Hospitality REIT Inc. Common Shares,Real Estate,Real Estate Investment Trusts,United States,3859952112.0,16.35,2023460
APLM,Apollomics Inc. Class A Ordinary Shares,Health Care,Biotechnology: Pharmaceutical Preparations,United States,69056384.0,23.845,2369
APLMW,Apollomics Inc. Warrant,Health Care,Biotechnology: Pharmaceutical Preparations,United States,33594.0,0.0116,6208
APMC,AmperCap Acquisition Company Ordinary Shares,Finance,Blank Checks,United States,0.0,9.96,12
APMCR,AmperCap Acquisition Company Right,Finance,Blank Checks,United States,0.0,0.09,300
APMCU,AmperCap Acquisition Company Unit,Finance,Blank Checks,United States,0.0,10.03,210
APMD,Apnimed Inc. Common Stock,Health Care,Biotechnology: Pharmaceutical Preparations,United States,902138981.0,21.67,283889
APO,Apollo Global Management Inc. (New) Common Stock,Finance,Investment Managers,United States,70274635921.0,119.0,3093028
APOG,Apogee Enterprises Inc. Common Stock,Consumer Discretionary,Auto Parts:O.E.M.,United States,759814585.0,36.41,165171
APOS,Apollo Global Management Inc. 7.625% Fixed-Rate Resettable Junior Subordinated Notes due 2053,Finance,Investment Managers,United States,14340872944.0,25.18,74021
APP,Applovin Corporation Class A Common Stock,Technology,Computer Software: Programming Data Processing,United States,103152824240.0,308.24,4171784
APPF,AppFolio Inc. Class A Common Stock,Technology,Computer Software: Prepackaged Software,United States,7009376887.0,197.91,293524
APPN,Appian Corporation Class A Common Stock,Technology,Computer Software: Prepackaged Software,United States,2508398447.0,35.02,952607
APPS,Digital Turbine Inc. Common Stock,Miscellaneous,Multi-Sector Companies,United States,1357802325.0,11.22,2874695
APRE,Aprea Therapeutics Inc. Common stock,Health Care,Biotechnology: Pharmaceutical Preparations,United States,9466016.0,0.7518,69816
APT,Alpha Pro Tech Ltd. Common Stock,Health Care,Industrial Specialties,Canada,51439339.0,5.04,24036
APTV,Aptiv PLC Ordinary Shares,Consumer Discretionary,Auto Parts:O.E.M.,United Kingdom,9061118565.0,43.64,2773241
APUR,Aperture AC Class A Ordinary Shares,Finance,Blank Checks,United States,0.0,10.03,18
APURR,Aperture AC Rights,Finance,Blank Checks,United States,0.0,0.3002,53
APUS,Apimeds Pharmaceuticals US Inc. Common Stock,Health Care,Biotechnology: Pharmaceutical Preparations,,9857367.0,6.39,858899
APVO,Aptevo Therapeutics Inc. Common Stock,Health Care,Biotechnology: Pharmaceutical Preparations,United States,3441763.0,1.91,47833
APWC,Asia Pacific Wire & Cable Corporation Ltd. Ordinary Shares (Bermuda),Industrials,Telecommunications Equipment,Taiwan,54839164.0,1.33,1720
APXT,Apex Treasury Corporation Class A Ordinary Share,Finance,Blank Checks,United States,0.0,10.14,2349
APXTU,Apex Treasury Corporation Units,Finance,Blank Checks,United States,0.0,10.3,3
APXTW,Apex Treasury Corporation Warrants,Finance,Blank Checks,United States,0.0,0.29,13
APYX,Apyx Medical Corporation Common Stock,Health Care,Medical/Dental Instruments,United States,105310058.0,2.5,362389
AQB,AquaBounty Technologies Inc. Common Stock,Consumer Staples,Meat/Poultry/Fish,United States,4882123.0,0.9485,34728
AQMS,Aqua Metals Inc. Common Stock,Industrials,Metal Fabrications,United States,8980098.0,2.52,27774
AQN,Algonquin Power & Utilities Corp. Common Shares,Utilities,Electric Utilities: Central,United States,3856435897.0,5.01,4089404
AQNB,Algonquin Power & Utilities Corp. 6.20% Fixed-to-Floating Subordinated Notes Series 2019-A due July 1 2079,Utilities,Electric Utilities: Central,United States,20045452526.0,26.1,75290
AQST,Aquestive Therapeutics Inc. Common Stock,Health Care,Biotechnology: Pharmaceutical Preparations,United States,596180328.0,4.75,1276863
AR,Antero Resources Corporation Common Stock,Energy,Oil & Gas Production,United States,10557455260.0,34.34,4180129
ARAI,Arrive AI Inc. Common Stock,Consumer Discretionary,Diversified Commercial Services,United States,9929106.0,0.1914,732317
ARAY,Accuray Incorporated Common Stock,Health Care,Medical/Dental Instruments,United States,35807904.0,0.2998,377451288
ARBB,ARB IOT Group Limited Ordinary Shares,Technology,EDP Services,Malaysia,7537643.0,4.27,1227
ARBE,Arbe Robotics Ltd. Ordinary Shares,Technology,EDP Services,Israel,76442436.0,0.6,1313255
ARBEW,Arbe Robotics Ltd. Warrant,Technology,EDP Services,Israel,2522600.0,0.0198,1890695
ARBK,Argo Blockchain plc American Depositary Shares,Finance,Finance: Consumer Services,United Kingdom,30193677.0,2.26,8311
ARCB,ArcBest Corporation Common Stock,Industrials,Trucking Freight/Courier Services,United States,2840186553.0,127.07,135116
ARCC,Ares Capital Corporation Common Stock,Finance,Finance: Consumer Services,United States,13735777025.0,19.13,3988661
ARCI,Archimedes Tech SPAC Partners III Co. Ordinary Share,Other,,United States,0.0,10.1,14
ARCIU,Archimedes Tech SPAC Partners III Co. Units,Finance,Blank Checks,United States,0.0,10.2451,37
ARCL,ARC Group Acquisition I Corp Class A Ordinary Shares,Finance,Blank Checks,United States,0.0,9.99,33
ARCLR,ARC Group Acquisition I Corp Right,Finance,Blank Checks,United States,0.0,0.1301,100
ARCO,Arcos Dorados Holdings Inc. Class A Shares,Consumer Discretionary,Restaurants,Argentina,1504134227.0,7.14,1527947
ARCT,Arcturus Therapeutics Holdings Inc. Common Stock,Health Care,Biotechnology: Pharmaceutical Preparations,Israel,410997578.0,14.46,825037
ARDC,Ares Dynamic Credit Allocation Fund Inc. Common Shares,Finance,Investment Managers,United States,261459454.0,11.41,117849
ARDT,Ardent Health Inc. Common Stock,Health Care,Hospital/Nursing Management,United States,1476750646.0,10.47,408695
ARDX,Ardelyx Inc. Common Stock,Health Care,Biotechnology: Pharmaceutical Preparations,United States,849729621.0,3.41,3318185
ARE,Alexandria Real Estate Equities Inc. Common Stock,Real Estate,Real Estate Investment Trusts,United States,8478886756.0,48.66,1869635
AREC,American Resources Corporation Class A Common Stock,Energy,Coal Mining,United States,195757428.0,1.83,1178442
ARES,Ares Management Corporation Class A Common Stock,Finance,Investment Managers,United States,39085007280.0,118.34,2455767
ARES^B,Ares Management Corporation 6.75% Series B Mandatory Convertible Preferred Stock,Other,,United States,,38.51,18607
ARGX,argenx SE American Depositary Shares,Health Care,Biotechnology: Biological Products (No Diagnostic Substances),Netherlands,60340642858.0,972.25,264852
ARHS,Arhaus Inc. Class A Common Stock,Consumer Discretionary,Other Specialty Stores,United States,1365069189.0,9.63,1496078
ARI,Apollo Commercial Real Estate Finance Inc,Real Estate,Real Estate Investment Trusts,United States,794914977.0,6.2,2699226
ARIS,Aris Mining Corporation Common Shares,Other,,,3612000000.0,17.5,3089079
ARKO,ARKO Corp. Common Stock,Consumer Staples,Food Chains,United States,477911171.0,4.26,670038
ARKR,Ark Restaurants Corp. Common Stock,Consumer Discretionary,Restaurants,United States,16119522.0,4.47,991
ARL,American Realty Investors Inc. Common Stock,Finance,Real Estate,United States,257463565.0,15.94,2371
ARLO,Arlo Technologies Inc. Common Stock,Consumer Discretionary,Diversified Commercial Services,United States,1355927630.0,12.6,1174446
ARLP,Alliance Resource Partners L.P. Common Units representing Limited Partners Interests,Energy,Coal Mining,United States,3194598029.0,24.83,297151
ARM,Arm Holdings plc American Depositary Shares,Technology,Semiconductors,United Kingdom,301478774549.0,283.33,9103996
ARMK,Aramark Common Stock,Consumer Discretionary,Restaurants,United States,14304294887.0,54.26,1878856
ARMP,Armata Pharmaceuticals Inc. Common Stock,Health Care,Biotechnology: Biological Products (No Diagnostic Substances),United States,140547881.0,3.78,85810
AROC,Archrock Inc. Common Stock,Utilities,Natural Gas Distribution,United States,5356581552.0,30.55,979169
AROW,Arrow Financial Corporation Common Stock,Finance,Major Banks,United States,700011492.0,37.79,134148
ARQ,Arq Inc. Common Stock,Industrials,Major Chemicals,United States,84061830.0,1.925,443065
ARQQ,Arqit Quantum Inc. Ordinary Shares,Technology,Computer Software: Prepackaged Software,United Kingdom,593592014.0,24.64,194768
ARQT,Arcutis Biotherapeutics Inc. Common Stock,Health Care,Biotechnology: Pharmaceutical Preparations,United States,3435161294.0,27.33,3065589
ARR,ARMOUR Residential REIT Inc.,Real Estate,Real Estate Investment Trusts,United States,2336021624.0,13.98,4648491
ARR^C,ARMOUR Residential REIT Inc. 7% Series C Cumulative Redeemable Preferred Stock (liquidation preference $25.00 per share),Other,,United States,,19.1,63703
ARRY,Array Technologies Inc. Common Stock,Technology,Semiconductors,United States,589849460.0,3.83,6578361
ARTC,Art Technology Acquisition Corp. Class A Ordinary Shares,Finance,Blank Checks,United States,0.0,10.0195,8942
ARTL,Artelo Biosciences Inc. Common Stock,Health Care,Biotechnology: Pharmaceutical Preparations,United States,2355428.0,4.3,157041
ARTNA,Artesian Resources Corporation Class A Common Stock,Utilities,Water Supply,United States,339659010.0,32.89,45614
ARTV,Artiva Biotherapeutics Inc. Common Stock,Health Care,Biotechnology: Biological Products (No Diagnostic Substances),United States,344675353.0,7.05,437545
ARTW,Art's-Way Manufacturing Co. Inc. Common Stock,Industrials,Industrial Machinery/Components,United States,16358359.0,3.145,4215
ARVN,Arvinas Inc. Common Stock,Health Care,Biotechnology: Pharmaceutical Preparations,United States,491050294.0,7.51,512169
ARW,Arrow Electronics Inc. Common Stock,Technology,Electronic Components,United States,11731663785.0,230.46,349424
ARWR,Arrowhead Pharmaceuticals Inc. Common Stock,Health Care,Biotechnology: Pharmaceutical Preparations,United States,9246517410.0,65.46,1589870
ARX,Accelerant Holdings Class A Common Shares,Finance,Specialty Insurers,Cayman Islands,4287302016.0,19.74,904625
ARXS,Arxis Inc. Class A Common Stock,Industrials,Military/Government/Technical,United States,20222458483.0,48.44,847139
AS,Amer Sports Inc. Ordinary Shares,Consumer Discretionary,Apparel,,15402773229.0,27.62,5428782
ASA,ASA  Gold and Precious Metals Limited,Industrials,Precious Metals,United States,994645088.0,54.6,38023
ASAN,Asana Inc. Class A Common Stock,Technology,Computer Software: Prepackaged Software,United States,1978301811.0,8.64,8529136
ASB,Associated Banc-Corp Common Stock,Finance,Major Banks,United States,5469086125.0,28.96,1558563
ASB^E,Associated Banc-Corp Depositary Shares each representing a 1/40th interest in a share of 5.875% Non-Cumulative Perpetual Preferred Stock Series E,Other,,United States,,19.21,8088
ASB^F,Associated Banc-Corp Depositary Shares each representing a 1/40th interest in a share of Associated Banc-Corp 5.625% Non-Cumulative Perpetual Preferred Stock Series F,Other,,United States,,18.65,6024
ASBA,Associated Banc-Corp 6.625% Fixed-Rate Reset Subordinated Notes due 2033,Finance,Major Banks,United States,3763466326.0,24.94,29316
ASBH,American Savings Bank N.A. Common Stock,Other,,,145352610.0,18.04,133532
ASBP,Aspire-Lakewood Holdings Inc. Common Stock,Health Care,Biotechnology: Pharmaceutical Preparations,United States,11921735.0,8.5,55885
ASBPW,Aspire-Lakewood Holdings Inc. Warrant,Health Care,Biotechnology: Pharmaceutical Preparations,United States,18654.0,0.0133,29546
ASC,Ardmore Shipping Corporation Common Stock,Consumer Discretionary,Marine Transportation,,740567444.0,18.15,934835
ASG,Liberty All-Star Growth Fund Inc.,Finance,Investment Managers,United States,0.0,5.06,313036
ASGI,abrdn Global Infrastructure Income Fund Common Shares of Beneficial Interest,Finance,Investment Managers,United States,0.0,19.05,431167
ASH,Ashland Inc. Common Stock,Consumer Discretionary,Specialty Chemicals,United States,3117154696.0,68.07,554470
ASIC,Ategrity Specialty Insurance Company Holdings Common Stock,Finance,Property-Casualty Insurers,,1273418477.0,26.57,85471
ASIX,AdvanSix Inc. Common Stock,Industrials,Major Chemicals,United States,426078715.0,15.78,279267
ASLE,AerSale Corporation Common Stock,Consumer Discretionary,Industrial Specialties,United States,253906379.0,5.32,491174
ASM,Avino Silver & Gold Mines Ltd. Common Shares (Canada),Basic Materials,Metal Mining,Canada,952888070.0,5.61,3146436
ASMB,Assembly Biosciences Inc. Common Stock,Health Care,Biotechnology: Pharmaceutical Preparations,United States,480713672.0,23.61,117464
ASML,ASML Holding N.V. New York Registry Shares,Technology,Industrial Machinery/Components,Netherlands,682732705958.0,1771.41,1374672
ASND,Ascendis Pharma A/S Ordinary Share,Health Care,Biotechnology: Pharmaceutical Preparations,Denmark,15108138984.0,230.05,747657
ASO,Academy Sports and Outdoors Inc. Common Stock,Consumer Discretionary,Other Specialty Stores,United States,2993349892.0,48.61,1207650
ASPC,A SPAC III Acquisition Corp. Class A Ordinary Shares,Finance,Blank Checks,China,0.0,10.8692,389
ASPCR,A SPAC III Acquisition Corp. Right,Finance,Blank Checks,China,0.0,0.0998,55
ASPCU,A SPAC III Acquisition Corp. Unit,Finance,Blank Checks,China,0.0,11.99,8
ASPI,ASP Isotopes Inc. Common Stock,Industrials,Major Chemicals,United States,398604388.0,2.6,8567701
ASPN,Aspen Aerogels Inc. Common Stock,Consumer Discretionary,RETAIL: Building Materials,United States,429052013.0,5.17,1077533
ASPS,Altisource Portfolio Solutions S.A. Common Stock,Consumer Discretionary,Other Consumer Services,Luxembourg,60527092.0,5.3,1013
ASPSW,Altisource Portfolio Solutions S.A. Net Settle Stakeholder Warrants,Consumer Discretionary,Other Consumer Services,Luxembourg,2512445.0,0.22,9630
ASPSZ,Altisource Portfolio Solutions S.A. Cash Exercise Stakeholder Warrants,Consumer Discretionary,Other Consumer Services,Luxembourg,1621669.0,0.142,19633
ASR,Grupo Aeroportuario del Sureste S.A. de C.V. Common Stock,Consumer Discretionary,Aerospace,Mexico,7318800000.0,243.96,69697
ASRV,AmeriServ Financial Inc. Common Stock,Finance,Major Banks,United States,78104628.0,4.6,6268
ASST,Strive Inc. Class A Common Stock,Finance,Finance: Consumer Services,United States,2813076821.0,29.0,7253422
ASTC,Astrotech Corporation (DE) Common Stock,Industrials,Biotechnology: Laboratory Analytical Instruments,United States,15349142.0,7.64,63628
ASTE,Astec Industries Inc. Common Stock,Industrials,Construction/Ag Equipment/Trucks,United States,946572837.0,41.11,152514
ASTH,Astrana Health Inc. Common Stock,Consumer Discretionary,Professional Services,United States,1742601378.0,35.13,363578
ASTI,Ascent Solar Technologies Inc. Common Stock,Technology,Semiconductors,United States,26700692.0,2.72,285867
ASTL,Algoma Steel Group Inc. Common Shares,Industrials,Steel/Iron Ore,Canada,458440493.0,4.35,647406
ASTLW,Algoma Steel Group Inc. Warrant,Industrials,Steel/Iron Ore,Canada,1032808.0,0.0098,1251
ASTS,AST SpaceMobile Inc. Class A Common Stock,Consumer Discretionary,Telecommunications Equipment,United States,23739217134.0,61.0,7548311
ASUR,Asure Software Inc Common Stock,Technology,EDP Services,United States,222948412.0,7.72,114722
ASX,ASE Technology Holding Co. Ltd. American Depositary Shares (each representing Two Common Shares),Technology,Semiconductors,Taiwan,97515898058.0,43.79,6658173
ASYS,Amtech Systems Inc. Common Stock,Technology,Industrial Machinery/Components,United States,277503401.0,15.85,227047
ATAT,Atour Lifestyle Holdings Limited American Depositary Shares,Consumer Discretionary,Hotels/Resorts,China,4458135533.0,32.77,791716
ATCH,AtlasClear Holdings Inc. Common Stock,Finance,Finance: Consumer Services,,27786490.0,0.183,4905849
ATCX,Atlas Critical Minerals Corporation Common Stock,Basic Materials,Precious Metals,Brazil,14894174.0,2.93,26286
ATEC,Alphatec Holdings Inc. Common Stock,Health Care,Medical/Dental Instruments,United States,1552233314.0,10.05,1706630
ATEN,A10 Networks Inc. Common Stock,Telecommunications,Computer Communications Equipment,United States,1851530036.0,25.5,2125861
ATER,Aterian Inc. Common Stock,Consumer Discretionary,Home Furnishings,United States,11651541.0,0.6485,106361
ATEX,Anterix Inc. Common Stock,Telecommunications,Telecommunications Equipment,United States,1603100006.0,81.75,188827
ATGL,Alpha Technology Group Limited Class A Ordinary Shares,Technology,EDP Services,China,90543750.0,5.5,838
ATH^A,Athene Holding Ltd. Depositary Shares Each Representing a 1/1000th Interest in a 6.35% Fixed-to-Floating Rate Perpetual Non-Cumulative Preference Share Series A,Other,,Bermuda,,23.44,232153
ATH^B,Athene Holding Ltd. Depositary Shares Each Representing a 1/1000th Interest in a 5.625% Fixed Rate Perpetual Non- Cumulative Preference Share Series B par value $1.00 per share,Other,,Bermuda,,17.045,29469
ATH^D,Athene Holding Ltd. Depositary Shares Each Representing a 1/1000th Interest in a 4.875% Fixed-Rate Perpetual Non-Cumulative Preference Share Series D,Other,,Bermuda,,15.03,72963
ATH^E,Athene Holding Ltd. Depositary Shares Each Representing a 1/1000th Interest in a 7.750% Fixed-Rate Reset Perpetual Non-Cumulative Preference Share Series E,Other,,Bermuda,,24.77,90682
ATHE,Alterity Therapeutics Limited American Depositary Shares,Health Care,Biotechnology: Pharmaceutical Preparations,Australia,63729288.0,3.5,10417
ATHM,Autohome Inc. American Depositary Shares each representing four class A ordinary shares.,Technology,EDP Services,China,2442775022.0,21.21,212627
ATHR,Aether Holdings Inc. Common Stock,Technology,Computer Software: Prepackaged Software,United States,42708378.0,3.4898,2527
ATHS,Athene Holding Ltd. 7.250% Fixed-Rate Reset Junior Subordinated Debentures due 2064,Finance,Life Insurance,Bermuda,4872977550.0,23.91,46245
ATI,ATI Inc. Common Stock,Industrials,Steel/Iron Ore,United States,24601903097.0,180.67,1570901
ATII,Archimedes Tech SPAC Partners II Co. Ordinary Shares,Other,,United States,0.0,10.685,317658
ATIIW,Archimedes Tech SPAC Partners II Co. Warrant,Finance,Blank Checks,United States,0.0,1.3,59049
ATKR,Atkore Inc. Common Stock,Miscellaneous,Industrial Machinery/Components,United States,3194883230.0,94.6,2031941
ATLC,Atlanticus Holdings Corporation Common Stock,Finance,Finance: Consumer Services,United States,1321310310.0,87.1,77706
ATLCL,Atlanticus Holdings Corporation 6.125% Senior Notes due 2026,Finance,Finance: Consumer Services,United States,381993214.0,25.255,6333
ATLCP,Atlanticus Holdings Corporation 7.625% Series B Cumulative Perpetual Preferred Stock no par value per share,Finance,Finance: Consumer Services,United States,364080912.0,24.0,503
ATLCZ,Atlanticus Holdings Corporation 9.25% Senior Notes due 2029,Finance,Finance: Consumer Services,United States,385698950.0,25.5,36518
ATLO,Ames National Corporation Common Stock,Finance,Major Banks,United States,281571024.0,31.79,15928
ATLQ,JAB Acquisition Corp I Class A Ordinary Shares,Finance,Blank Checks,United States,0.0,9.98,994
ATLX,Atlas Lithium Corporation Common Stock,Industrials,Mining & Quarrying of Nonmetallic Minerals (No Fuels),United States,75851509.0,2.52,361052
ATMU,Atmus Filtration Technologies Inc. Common Stock,Consumer Discretionary,Auto Parts:O.E.M.,United States,3593467009.0,44.04,676174
ATNI,ATN International Inc. Common Stock,Telecommunications,Telecommunications Equipment,United States,440073909.0,28.57,71398
ATNM,Actinium Pharmaceuticals Inc. (Delaware) Common Stock,Health Care,Biotechnology: Pharmaceutical Preparations,United States,37100894.0,1.18,75383
ATO,Atmos Energy Corporation Common Stock,Utilities,Oil/Gas Transmission,United States,26539652249.0,157.05,1040058
ATOM,Atomera Incorporated Common Stock,Technology,Semiconductors,United States,161949774.0,4.15,338823
ATOS,Atossa Therapeutics Inc. Common Stock,Health Care,Biotechnology: Pharmaceutical Preparations,United States,19559424.0,1.96,152947
ATPC,Agape ATP Corporation Common Stock,Health Care,Medical/Nursing Services,Malaysia,2201377.0,2.2,9984
ATR,AptarGroup Inc. Common Stock,Industrials,Plastic Products,United States,7912671504.0,124.45,713369
ATRA,Atara Biotherapeutics Inc. Common Stock,Health Care,Biotechnology: Biological Products (No Diagnostic Substances),United States,84015633.0,8.37,23537
ATRC,AtriCure Inc. Common Stock,Health Care,Medical/Dental Instruments,United States,2971100233.0,58.41,1161841
ATRO,Astronics Corporation Common Stock,Industrials,Military/Government/Technical,United States,2909563180.0,67.65,529718
ATS,ATS Corporation Common Shares,Industrials,Industrial Machinery/Components,Canada,1825680792.0,18.82,303131
ATTO,Attovia Therapeutics Inc. Common Stock,Health Care,Biotechnology: Biological Products (No Diagnostic Substances),United States,805744774.0,17.65,403127
ATTT,Atlas Trinity Tech Limited Ordinary Shares,Consumer Discretionary,Consumer Electronics/Appliances,Hong Kong,16011612.0,2.7255,37548
ATXG,Addentax Group Corp. Common Stock,Consumer Discretionary,Professional Services,China,4016891.0,3.41,3327
ATYR,aTyr Pharma Inc. Common Stock,Health Care,Biotechnology: Biological Products (No Diagnostic Substances),United States,29200626.0,0.2977,4132573
AU,AngloGold Ashanti PLC Ordinary Shares,Basic Materials,Precious Metals,South Africa,46920213879.0,92.77,3450383
AUB,Atlantic Union Bankshares Corporation Common Stock,Finance,Major Banks,United States,5505514241.0,38.55,1112526
AUB^A,Atlantic Union Bankshares Corporation Depositary Shares each representing a 1/400th ownership interest in a share of 6.875% Perpetual Non-Cumulative Preferred Stock Series A,Other,,United States,,23.34,7530
AUBN,Auburn National Bancorporation Inc. Common Stock,Finance,Major Banks,United States,93413869.0,26.81,2197
AUC,ATIF Holdings Limited Ordinary Shares,Consumer Discretionary,Professional Services,United States,205351348.0,9.28,6856
AUDC,AudioCodes Ltd. Common Stock,Utilities,Telecommunications Equipment,Israel,259433457.0,10.55,157020
AUGO,Aura Minerals Inc. Common Shares,Basic Materials,Metal Mining,United States,6512098412.0,77.72,1158456
AUID,authID Inc. Common Stock,Technology,Computer Software: Prepackaged Software,United States,6198230.0,0.3707,292396
AUNA,Auna SA Class A Ordinary Shares,Health Care,Medical/Nursing Services,Peru,371545084.0,5.02,195531
AUPH,Aurinia Pharmaceuticals Inc Ordinary Shares,Health Care,Biotechnology: Pharmaceutical Preparations,Canada,2198005295.0,16.52,626279
AUR,Aurora Innovation Inc. Class A Common Stock,Technology,EDP Services,United States,10601981368.0,5.29,46517700
AURA,Aura Biosciences Inc. Common Stock,Health Care,Biotechnology: Biological Products (No Diagnostic Substances),United States,637784575.0,6.15,483671
AURE,Aurelion Inc. Class A Ordinary Shares,Finance,Finance: Consumer Services,Hong Kong,43616000.0,1.16,3013
AUROW,Aurora Innovation Inc. Warrant,Technology,EDP Services,United States,70145434.0,0.035,42380
AUST,Austin Gold Corp. Common Shares,Basic Materials,Precious Metals,,14514581.0,1.06,34433
AUTL,Autolus Therapeutics plc American Depositary Share,Health Care,Biotechnology: Biological Products (No Diagnostic Substances),United Kingdom,495062324.0,1.86,1399653
AUUD,Auddia Inc. Common Stock,Technology,EDP Services,United States,7021691.0,1.21,254904
AUXX,Gold X2 Mining Inc. Common Shares,Other,,,511995128.0,5.06,34298
AVA,Avista Corporation Common Stock,Utilities,Power Generation,United States,2913760956.0,34.79,620192
AVAH,Aveanna Healthcare Holdings Inc. Common Stock,Health Care,Medical/Nursing Services,United States,2769207942.0,12.69,2074777
AVAL,Grupo Aval Acciones y Valores S.A. ADR (Each representing 20 preferred shares),Finance,Commercial Banks,,5686562445.0,4.79,136122
AVAT,Avalanche Treasury Corporation Class A Common Stock,Finance,Finance: Consumer Services,United States,73013141.0,1.67,2376672
AVAV,AeroVironment Inc. Common Stock,Industrials,Aerospace,United States,7482331955.0,147.23,1097037
AVBC,Avidia Bancorp Inc. Common Stock,Finance,Banks,United States,433555343.0,21.71,87506
AVBH,Avidbank Holdings Inc. Common stock,Finance,Commercial Banks,United States,344991107.0,31.41,44685
AVBP,ArriVent BioPharma Inc. Common Stock,Health Care,Biotechnology: Pharmaceutical Preparations,United States,1444716460.0,29.3,1016635
AVD,American Vanguard Corporation Common Stock ($0.10 Par Value),Industrials,Agricultural Chemicals,United States,52806131.0,1.79,377135
AVEX,AEVEX Corp. Class A Common Stock,Industrials,Aerospace,,1755101763.0,15.39,1107436
AVGO,Broadcom Inc. Common Stock,Technology,Semiconductors,United States,1668717791908.0,349.57,21528239
AVIR,Atea Pharmaceuticals Inc. Common Stock,Health Care,Biotechnology: Pharmaceutical Preparations,United States,417064435.0,5.2,238382
AVK,Advent Convertible and Income Fund,Finance,Trusts Except Educational Religious and Charitable,United States,0.0,11.4,232961
AVLN,Avalyn Pharma Inc. Common Stock,Health Care,Biotechnology: Pharmaceutical Preparations,United States,1255513250.0,28.32,205871
AVNT,Avient Corporation Common Stock,Industrials,Major Chemicals,United States,3777928265.0,41.19,783954
AVNW,Aviat Networks Inc. Common Stock,Technology,Radio And Television Broadcasting And Communications Equipment,United States,254729480.0,19.81,91853
AVO,Mission Produce Inc. Common Stock,Consumer Staples,Farming/Seeds/Milling,United States,1148587092.0,13.1,785000
AVPT,AvePoint Inc. Class A Common Stock,Technology,Computer Software: Prepackaged Software,United States,2892099373.0,13.67,3553090
AVR,Anteris Technologies Global Corp. Common Stock,Health Care,Industrial Specialties,United States,754328589.0,7.74,707198
AVT,Avnet Inc. Common Stock,Technology,Electronic Components,United States,8326303720.0,101.45,1031939
AVTR,Avantor Inc. Common Stock,Industrials,Biotechnology: Laboratory Analytical Instruments,United States,10341526664.0,15.29,9436708
AVTX,Avalo Therapeutics Inc. Common Stock,Health Care,Biotechnology: Pharmaceutical Preparations,United States,808740234.0,15.08,749664
AVX,Avax One Technology Ltd. Common Shares,Finance,Finance: Consumer Services,Canada,46751461.0,6.32,380857
AVXL,Anavex Life Sciences Corp. Common Stock,Health Care,Biotechnology: Biological Products (No Diagnostic Substances),United States,217837579.0,2.35,522554
AVY,Avery Dennison Corporation Common Stock,Consumer Discretionary,Containers/Packaging,United States,13027223728.0,171.89,643997
AWF,Alliancebernstein Global High Income Fund,Finance,Trusts Except Educational Religious and Charitable,United States,0.0,9.7,280762
AWI,Armstrong World Industries Inc Common Stock,Industrials,Plastic Products,United States,6962800584.0,164.75,410264
AWK,American Water Works Company Inc. Common Stock,Utilities,Water Supply,United States,25622128552.0,128.93,1744517
AWP,abrdn Global Premier Properties Fund Common Shares of Beneficial Interest,Finance,Trusts Except Educational Religious and Charitable,United States,0.0,10.5,157882
AWR,American States Water Company Common Stock,Utilities,Water Supply,United States,3224358175.0,81.35,225556
AWRE,Aware Inc. Common Stock,Technology,Computer Software: Prepackaged Software,United States,23993901.0,1.1,30298
AWX,Avalon Holdings Corporation Common Stock,Utilities,Environmental Services,United States,9982543.0,2.56,2001
AX,Axos Financial Inc. Common Stock,Finance,Savings Institutions,United States,4987584023.0,87.72,356369
AXG,Solowin Holdings Class A Ordinary Share,Finance,Investment Bankers/Brokers/Service,Hong Kong,29528498.0,0.1469,40068874
AXGN,Axogen Inc. Common Stock,Health Care,Biotechnology: Electromedical & Electrotherapeutic Apparatus,United States,2543996804.0,43.36,885873
AXIL,AXIL Brands Inc. Common Stock,Consumer Discretionary,Package Goods/Cosmetics,,42368849.0,6.21,12002
AXIN,Axiom Intelligence Acquisition Corp 1 Class A Ordinary Shares,Finance,Blank Checks,United Kingdom,0.0,10.34,68576
AXINR,Axiom Intelligence Acquisition Corp 1 Right,Finance,Blank Checks,United Kingdom,0.0,0.1849,45
AXINU,Axiom Intelligence Acquisition Corp 1 Units,Finance,Blank Checks,United Kingdom,0.0,10.53,15
AXON,Axon Enterprise Inc. Common Stock,Industrials,Ordnance And Accessories,United States,34505592021.0,424.75,939772
AXP,American Express Company Common Stock,Finance,Finance: Consumer Services,United States,206867661143.0,306.33,3547142
AXR,AMREP Corporation Common Stock,Real Estate,Homebuilding,United States,118637636.0,22.28,1915
AXS,Axis Capital Holdings Limited Common Stock,Finance,Property-Casualty Insurers,Bermuda,6891668641.0,94.45,701133
AXS^E,Axis Capital Holdings Limited Depositary Shares each representing 1/100th interest in a share of a 5.50% Series E Preferred Shares,Other,,Bermuda,,17.82,40900
AXSM,Axsome Therapeutics Inc. Common Stock,Health Care,Biotechnology: Pharmaceutical Preparations,United States,10156116802.0,193.89,707486
AXTA,Axalta Coating Systems Ltd. Common Shares,Consumer Discretionary,Paints/Coatings,United States,6994173502.0,32.68,1300134
AXTI,AXT Inc Common Stock,Technology,Semiconductors,United States,4830778528.0,73.67,7016366
AYA,Aya Gold & Silver Inc. Common Shares,Basic Materials,Precious Metals,Canada,3821279537.0,26.53,1458971
AYI,Acuity Inc. Common Stock,Consumer Discretionary,Building Products,United States,9157583183.0,305.91,639147
AYTU,Aytu BioPharma Inc.  Common Stock,Health Care,Biotechnology: Pharmaceutical Preparations,United States,23580756.0,2.17,16846
AZ,A2Z Cust2Mate Solutions Corp. Common Shares,Industrials,Industrial Machinery/Components,Canada,235101334.0,5.34,323215
AZI,Autozi Internet Technology (Global) Ltd. Class A Ordinary Shares,Consumer Discretionary,Automotive Aftermarket,China,78956576.0,1.19,25891
AZIO,Azio AI Holdings Inc. Common Stock,Consumer Discretionary,Auto Parts:O.E.M.,United States,21853967.0,1.27,66392
AZN,AstraZeneca PLC Ordinary Shares,Health Care,Biotechnology: Pharmaceutical Preparations,United Kingdom,257653103134.0,166.15,1726648
AZO,AutoZone Inc. Common Stock,Consumer Discretionary,Auto & Home Supply Stores,United States,47560330214.0,2913.28,437211
AZTA,Azenta Inc.,Technology,Industrial Machinery/Components,United States,1500437460.0,34.25,737010
AZTR,Azitra Inc Common Stock,Health Care,Biotechnology: Pharmaceutical Preparations,,10272334.0,0.1695,617085
AZUL,Azul S.A. American Depositary Shares each representing two (2) Common Shares,Consumer Discretionary,Air Freight/Delivery Services,,1265996469.0,6.87,324224
AZZ,AZZ Inc.,Industrials,Industrial Specialties,United States,4060859330.0,135.13,223645
B,Barrick Mining Corporation Common Shares,Basic Materials,Precious Metals,Canada,67629390777.0,41.09,9859239
BA,Boeing Company (The) Common Stock,Industrials,Aerospace,United States,145736327988.0,184.39,18053665
BA^A,Boeing Company (The) Depositary Shares each representing a 1/20th interest in a share of 6.00% Series A Mandatory Convertible Preferred Stock par value $1.00,Other,,United States,,58.53,1487613
BABA,Alibaba Group Holding Limited American Depositary Shares each representing eight Ordinary share,Consumer Discretionary,Business Services,China,263469579318.0,108.76,5876172
BAC,Bank of America Corporation Common Stock,Finance,Major Banks,United States,387887751807.0,55.47,29170542
BAC^B,Bank of America Corporation Depositary Shares each representing a 1/1000th interest in a share of 6.000% Non-Cumulative Preferred Stock Series GG,Other,,United States,,22.67,457897
BAC^E,Bank of America Corporation Depositary Sh repstg 1/1000th Perp Pfd Ser E,Other,,United States,,18.72,14949
BAC^K,Bank of America Corporation Depositary Shares each representing a 1/1000th interest in a share of 5.875% Non- Cumulative Preferred Stock Series HH,Other,,United States,,22.01,88887
BAC^L,Bank of America Corporation Non Cumulative Perpetual Conv Pfd Ser L,Other,,United States,,1230.42,43794
BAC^M,Bank of America Corporation Depositary Shares each representing a 1/1000th interest in a share of 5.375% Non-Cumulative Preferred Stock Series KK,Other,,United States,,19.48,146793
BAC^N,Bank of America Corporation Depositary shares each representing 1/1000th interest in a share of 5.000% Non-Cumulative Preferred Stock Series LL,Other,,United States,,18.28,111435
BAC^O,Bank of America Corporation Depositary shares each representing 1/1000th interest in a share of 4.375% Non-Cumulative Preferred Stock Series NN,Other,,United States,,16.01,86564
BAC^P,Bank of America Corporation Depositary Shares each representing a 1/1000th interest in a share of 4.125% Non-Cumulative Preferred Stock Series PP,Other,,United States,,15.57,192819
BAC^Q,Bank of America Corporation Depositary shares each representing 1/1000th interest in a share of 4.250% Non-Cumulative Preferred Stock Series QQ,Other,,United States,,15.58,261555
BAC^S,Bank of America Corporation Depositary shares each representing 1/1000th interest in a share of 4.750% Non-Cumulative Preferred Stock Series SS,Other,,United States,,17.43,56545
BACC,Blue Acquisition Corp. Class A Ordinary Shares,Finance,Blank Checks,United States,0.0,10.48,437400
BACCU,Blue Acquisition Corp. Unit,Finance,Blank Checks,United States,0.0,10.91,289
BAER,Bridger Aerospace Group Holdings Inc. Common Stock,Industrials,Aerospace,United States,44119605.0,0.75,648296
BAFN,BayFirst Financial Corp. Common Stock,Finance,Major Banks,United States,173640529.0,6.44,73873
BAH,Booz Allen Hamilton Holding Corporation Common Stock,Consumer Discretionary,Professional Services,United States,8450019353.0,70.25,2061956
BAK,Braskem SA ADR,Industrials,Major Chemicals,Brazil,593919836.0,1.49,2083176
BALL,Ball Corporation Common Stock,Industrials,Containers/Packaging,United States,15122502785.0,57.13,2014544
BALY,Bally's Corporation Common Stock,Consumer Discretionary,Hotels/Resorts,United States,706573308.0,14.0,147211
BAM,Brookfield Asset Management Inc Class A Limited Voting Shares,Real Estate,Building operators,,71077047301.0,44.5,4033726
BANC,Banc of California Inc. Common Stock,Finance,Major Banks,United States,2789406342.0,17.66,1955269
BANC^F,Banc of California Inc. Depositary Shares each representing a 1/40th interest in a share of 7.75% non-cumulative perpetual preferred stock Series F,Other,,United States,,24.8,298373
BAND,Bandwidth Inc. Class A Common Stock,Technology,Computer Software: Prepackaged Software,United States,1963349876.0,61.01,716158
BANF,BancFirst Corporation Common Stock,Finance,Major Banks,United States,3604809351.0,107.29,158315
BANFP,BancFirst Corporation - BFC Capital Trust II Cumulative Trust Preferred Securities,Finance,Major Banks,United States,902462291.0,26.86,85
BANL,CBL International Limited Class B Ordinary Shares,Energy,Oil Refining/Marketing,Malaysia,9371847.0,4.465,15986
BANR,Banner Corporation Common Stock,Finance,Major Banks,United States,2497712806.0,68.17,238269
BANX,ArrowMark Financial Corp. Common Stock,Finance,Trusts Except Educational Religious and Charitable,United States,140205837.0,19.74,65821
BAOS,Baosheng Media Group Holdings Limited Ordinary shares,Consumer Discretionary,Business Services,China,8352465.0,0.2503,226690
BAP,Credicorp Ltd. Common Stock,Finance,Commercial Banks,Peru,36426855246.0,385.95,199074
BARK,BARK Inc. Class A Common Stock,Consumer Discretionary,Other Specialty Stores,United States,73984013.0,8.19,34390
BATL,Battalion Oil Corporation Common Stock,Energy,Oil & Gas Production,United States,60719084.0,1.06,2761550
BATRA,Atlanta Braves Holdings Inc. Series A Common Stock,Consumer Discretionary,Services-Misc. Amusement & Recreation,United States,3825048340.0,59.61,56998
BATRK,Atlanta Braves Holdings Inc. Series C Common Stock,Consumer Discretionary,Services-Misc. Amusement & Recreation,United States,3483675128.0,54.29,482959
BAX,Baxter International Inc. Common Stock,Health Care,Medical/Dental Instruments,United States,12144236017.0,23.49,6171735
BB,BlackBerry Limited Common Stock,Technology,Computer Software: Prepackaged Software,Canada,5165884055.0,8.8,30563006
BBAI,BigBear.ai Inc. Common Stock,Technology,Computer Software: Prepackaged Software,United States,1275455351.0,2.66,12745211
BBAR,Banco BBVA Argentina S.A. ADS,Finance,Commercial Banks,Argentina,2563170497.0,12.55,643415
BBBYW,Neighborhood Intelligence Inc. Warrants,Consumer Discretionary,Catalog/Specialty Distribution,United States,56095339.0,0.5874,170066
BBCP,Concrete Pumping Holdings Inc. Common Stock,Consumer Discretionary,Engineering & Construction,United States,498894858.0,9.9,144610
BBD,Banco Bradesco Sa American Depositary Shares,Finance,Major Banks,Brazil,37470400671.0,3.35,27293323
BBDC,Barings BDC Inc. Common Stock,Finance,Diversified Financial Services,United States,904667478.0,8.64,426617
BBDO,Banco Bradesco Sa American Depositary Shares (each representing one Common Share),Finance,Major Banks,Brazil,34002990459.0,3.04,76688
BBGI,Beasley Broadcast Group Inc. Class A Common Stock,Consumer Discretionary,Broadcasting,United States,27031637.0,14.59,60798
BBIO,BridgeBio Pharma Inc. Common Stock,Health Care,Biotechnology: Pharmaceutical Preparations,United States,13021420643.0,66.61,2969334
BBLG,Bone Biologics Corp Common Stock,Health Care,Industrial Specialties,United States,1367831.0,0.4963,33446
BBN,BlackRock Taxable Municipal Bond Trust Common Shares of Beneficial Interest,Finance,Finance Companies,United States,0.0,14.32,302070
BBNX,Beta Bionics Inc. Common Stock,Health Care,Medical/Dental Instruments,United States,1080211029.0,20.52,1760547
BBOT,BridgeBio Oncology Therapeutics Inc. Common Stock,Health Care,Biotechnology: Pharmaceutical Preparations,United States,305463957.0,3.81,476634
BBSI,Barrett Business Services Inc. Common Stock,Consumer Discretionary,Professional Services,United States,747655303.0,30.85,513108
BBT,Beacon Financial Corporation Common stock,Finance,Banks,United States,2330925352.0,27.81,1416671
BBUC,Brookfield Business Corporation Class A Subordinate Voting Shares,Consumer Discretionary,Engineering & Construction,,5266107000.0,25.33,278657
BBVA,Banco Bilbao Vizcaya Argentaria S.A. Common Stock,Finance,Commercial Banks,Spain,164418298560.0,28.8,2173651
BBW,Build-A-Bear Workshop Inc. Common Stock,Consumer Discretionary,Recreational Games/Products/Toys,United States,312418336.0,25.36,460445
BBWI,Bath & Body Works Inc.,Consumer Discretionary,Other Specialty Stores,United States,3264637617.0,16.19,8833300
BBY,Best Buy Co. Inc. Common Stock,Consumer Discretionary,Consumer Electronics/Video Chains,United States,18856617327.0,89.91,2687883
BC,Brunswick Corporation Common Stock,Industrials,Industrial Machinery/Components,United States,4285053914.0,66.13,805071
BC^C,Brunswick Corporation 6.375% Notes due 2049,Other,,United States,,23.45,7595
BCAL,California BanCorp Common Stock,Finance,Major Banks,United States,694130180.0,21.59,139045
BCAT,BlackRock Capital Allocation Term Trust Common Shares of Beneficial Interest,Finance,Finance/Investors Services,United States,1466310600.0,13.56,838103
BCAX,Bicara Therapeutics Inc. Common Stock,Health Care,Biotechnology: Pharmaceutical Preparations,United States,1244051159.0,18.8,775266
BCBP,BCB Bancorp Inc. (NJ) Common Stock,Finance,Savings Institutions,United States,356978078.0,8.55,279088
BCC,Boise Cascade L.L.C. Common Stock,Consumer Discretionary,RETAIL: Building Materials,United States,2672328573.0,76.59,467591
BCCQ,Bleichroeder Acquisition Corp. III Class A Ordinary Shares,Finance,Blank Checks,United States,0.0,9.96,11830
BCCQU,Bleichroeder Acquisition Corp. III Units,Finance,Blank Checks,United States,0.0,10.299,243
BCCQW,Bleichroeder Acquisition Corp. III Warrant,Finance,Blank Checks,United States,0.0,0.83,2808
BCDA,BioCardia Inc. Common Stock,Health Care,Biotechnology: Biological Products (No Diagnostic Substances),United States,15744333.0,1.04,159208
BCE,BCE Inc. Common Stock,Telecommunications,Telecommunications Equipment,Canada,19172730798.0,20.56,4324736
BCG,Binah Capital Group Inc. Common Stock,Finance,Finance: Consumer Services,United States,19619151.0,1.15,19919
BCGWW,Binah Capital Group Inc. Warrants,Finance,Finance: Consumer Services,United States,1151559.0,0.0675,1365
BCH,Banco De Chile ADS,Finance,Commercial Banks,Chile,20935790079.0,41.45,190529
BCHT,Birchtech Corp. Common Stock,Industrials,Industrial Machinery/Components,,41300367.0,1.57,145690
BCIC,BCP Investment Corporation Common Stock,Finance,Finance: Consumer Services,United States,84023079.0,6.785,34706
BCML,BayCom Corp Common Stock,Finance,Major Banks,United States,337104012.0,30.87,76823
BCO,Brinks Company (The) Common Stock,Industrials,Integrated Freight & Logistics,United States,4314614162.0,104.75,431824
BCPC,Balchem Corporation Common Stock,Industrials,Major Chemicals,United States,5377184582.0,168.68,172580
BCRX,BioCryst Pharmaceuticals Inc. Common Stock,Health Care,Biotechnology: Biological Products (No Diagnostic Substances),United States,2164382339.0,8.47,4355004
BCS,Barclays PLC Common Stock,Finance,Commercial Banks,United Kingdom,82696206431.0,24.61,3088748
BCSF,Bain Capital Specialty Finance Inc. Common Stock,Finance,Finance/Investors Services,United States,721986483.0,11.13,564343
BCSS,Bain Capital GSS Investment Corp. Class A Ordinary Shares,Other,,,0.0,10.29,783
BCTX,BriaCell Therapeutics Corp. Common Shares,Health Care,Biotechnology: Pharmaceutical Preparations,Canada,36147615.0,4.155,294193
BCTXL,BriaCell Therapeutics Corp. Warrant expiring 2031,Health Care,Biotechnology: Pharmaceutical Preparations,Canada,9569766.0,1.1,5611
BCTXZ,BriaCell Therapeutics Corp. Warrant expiring 2030,Health Care,Biotechnology: Pharmaceutical Preparations,Canada,1696458.0,0.195,6117
BCV,Bancroft Fund Ltd.,Finance,Finance/Investors Services,United States,0.0,23.05,7554
BCV^A,Bancroft Fund Limited 5.375% Series A Cumulative Preferred Shares,Other,,United States,,19.15,3746
BCX,BlackRock Resources Common Shares of Beneficial Interest,Finance,Finance/Investors Services,United States,1016598960.0,11.98,174775
BCYC,Bicycle Therapeutics plc American Depositary Shares,Health Care,Biotechnology: Pharmaceutical Preparations,United Kingdom,259673551.0,3.71,442537
BDC,Belden Inc Common Stock,Industrials,Telecommunications Equipment,United States,4291566936.0,109.82,407110
BDCI,BTC Development Corp. Class A Ordinary Shares,Finance,Blank Checks,United States,0.0,10.15,4288
BDCIU,BTC Development Corp. Unit,Finance,Blank Checks,United States,0.0,10.3,7
BDJ,Blackrock Enhanced Equity Dividend Trust,Finance,Finance Companies,United States,1670775764.0,9.44,647426
BDL,Flanigan's Enterprises Inc. Common Stock,Consumer Discretionary,Restaurants,United States,83081521.0,44.7,39727
BDMD,Baird Medical Investment Holdings Ltd Ordinary Share,Health Care,Medical/Dental Instruments,China,32606269.0,0.7725,46133
BDN,Brandywine Realty Trust Common Stock,Real Estate,Real Estate Investment Trusts,United States,492306850.0,2.82,1689151
BDRX,Biodexa Pharmaceuticals plc American Depositary Shs,Health Care,Biotechnology: Pharmaceutical Preparations,United Kingdom,2850186.0,0.6796,162749
BDSX,Biodesix Inc. Common Stock,Health Care,Medical Specialities,United States,320965010.0,30.42,204746
BDTX,Black Diamond Therapeutics Inc. Common Stock,Health Care,Biotechnology: Biological Products (No Diagnostic Substances),United States,105140357.0,1.83,648352
BDX,Becton Dickinson and Company Common Stock,Health Care,Medical/Dental Instruments,United States,50072865444.0,183.83,1885643
BE,Bloom Energy Corporation Class A Common Stock,Energy,Industrial Machinery/Components,United States,77422403443.0,262.87,15575087
BEAG,Bold Eagle Acquisition Corp. Class A Ordinary Shares,Other,,United States,0.0,10.69,14054079
BEAGR,Bold Eagle Acquisition Corp. Right,Other,,United States,0.0,0.26,7330706
BEAGU,Bold Eagle Acquisition Corp. Units,Other,,United States,0.0,11.22,24
BEAM,Beam Therapeutics Inc. Common Stock,Health Care,Biotechnology: Biological Products (No Diagnostic Substances),United States,2502660123.0,24.23,1274547
BEAT,Heartbeam Inc. Common Stock,Health Care,Medical/Dental Instruments,United States,21018241.0,0.373,485006
BEATW,Heartbeam Inc. Warrant,Health Care,Medical/Dental Instruments,United States,394444.0,0.007,812
BEBE,TGE Value Creative Solutions Corp Class A Ordinary Shares,Consumer Discretionary,Diversified Commercial Services,,129214800.0,10.04,18
BEEM,Beam Global Common Stock,Miscellaneous,Industrial Machinery/Components,United States,25801979.0,1.14,206987
BEEP,Mobile Infrastructure Corporation Common Stock,Finance,Real Estate,United States,116879000.0,2.83,21659
BEKE,KE Holdings Inc American Depositary Shares (each representing three Class A Ordinary Shares),Finance,Real Estate,China,19150786542.0,16.95,5921760
BELFA,Bel Fuse Inc. Class A Common Stock,Other,,United States,2895109725.0,200.5,130875
BELFB,Bel Fuse Inc. Class B Common Stock,Other,,United States,3581994362.0,248.07,171318
BEN,Franklin Templeton Inc. Common Stock,Finance,Investment Managers,United States,16603953419.0,32.68,3694397
BENF,Beneficient Class A Common Stock,Finance,Finance: Consumer Services,United States,21947125.0,1.42,2979503
BENFW,Beneficient Warrant,Finance,Finance: Consumer Services,United States,132919.0,0.0086,400849
BEP,Brookfield Renewable Partners L.P. Limited Partnership Units,Utilities,Electric Utilities: Central,Canada,18957141253.0,27.87,712219
BEP^A,Brookfield Renewable Partners L.P. 5.25% Class A Preferred Limited Partnership Units Series 17,Other,,Canada,,16.3,3250
BEPC,Brookfield Renewable Corporation Brookfield Renewable Corporation Class A Subordinate Voting Shares,Utilities,Electric Utilities: Central,United States,10541507965.0,27.97,2021974
BEPH,Brookfield BRP Holdings (Canada) Inc. 4.625% Perpetual Subordinated Notes,Utilities,Electric Utilities: Central,Canada,4250003516.0,14.7999,14735
BEPI,Brookfield BRP Holdings (Canada) Inc. 4.875% Perpetual Subordinated Notes,Utilities,Electric Utilities: Central,Canada,4626217517.0,16.11,34510
BEPJ,Brookfield BRP Holdings (Canada) Inc. 7.250% Perpetual Subordinated Notes,Utilities,Electric Utilities: Central,Canada,6489914084.0,22.6,9322
BESS,Bimergen Energy Corporation Common Stock,Utilities,Electric Utilities: Central,,18666617.0,2.63,50730
BETA,Beta Technologies Inc. Class A Common Stock,Industrials,Aerospace,United States,5352571453.0,22.88,1928466
BETR,Better Home & Finance Holding Company Class A Common Stock,Finance,Finance: Consumer Services,United Kingdom,191505676.0,10.08,487688
BETRW,Better Home & Finance Holding Company Warrant,Finance,Finance: Consumer Services,United Kingdom,1899858.0,0.1,1225
BF-A,Brown Forman Corporation,Other,,United States,,26.57,143608
BF-B,Brown Forman Corporation,Other,,United States,,26.03,2041871
BFAM,Bright Horizons Family Solutions Inc. Common Stock,Consumer Discretionary,Other Consumer Services,United States,3099528051.0,63.73,754847
BFC,Bank First Corporation Common Stock,Finance,Major Banks,United States,1674591793.0,151.06,56818
BFH,Bread Financial Holdings Inc. Common Stock,Consumer Discretionary,Business Services,United States,3889950885.0,101.25,506189
BFH^A,Bread Financial Holdings Inc. Depositary Shares each representing a 1/40th interest in a share of 8.625% Non-Cumulative Perpetual Preferred Stock Series A,Other,,United States,,24.26,31141
BFH^B,Bread Financial Holdings Inc. Depositary Shares each representing a 1/40th interest in a share of 8.875% Fixed Rate Reset Non-Cumulative Perpetual Preferred Stock Series B,Other,,United States,,24.37,56188
BFLY,Butterfly Network Inc. Class A Common Stock,Health Care,Medical Electronics,United States,2436509424.0,9.15,3873888
BFRG,Bullfrog AI Holdings Inc. Common Stock,Health Care,Biotechnology: Pharmaceutical Preparations,United States,12172594.0,0.6565,850335
BFRGW,Bullfrog AI Holdings Inc. Warrants,Health Care,Biotechnology: Pharmaceutical Preparations,United States,2846143.0,0.1535,6039
BFRI,Biofrontera Inc. Common Stock,Health Care,Biotechnology: Pharmaceutical Preparations,United States,16783166.0,1.13,384509
BFRIW,Biofrontera Inc. Warrants,Health Care,Biotechnology: Pharmaceutical Preparations,United States,200507.0,0.0135,196
BFS,Saul Centers Inc. Common Stock,Real Estate,Real Estate Investment Trusts,United States,746703621.0,30.21,156006
BFS^D,Saul Centers Inc. Depositary Shares each representing 1/100th of a share of 6.125% Series D Cumulative Redeemable Preferred Stock,Other,,United States,,19.0,5779
BFS^E,Saul Centers Inc. Depositary shares each representing a 1/100th fractional interest in a share of 6.000% Series E Cumulative Redeemable Preferred Stock,Other,,United States,,18.45,22261
BFST,Business First Bancshares Inc. Common Stock,Finance,Major Banks,United States,998304912.0,30.67,217090
BG,Bunge Limited Common Shares,Consumer Staples,Packaged Foods,United States,20952511554.0,109.06,1835084
BGB,Blackstone Strategic Credit 2027 Term Fund Common Shares of Beneficial Interest,Finance,Trusts Except Educational Religious and Charitable,United States,0.0,11.08,123819
BGC,BGC Group Inc. Class A Common Stock,Finance,Investment Bankers/Brokers/Service,United States,5596240964.0,11.77,2670642
BGDE,Big Digital Energy Inc. Common Stock,Finance,Finance: Consumer Services,Australia,30076943.0,5.26,196800
BGH,Barings Global Short Duration High Yield Fund Common Shares of Beneficial Interests,Finance,Investment Managers,United States,0.0,13.07,90849
BGIN,Bgin Blockchain Limited Class A Ordinary Shares,Finance,Finance: Consumer Services,China,215727612.0,1.9068,632
BGL,Blue Gold Limited Class A Ordinary Shares,Basic Materials,Metal Mining,United Kingdom,8249230.0,0.202,337665
BGLC,BioNexus Gene Lab Corp Common stock,Health Care,Medical Specialities,Malaysia,3813475.0,1.3,11499
BGLWW,Blue Gold Limited Warrant,Basic Materials,Metal Mining,United Kingdom,1216966.0,0.0298,4780
BGM,BGM Group Ltd. Class A Ordinary Shares,Health Care,Biotechnology: Pharmaceutical Preparations,China,97752099.0,0.244,52222
BGMS,Bio Green Med Solution Inc. Common Stock,Health Care,Biotechnology: Pharmaceutical Preparations,United States,5983694.0,0.9035,7033
BGR,BlackRock Energy and Resources Trust,Finance,Trusts Except Educational Religious and Charitable,United States,2321235641.0,17.12,282057
BGS,B&G Foods Inc. Common Stock,Consumer Staples,Packaged Foods,United States,248703553.0,3.06,1793689
BGSF,BGSF Inc. Common Stock,Consumer Discretionary,Professional Services,United States,52437646.0,4.91,4212
BGSI,Boyd Group Services Inc. Common Shares,Other,,Canada,2184325054.0,78.47,48079
BGT,BlackRock Floating Rate Income Trust,Finance,Trusts Except Educational Religious and Charitable,United States,0.0,10.36,159045
BGX,Blackstone Long Short Credit Income Fund Common Shares,Finance,Trusts Except Educational Religious and Charitable,,0.0,10.52,48928
BGY,Blackrock Enhanced International Dividend Trust,Finance,Trusts Except Educational Religious and Charitable,United States,0.0,5.73,293093
BH,Biglari Holdings Inc. Class B Common Stock,Consumer Discretionary,Restaurants,United States,795819693.0,342.06,56901
BHAV,BHAV Acquisition Corp Class A Ordinary Shares,Finance,Blank Checks,United States,0.0,10.02,2147
BHB,Bar Harbor Bankshares Inc. Common Stock,Finance,Major Banks,United States,657397997.0,39.21,92967
BHC,Bausch Health Companies Inc. Common Stock,Health Care,Biotechnology: Pharmaceutical Preparations,Canada,2157925537.0,5.77,1508764
BHE,Benchmark Electronics Inc. Common Stock,Technology,Electrical Products,United States,2973811253.0,82.79,477590
BHF,Brighthouse Financial Inc. Common Stock,Finance,Life Insurance,United States,2992901739.0,52.04,1280309
BHFAL,Brighthouse Financial Inc. 6.25% Junior Subordinated Debentures due 2058,Finance,Life Insurance,United States,889128764.0,15.46,13361
BHFAM,Brighthouse Financial Inc. Depositary shares each representing a 1/1000th Interest in a Share of 4.625% Non-Cumulative Preferred Stock Series D,Finance,Life Insurance,United States,592369099.0,10.3,98321
BHFAN,Brighthouse Financial Inc. Depositary shares each representing a 1/1000th interest in a share of 5.375% Non-Cumulative Preferred Stock Series C,Finance,Life Insurance,United States,674035518.0,11.72,62173
BHFAO,Brighthouse Financial Inc. Depositary Shares 6.75% Non-Cumulative Preferred Stock Series B,Finance,Life Insurance,United States,837368357.0,14.56,37699
BHFAP,Brighthouse Financial Inc. Depositary Shares 6.6% Non-Cumulative Preferred Stock Series A,Finance,Life Insurance,United States,821265120.0,14.28,55231
BHK,Blackrock Core Bond Trust,Finance,Finance Companies,United States,0.0,8.25,334576
BHM,Bluerock Homes Trust Inc. Class A Common Stock,Real Estate,Real Estate Investment Trusts,,32588986.0,7.933,1965
BHP,BHP Group Limited American Depositary Shares (Each representing two Ordinary Shares),Energy,Coal Mining,Australia,215010074119.0,84.58,2469219
BHR,Braemar Hotels & Resorts Inc. Common Stock,Real Estate,Real Estate Investment Trusts,United States,114007668.0,1.66,577334
BHR^B,Braemar Hotels & Resorts Inc. 5.50% Series B Cumulative Convertible Preferred Stock par value $0.01 per share,Other,,United States,,12.71,13895
BHR^D,Braemar Hotels & Resorts Inc. 8.25% Series D Cumulative Preferred Stock  par value $0.01 per share,Other,,United States,,16.98,5758
BHRB,Burke & Herbert Financial Services Corp. Common Stock,Finance,Major Banks,United States,1394116499.0,69.06,104839
BHST,BioHarvest Sciences Inc. Common Stock,Other,,Canada,32868371.0,1.45,33257
BHV,BlackRock Virginia Municipal Bond Trust,Finance,Finance/Investors Services,United States,0.0,12.61,5675
BHVN,Biohaven Ltd. Common Shares,Health Care,Biotechnology: Pharmaceutical Preparations,United States,2004350974.0,13.27,2046994
BIAF,bioAffinity Technologies Inc. Common Stock,Health Care,Biotechnology: Commercial Physical & Biological Resarch,United States,8644691.0,7.41,481322
BIAFW,bioAffinity Technologies Inc. Warrant,Health Care,Biotechnology: Commercial Physical & Biological Resarch,United States,303323.0,0.26,2260
BID,Tribeca Strategic Acquisition Corp. Class A Ordinary Shares,Finance,Blank Checks,United States,0.0,9.91,616
BIDU,Baidu Inc. ADS,Technology,Computer Software: Programming Data Processing,China,29591773753.0,86.97,2202456
BIIB,Biogen Inc. Common Stock,Health Care,Biotechnology: Biological Products (No Diagnostic Substances),United States,33789861803.0,228.69,1332341
BIII,Black Spade Acquisition III Co Class A Ordinary Shares,Finance,Blank Checks,,0.0,10.05,265
BILI,Bilibili Inc. American Depositary Shares,Technology,EDP Services,China,6307682016.0,15.14,5479382
BILL,BILL Holdings Inc. Common Stock,Technology,Computer Software: Prepackaged Software,United States,3547514131.0,41.6,2376192
BIO,Bio-Rad Laboratories Inc. Class A Common Stock,Industrials,Biotechnology: Laboratory Analytical Instruments,United States,10098741316.0,377.69,272698
BIO-B,Bio-Rad Laboratories Inc.,Other,,United States,,365.08,11
BIOA,BioAge Labs Inc. Common Stock,Health Care,Biotechnology: Pharmaceutical Preparations,United States,329539807.0,7.18,800215
BIOT,Instinct Bio Technical Company Holdings Inc. Ordinary Shares,Consumer Discretionary,Package Goods/Cosmetics,Japan,11216877.0,0.3901,2106897
BIOX,Bioceres Crop Solutions Corp. Ordinary Shares,Industrials,Agricultural Chemicals,Argentina,22846089.0,0.358,39008
BIP,Brookfield Infrastructure Partners LP Limited Partnership Units,Consumer Discretionary,Marine Transportation,Bermuda,15946773075.0,34.84,538358
BIP^A,Brookfield Infrastructure Partners LP 5.125% Class A Preferred Limited Partnership Units Series 13,Other,,Bermuda,,16.24,7240
BIP^B,Brookfield Infrastructure Partners LP 5.000% Class A Preferred Limited Partnership Units Series 14,Other,,Bermuda,,16.04,8084
BIPC,Brookfield Infrastructure Corporation Brookfield Infrastructure Corporation,Consumer Discretionary,Marine Transportation,Canada,4304315739.0,34.99,1083332
BIPH,Brookfield Infrastructure Corporation 5.000% Subordinated Notes due 2081,Consumer Discretionary,Marine Transportation,Canada,7030882133.0,15.24,13484
BIPI,BIP Bermuda Holdings I Limited 5.125% Perpetual Subordinated Notes,Consumer Discretionary,Marine Transportation,Bermuda,150872248.0,15.92,26044
BIPJ,Brookfield Infrastructure Corporation 7.250% Subordinated Notes due 2084,Consumer Discretionary,Marine Transportation,Canada,10712407030.0,23.22,6238
BIRD,Smartbird Inc. Class A Common Stock,Consumer Discretionary,Apparel,United States,27515420.0,2.33,204427
BIRK,Birkenstock Holding plc Ordinary Shares,Consumer Discretionary,Shoe Manufacturing,,5444210946.0,32.97,1529180
BIT,BlackRock Multi-Sector Income Trust Common Shares of Beneficial Interest,Finance,Trusts Except Educational Religious and Charitable,United States,0.0,11.14,533854
BIVI,BioVie Inc. Class A Common Stock,Health Care,Biotechnology: Pharmaceutical Preparations,United States,13014768.0,1.54,182627
BIVIW,BioVie Inc. Warrant,Health Care,Biotechnology: Pharmaceutical Preparations,United States,2366321.0,0.28,22496
BIXI,Bitcoin Infrastructure Acquisition Corp Ltd. Class A Ordinary Shares,Other,,United States,0.0,10.15,278
BIXIW,Bitcoin Infrastructure Acquisition Corp Ltd. Warrant,Other,,United States,0.0,0.3014,204
BIYA,Baiya International Group Inc Class A Ordinary Shares,Consumer Discretionary,Diversified Commercial Services,China,12952927.0,2.03,42594
BJ,BJ's Wholesale Club Holdings Inc. Common Stock,Consumer Discretionary,Department/Specialty Retail Stores,United States,12228525333.0,96.81,1795147
BJDX,Bluejay Diagnostics Inc. Common Stock,Health Care,Medical/Dental Instruments,United States,4288882.0,0.9599,249244
BJRI,BJ's Restaurants Inc. Common Stock,Consumer Discretionary,Restaurants,United States,1276851375.0,60.02,271293
BKD,Brookdale Senior Living Inc. Common Stock,Health Care,Hospital/Nursing Management,United States,2636542462.0,11.04,3785918
BKE,Buckle Inc. (The) Common Stock,Consumer Discretionary,Clothing/Shoe/Accessory Stores,United States,2218640532.0,43.07,534178
BKH,Black Hills Corporation Common Stock,Utilities,Electric Utilities: Central,United States,5317131522.0,69.73,1708402
BKHA,Black Hawk Acquisition Corporation Class A Ordinary Shares,Health Care,Biotechnology: Biological Products (No Diagnostic Substances),United States,0.0,12.31,157197
BKHAR,Black Hawk Acquisition Corporation Rights,Health Care,Biotechnology: Biological Products (No Diagnostic Substances),United States,0.0,1.7,5463
BKHAU,Black Hawk Acquisition Corporation Units,Other,,United States,0.0,12.5,516
BKKT,Bakkt Inc. Class A Common Stock,Finance,Finance: Consumer Services,United States,360555664.0,8.0,1013935
BKNG,Booking Holdings Inc. Common Stock,Consumer Discretionary,Transportation Services,United States,123128722535.0,163.87,8637853
BKR,Baker Hughes Company Class A Common Stock,Consumer Discretionary,Oil and Gas Field Machinery,United States,56701542936.0,57.12,7170064
BKSY,BlackSky Technology Inc. Class A Common Stock,Technology,Radio And Television Broadcasting And Communications Equipment,United States,939225216.0,22.95,596024
BKT,BlackRock Income Trust Inc. (The),Finance,Investment Bankers/Brokers/Service,United States,1420681598.0,9.55,154876
BKTI,BK Technologies Corporation Common Stock,Technology,Radio And Television Broadcasting And Communications Equipment,United States,282025685.0,74.82,74716
BKU,BankUnited Inc. Common Stock,Finance,Savings Institutions,United States,3067972964.0,43.07,834534
BKV,BKV Corporation Common Stock,Energy,Oil & Gas Production,United States,2396688477.0,21.9,1455301
BKYI,BIO-key International Inc. Common Stock,Technology,Computer Software: Prepackaged Software,United States,2413058.0,1.68,93857
BL,BlackLine Inc. Common Stock,Technology,Computer Software: Prepackaged Software,United States,1543807171.0,26.56,1434894
BLBD,Blue Bird Corporation Common Stock,Consumer Discretionary,Construction/Ag Equipment/Trucks,United States,1804900702.0,56.98,485747
BLCO,Bausch + Lomb Corporation Common Shares,Health Care,Ophthalmic Goods,,6053950920.0,16.95,418829
BLDP,Ballard Power Systems Inc. Common Shares,Energy,Industrial Machinery/Components,Canada,723246854.0,2.06,1529480
BLDR,Builders FirstSource Inc. Common Stock,Consumer Discretionary,RETAIL: Building Materials,United States,6241670471.0,58.01,1916340
BLFS,BioLife Solutions Inc. Common Stock,Health Care,Biotechnology: Electromedical & Electrotherapeutic Apparatus,United States,1914697462.0,39.15,1326591
BLIN,Bridgeline Digital Inc. Common Stock,Technology,Computer Software: Prepackaged Software,United States,10344501.0,0.821,7120
BLIV,BeLive Holdings Ordinary Share,Technology,EDP Services,Singapore,25152017.0,2.315,259
BLK,BlackRock Inc. Common Stock,Finance,Investment Bankers/Brokers/Service,United States,165903693704.0,1071.25,521705
BLKB,Blackbaud Inc. Common Stock,Technology,Computer Software: Prepackaged Software,United States,1922724509.0,42.36,321833
BLLN,BillionToOne Inc. Class A Common Stock,Health Care,Medical Specialities,United States,5743606265.0,121.72,343808
BLMN,Bloomin' Brands Inc. Common Stock,Consumer Discretionary,Restaurants,United States,677261453.0,7.91,2208209
BLND,Blend Labs Inc. Class A Common Stock,Technology,Computer Software: Programming Data Processing,United States,257799518.0,1.09,1397827
BLNE,Beeline Holdings Inc. Common Stock,Finance,Finance: Consumer Services,United States,28976770.0,0.88,254881
BLNK,Blink Charging Co. Common Stock,Miscellaneous,Industrial Machinery/Components,United States,81209163.0,0.5603,707595
BLRK,Bluerock Acquisition Corp. Class A Ordinary Shares,Other,,United States,0.0,10.11,6156
BLRX,BioLineRx Ltd. American Depositary Shares,Health Care,Biotechnology: Pharmaceutical Preparations,Israel,12097065.0,2.43,12567
BLSH,Bullish Ordinary Shares,Finance,Finance: Consumer Services,Cayman Islands,5745487580.0,35.99,746211
BLSM,BlossomHill Therapeutics Inc. Common Stock,Health Care,Biotechnology: Pharmaceutical Preparations,United States,678289958.0,21.34,146440
BLTE,Belite Bio Inc American Depositary Shares,Health Care,Biotechnology: Pharmaceutical Preparations,United States,6682356854.0,165.93,127350
BLUW,Blue Water Acquisition Corp. III Class A Ordinary Shares,Other,,United States,75147314.0,10.3723,21
BLW,Blackrock Limited Duration Income Trust,Consumer Discretionary,Other Consumer Services,United States,411750747.0,11.53,144708
BLX,Bladex Inc. Class E Common Stock,Finance,Commercial Banks,Panama,2066812577.0,54.97,127354
BLZE,Backblaze Inc. Class A Common Stock,Technology,Computer Software: Prepackaged Software,United States,838126000.0,13.54,1594711
BLZR,Trailblazer Acquisition Corp. Class A Ordinary Shares,Finance,Blank Checks,United States,0.0,10.22,34
BLZRU,Trailblazer Acquisition Corp. Unit,Other,,United States,0.0,10.345,1100
BLZRW,Trailblazer Acquisition Corp. Warrant,Finance,Blank Checks,United States,0.0,0.33,20033
BMA,Banco Macro S.A.  ADR (representing Ten Class B Common Shares),Finance,Commercial Banks,Argentina,4222533541.0,66.04,302834
BMBL,Bumble Inc. Class A Common Stock,Technology,Computer Software: Programming Data Processing,United States,333879834.0,2.53,2592111
BME,Blackrock Health Sciences Trust,Finance,Trusts Except Educational Religious and Charitable,United States,595052593.0,44.63,43721
BMEA,Biomea Fusion Inc. Common Stock,Health Care,Biotechnology: Pharmaceutical Preparations,United States,93504169.0,1.29,1456749
BMEZ,BlackRock Health Sciences Term Trust Common Shares of Beneficial Interest,Finance,Trusts Except Educational Religious and Charitable,United States,224394693.0,16.83,136751
BMGL,Basel Medical Group Ltd Ordinary Shares,Health Care,Medical/Nursing Services,Singapore,5489925.0,3.47,13005
BMHL,Bluemount Holdings Limited Class B Ordinary Shares,Finance,Finance: Consumer Services,Hong Kong,127600735.0,5.0,18537
BMI,Badger Meter Inc. Common Stock,Industrials,Industrial Machinery/Components,United States,3667705751.0,126.53,338064
BML^G,Bank of America Corporation Depositary Shares (Each representing a 1/1200th interest in a share of Floating Rate Non-Cumulative Preferred Stock  Series 1),Other,,United States,,18.45,23919
BML^H,Bank of America Corporation Depositary Shares (Each representing a 1/1200th interest in a Share of Floating Rate Non-Cumulative Preferred Stock Series 2),Other,,United States,,18.46,25486
BML^J,Bank of America Corporation Depositary Shares (Each representing a 1/1200th interest in a Share of Floating Rate Non-Cumulative Preferred Stock Series 4),Other,,United States,,19.825,13942
BML^L,Bank of America Corporation Depositary Shares (Each representing a 1/1200th Interest in a Share of Floating Rate Non-Cumulative Preferred Stock Series 5),Other,,United States,,19.94,42025
BMM,Blue Moon Metals Inc. Common Shares,Other,,Canada,523266375.0,4.99,413509
BMN,BlackRock 2037 Municipal Target Term Trust Common Shares of Beneficial Interest,Finance,Trusts Except Educational Religious and Charitable,,0.0,21.98,76769
BMNP,BitMine Immersion Technologies Inc. 9.5% Series A Perpetual Preferred Stock,Finance,Finance: Consumer Services,,59815929229.0,99.16,5174
BMNR,BitMine Immersion Technologies Inc. Common Stock,Finance,Finance: Consumer Services,United States,16190596415.0,26.84,27357106
BMO,Bank Of Montreal Common Stock,Finance,Commercial Banks,Canada,118965036363.0,171.15,391712
BMR,Beamr Imaging Ltd. Ordinary Share,Technology,Computer Software: Prepackaged Software,Israel,19567616.0,1.26,26042
BMRA,Biomerica Inc. Common Stock,Health Care,Biotechnology: In Vitro & In Vivo Diagnostic Substances,United States,10991074.0,2.3899,7141
BMRC,Bank of Marin Bancorp Common Stock,Finance,Major Banks,United States,444855993.0,27.47,137593
BMRN,BioMarin Pharmaceutical Inc. Common Stock,Health Care,Biotechnology: Pharmaceutical Preparations,United States,11509895710.0,59.46,2358044
BMY,Bristol-Myers Squibb Company Common Stock,Health Care,Biotechnology: Pharmaceutical Preparations,United States,130488612225.0,63.88,14018716
BN,Brookfield Corporation Class A Limited Voting Shares,Real Estate,Building operators,Canada,88888690350.0,36.27,6399696
BNAI,Brand Engagement Network Inc. Common Stock,Technology,EDP Services,United States,44794008.0,5.97,133246
BNAIW,Brand Engagement Network Inc. Warrant,Technology,EDP Services,United States,375910.0,0.0501,1500
BNC,CEA Industries Inc. Common Stock,Consumer Staples,Farming/Seeds/Milling,United States,231808776.0,5.63,1002978
BNCWW,CEA Industries Inc. Warrant,Consumer Staples,Farming/Seeds/Milling,United States,510556.0,0.0124,90
BNCWZ,CEA Industries Inc. Warrant,Consumer Staples,Farming/Seeds/Milling,United States,6019617.0,0.1462,34509
BNED,Barnes & Noble Education Inc Common Stock,Consumer Discretionary,Other Specialty Stores,United States,387554476.0,11.18,180753
BNGO,Bionano Genomics Inc. Common Stock,Industrials,Biotechnology: Laboratory Analytical Instruments,United States,19785360.0,1.68,466174
BNH,Brookfield Finance Inc. 4.625% Subordinated Notes due October 16 2080,Real Estate,Building operators,Canada,22255083189.0,14.76,16594
BNJ,Brookfield Finance Inc. 4.50% Perpetual Subordinated Notes,Real Estate,Building operators,Canada,21742432221.0,14.42,18393
BNKK,Bonk Inc. Common Stock,Consumer Discretionary,Package Goods/Cosmetics,United States,14961758.0,1.87,9080195
BNL,Broadstone Net Lease Inc. Common Stock,Real Estate,Real Estate Investment Trusts,United States,3615263574.0,18.84,1223380
BNR,Burning Rock Biotech Limited American Depositary Shares,Health Care,Medical Specialities,China,185932027.0,17.63,86334
BNS,Bank Nova Scotia Halifax Pfd 3 Ordinary Shares,Finance,Major Banks,Canada,113784527640.0,92.75,1031793
BNT,Brookfield Wealth Solutions Ltd. Class A Exchangeable Limited Voting Shares,Finance,Property-Casualty Insurers,,12242877584.0,36.22,16261
BNTC,Benitec Biopharma Inc. Common Stock,Health Care,Biotechnology: Pharmaceutical Preparations,United States,349524915.0,10.02,152796
BNTX,BioNTech SE American Depositary Share,Health Care,Biotechnology: Biological Products (No Diagnostic Substances),Germany,24889328583.0,99.08,785850
BNY,The Bank of New York Mellon Corporation Common Stock,Finance,Major Banks,United States,100717154838.0,148.44,2990282
BNY^K,The Bank Of New York Mellon Corporation  Depositary Shares each representing a 1/4000th interest in a share of Series K Noncumulative Perpetual Preferred Stock,Other,,United States,,24.18,55474
BOBS,Bob's Discount Furniture Inc. Common Stock,Consumer Discretionary,Other Specialty Stores,,1815243486.0,13.89,939115
BOC,Boston Omaha Corporation Class A Common Stock,Finance,Real Estate,United States,398574468.0,13.23,114255
BODI,The Beachbody Company Inc. Class A Common Stock,Consumer Discretionary,Other Consumer Services,United States,34380750.0,4.735,17961
BOE,Blackrock Enhanced Global Dividend Trust Common Shares of Beneficial Interest,Finance,Trusts Except Educational Religious and Charitable,United States,0.0,11.84,239574
BOF,BranchOut Food Inc. Common Stock,Consumer Staples,Packaged Foods,United States,64388436.0,3.96,26425
BOH,Bank of Hawaii Corporation Common Stock,Finance,Major Banks,United States,2778491390.0,70.43,425645
BOH^A,Bank of Hawaii Corporation Depositary Shares Each Representing a 1/40th Interest in a Share of 4.375% Fixed Rate Non-Cumulative Perpetual Preferred Stock Series A,Other,,United States,,15.15,14264
BOH^B,Bank of Hawaii Corporation Depositary Shares Each Representing a 1/40th Interest in a Share of 8.000% Fixed Rate Non-Cumulative Perpetual Preferred Stock Series B,Other,,United States,,25.58,7873
BOKF,BOK Financial Corporation Common Stock,Finance,Major Banks,United States,7935545162.0,130.59,208321
BOLD,Boundless Bio Inc. Common Stock,Health Care,Biotechnology: Pharmaceutical Preparations,United States,59372241.0,2.61,142243
BOLT,Bolt Biotherapeutics Inc. Common Stock,Health Care,Biotechnology: Pharmaceutical Preparations,United States,6665346.0,3.4601,19980
BON,Bon Natural Life Limited Class A Ordinary Shares,Health Care, Medicinal Chemicals and Botanical Products ,China,9917148.0,1.22,6029
BOOM,DMC Global Inc. Common Stock,Industrials,Industrial Specialties,United States,119753733.0,5.83,102049
BOOT,Boot Barn Holdings Inc. Common Stock,Consumer Discretionary,Clothing/Shoe/Accessory Stores,United States,3820735919.0,126.16,850497
BORR,Borr Drilling Limited Common Shares,Energy,Oil & Gas Production,Bermuda,1233881311.0,4.01,5196470
BOSC,B.O.S. Better Online Solutions Common Stock,Telecommunications,Computer Communications Equipment,Israel,32922613.0,4.67,24637
BOT,RoboStrategy Inc. Common Stock,Other,,Puerto Rico,0.0,26.86,259680
BOTJ,Bank of the James Financial Group Inc. Common Stock,Finance,Major Banks,United States,123624227.0,27.21,59375
BOW,Bowhead Specialty Holdings Inc. Common Stock,Finance,Property-Casualty Insurers,United States,1113473569.0,33.8,157315
BOX,Box Inc. Class A Common Stock,Technology,Computer Software: Prepackaged Software,United States,4299872226.0,31.34,2333176
BOXL,Boxlight Corporation Class A Common Stock,Real Estate,Other Consumer Services,United States,3880680.0,4.595,19260
BP,BP p.l.c. Common Stock,Energy,Integrated oil Companies,United Kingdom,116314647716.0,44.43,7517964
BPAC,Blueport Acquisition Ltd Class A Ordinary Shares,Other,,United States,0.0,10.19,6
BPOP,Popular Inc. Common Stock,Finance,Major Banks,United States,10131214884.0,158.85,324581
BPOPM,Popular Inc. Popular Capital Trust II - 6.125% Cumulative Monthly Income Trust Preferred Securities,Finance,Major Banks,United States,1600202590.0,25.09,347
BPRE,Bluerock Private Real Estate Fund Common Shares of Beneficial Interest,Other,,,0.0,12.49,958465
BPRN,Princeton Bancorp Inc. Common Stock (PA),Finance,Major Banks,United States,296169847.0,43.47,41872
BPYPM,Brookfield Property Partners L.P. 6.25% Class A Cumulative Redeemable Preferred Units Series 1,Finance,Real Estate,Bermuda,19794865482.0,15.98,6115
BPYPN,Brookfield Property Partners L.P. 5.750% Class A Cumulative Redeemable Perpetual Preferred Units Series 3,Finance,Real Estate,Bermuda,16537012152.0,13.35,11867
BPYPO,Brookfield Property Partners L.P. 6.375% Class A Cumulative Redeemable Perpetual Preferred Units Series 2,Finance,Real Estate,Bermuda,18271230655.0,14.75,4586
BPYPP,Brookfield Property Partners L.P. 6.50% Class A Cumulative Redeemable Perpetual Preferred Units,Finance,Real Estate,Bermuda,18890594406.0,15.25,5835
BQ,Boqii Holding Limited Class A Ordinary Shares,Consumer Discretionary,Other Specialty Stores,,6477831.0,0.8221,26260
BR,Broadridge Financial Solutions Inc. Common Stock,Consumer Discretionary,Business Services,United States,18576431330.0,162.92,864267
BRAG,Bragg Gaming Group Inc. Common Shares,Technology,Office Equipment/Supplies/Services,Canada,42246229.0,1.36,3270
BRAI,Braiin Limited Common Stock,Technology,EDP Services,Australia,1131424372.0,5.49,14460
BRBI,BRBI BR Partners S.A. ADSs,Finance,Finance: Consumer Services,Brazil,563534777.0,11.24,115
BRBR,BellRing Brands Inc. Common Stock,Consumer Staples,Packaged Foods,United States,899993222.0,7.74,3198185
BRBS,Blue Ridge Bankshares Inc. Common Stock,Finance,Major Banks,United States,343508307.0,3.83,655001
BRC,Brady Corporation Common Stock,Consumer Discretionary,Miscellaneous manufacturing industries,United States,3944223897.0,84.1,273233
BRCB,Black Rock Coffee Bar Inc. Class A Common Stock,Consumer Discretionary,Restaurants,United States,355516021.0,7.1,200751
BRCC,BRC Inc. Class A Common Stock,Consumer Staples,Beverages (Production/Distribution),United States,226510151.0,9.05,99771
BREZ,Breeze Acquisition Corp. II Ordinary Shares,Finance,Blank Checks,United States,0.0,10.02,47
BREZR,Breeze Acquisition Corp. II Right,Finance,Blank Checks,United States,0.0,0.29,36
BRFH,Barfresh Food Group Inc. Common Stock,Consumer Staples,Packaged Foods,United States,13537414.0,0.8301,100938
BRIA,BrilliA Inc Class A Ordinary Shares,Consumer Discretionary,Apparel,,42568750.0,1.39,2115
BRID,Bridgford Foods Corporation Common Stock,Consumer Staples,Specialty Foods,United States,51964863.0,5.725,1448
BRK-A,Berkshire Hathaway Inc.,Other,,United States,1108855136750.0,753875.0,282
BRK-B,Berkshire Hathaway Inc.,Other,,United States,1109973187636.0,503.09,3867205
BRKH,Burtech Acquisition Corp II Class A Ordinary Shares,Finance,Blank Checks,United States,0.0,10.015,49
BRKR,Bruker Corporation Common Stock,Industrials,Biotechnology: Laboratory Analytical Instruments,United States,9641297516.0,63.28,2612773
BRKRP,Bruker Corporation 6.375% Mandatory Convertible Preferred Stock Series A,Industrials,Biotechnology: Laboratory Analytical Instruments,United States,71499179812.0,469.28,21747
BRLS,Borealis Foods Inc. Class A Common Shares,Consumer Staples,Packaged Foods,Canada,27473032.0,1.28,2439
BRLSW,Borealis Foods Inc. Warrant,Consumer Staples,Packaged Foods,Canada,860679.0,0.0401,514
BRLT,Brilliant Earth Group Inc. Class A Common Stock,Consumer Discretionary,Consumer Specialties,United States,139497229.0,1.37,61375
BRN,Barnwell Industries Inc. Common Stock,Energy,Oil & Gas Production,United States,13423908.0,0.93,9512
BRNX,BrenX Ltd. Ordinary Shares,Industrials,Building Products,Israel,4478036.0,2.3,114746
BRO,Brown & Brown Inc. Common Stock,Finance,Specialty Insurers,United States,20156927906.0,60.24,1811207
BROS,Dutch Bros Inc. Class A Common Stock,Consumer Discretionary,Restaurants,United States,6592487962.0,37.74,4554868
BRRKU,Bluerock Acquisition Corp. II Units,Other,,United States,0.0,9.99,233354
BRSL,Brightstar Lottery PLC Trading under the Legal Name to begin at the market open on July 21 2025. Ordinary Shares,Consumer Discretionary,Services-Misc. Amusement & Recreation,United States,1821015000.0,9.87,2264405
BRSP,BrightSpire Capital Inc. Class A Common Stock,Real Estate,Real Estate Investment Trusts,United States,513688171.0,4.06,1766079
BRT,BRT Apartments Corp. (MD) Common Stock,Real Estate,Real Estate Investment Trusts,United States,255212702.0,13.58,55438
BRTM,B&R Technology Merger Corp. Class A Ordinary Shares,Finance,Blank Checks,United States,0.0,9.8199,3257
BRTMU,B&R Technology Merger Corp. Units,Other,,United States,0.0,9.94,349
BRTMW,B&R Technology Merger Corp. Warrants,Finance,Blank Checks,United States,0.0,0.271,15878
BRTX,BioRestorative Therapies Inc. Common Stock (NV),Health Care,Managed Health Care,United States,3190406.0,2.31,49425
BRUN,Boost Run Inc. Class A Common Stock,Technology,EDP Services,United States,1290876042.0,16.24,1499952
BRVE,Braveheart Bio Inc. Common Stock,Health Care,Biotechnology: Pharmaceutical Preparations,United States,1897121077.0,21.07,389331
BRW,Saba Capital Income & Opportunities Fund SBI,Finance,Trusts Except Educational Religious and Charitable,United States,0.0,6.0,354226
BRX,Brixmor Property Group Inc. Common Stock,Real Estate,Real Estate Investment Trusts,United States,8592424848.0,28.0,5805120
BRZE,Braze Inc. Class A Common Stock,Technology,Computer Software: Prepackaged Software,United States,2631751174.0,23.17,2729549
BSAA,BEST SPAC I Acquisition Corp. Class A Ordinary Shares,Finance,Blank Checks,Hong Kong,,11.3,331
BSAC,Banco Santander - Chile ADS,Finance,Commercial Banks,Chile,15961386940.0,33.88,190535
BSBK,Bogota Financial Corp. Common Stock,Finance,Banks,United States,116127948.0,9.1,2869
BSBR,Banco Santander Brasil SA American Depositary Shares each representing one unit,Finance,Commercial Banks,Brazil,42660541328.0,5.71,4932303
BSEM,BioStem Technologies Inc. Common Stock,Health Care,Biotechnology: Biological Products (No Diagnostic Substances),United States,72290358.0,4.05,181711
BSET,Bassett Furniture Industries Incorporated Common Stock,Consumer Discretionary,Home Furnishings,United States,157407330.0,18.18,20278
BSIN,Big Sky Industrial Inc. Common Stock,Energy,Oil & Gas Production,United States,72440931.0,1.38,707978
BSL,Blackstone Senior Floating Rate 2027 Term Fund Common Shares of Beneficial Interest,Finance,Trusts Except Educational Religious and Charitable,United States,0.0,12.89,40960
BSM,Black Stone Minerals L.P. Common units representing limited partner interests,Energy,Oil & Gas Production,United States,3075794857.0,14.46,331044
BSP,Bending Spoons S.p.A. Ordinary Shares,Technology,Computer Software: Programming Data Processing,Italy,23098653308.0,33.56,2634901
BSRR,Sierra Bancorp Common Stock,Finance,Major Banks,United States,515554299.0,39.77,37921
BST,BlackRock Science and Technology Trust Common Shares of Beneficial Interest,Finance,Finance Companies,United States,1062246370.0,47.94,78625
BSTZ,BlackRock Science and Technology Term Trust Common Shares of Beneficial Interest,Finance,Trusts Except Educational Religious and Charitable,United States,650775467.0,29.37,117995
BSVN,Bank7 Corp. Common stock,Finance,Major Banks,United States,533638453.0,56.02,40188
BSX,Boston Scientific Corporation Common Stock,Health Care,Medical/Dental Instruments,United States,63925514392.0,44.11,21779653
BSY,Bentley Systems Incorporated Class B Common Stock,Technology,Computer Software: Prepackaged Software,United States,9452486497.0,31.29,2217215
BTBD,BT Brands Inc. Common Stock,Consumer Discretionary,Restaurants,United States,11689128.0,1.89,8254
BTBDW,BT Brands Inc. Warrant,Consumer Discretionary,Restaurants,United States,308618.0,0.0499,224
BTBT,Bit Digital Inc. Ordinary Shares,Finance,Finance: Consumer Services,United States,605864285.0,1.68,18306972
BTCS,BTCS Inc. Common Stock,Finance,Finance: Consumer Services,United States,81331509.0,1.55,1387038
BTCT,BTC Digital Ltd. Ordinary Shares,Finance,Finance: Consumer Services,China,13216635.0,1.12,976562
BTDR,Bitdeer Technologies Group Class A Ordinary Shares,Finance,Finance: Consumer Services,Singapore,2997758162.0,11.03,11574664
BTE,Baytex Energy Corp Common Shares,Energy,Oil & Gas Production,Canada,3211262640.0,4.53,19495087
BTG,B2Gold Corp Common shares (Canada),Basic Materials,Precious Metals,Canada,6975253623.0,5.28,24595064
BTGO,BitGo Holdings Inc. Class A Common Stock,Finance,Finance: Consumer Services,United States,853381216.0,7.26,1021492
BTI,British American Tobacco  Industries p.l.c. Common Stock ADR,Health Care, Medicinal Chemicals and Botanical Products ,United Kingdom,121086695758.0,56.05,3768944
BTLN,Brightline Interactive Inc. Common Stock,Technology,EDP Services,United States,14239848.0,5.25,74064
BTMD,Biote Corp. Class A Common Stock,Health Care, Medicinal Chemicals and Botanical Products ,United States,44190786.0,1.23,62872
BTO,John Hancock Financial Opportunities Fund Common Stock,Finance,Investment Managers,United States,0.0,36.02,38132
BTOC,Armlogi Holding Corp. Common Stock,Consumer Discretionary,Office Equipment/Supplies/Services,United States,11192630.0,0.2463,34819
BTQ,BTQ Technologies Corp. Common Stock,Other,,Canada,420650736.0,2.86,1901813
BTSG,BrightSpring Health Services Inc. Common Stock,Health Care,Medical/Nursing Services,United States,11187244186.0,56.54,2031171
BTSGU,BrightSpring Health Services Inc. Tangible Equity Unit,Health Care,Medical/Nursing Services,United States,37283558932.0,188.43,1813
BTT,BlackRock Municipal 2030 Target Term Trust,Finance,Investment Managers,United States,0.0,21.42,115175
BTTC,Black Titan Corporation Ordinary Shares,Health Care,Biotechnology: Biological Products (No Diagnostic Substances),Malaysia,5942497.0,0.4338,617690
BTU,Peabody Energy Corporation Common Stock,Energy,Coal Mining,United States,3065785000.0,25.15,1591876
BTX,BlackRock Technology and Private Equity Term Trust Common Shares of Beneficial Interest,Other,,United States,2089154102.0,8.86,365333
BTZ,BlackRock Credit Allocation Income Trust,Finance,Finance/Investors Services,United States,1012143600.0,9.36,436781
BUD,Anheuser-Busch Inbev SA Sponsored ADR (Belgium),Consumer Staples,Beverages (Production/Distribution),Belgium,152051458463.0,77.1,2261691
BUDA,Buda Juice Inc. Common Stock,Consumer Staples,Beverages (Production/Distribution),,100030661.0,7.96,9785
BUI,BlackRock Utility Infrastructure & Power Opportunities Trust,Finance,Trusts Except Educational Religious and Charitable,United States,0.0,24.63,117922
BULL,Webull Corporation Class A Ordinary Shares,Finance,Investment Bankers/Brokers/Service,United States,3810418439.0,7.05,8219383
BULLW,Webull Corporation Warrants,Finance,Investment Bankers/Brokers/Service,United States,1199876445.0,2.22,1021
BUR,Burford Capital Limited Ordinary Shares,Finance,Finance: Consumer Services,,859929553.0,3.93,3855857
BURL,Burlington Stores Inc. Common Stock,Consumer Discretionary,Department/Specialty Retail Stores,United States,16733339796.0,266.39,2081558
BURU,Nuburu Inc. Common Stock,Miscellaneous,Industrial Machinery/Components,United States,8840908.0,0.9545,1201174
BUSE,First Busey Corporation Class A Common Stock,Finance,Major Banks,United States,2475719550.0,29.76,789421
BUSEP,First Busey Corporation Depositary Shares Each Representing a 1/40thInterest in a Share of 8.25% Fixed-Rate Series B Non-Cumulative Perpetual Preferred Stock $0.001 par value,Finance,Major Banks,United States,2114677115.0,25.42,14465
BUUU,BUUU Group Limited Class A Ordinary Share,Consumer Discretionary,Services-Misc. Amusement & Recreation,Hong Kong,819489300.0,43.48,67467
BV,BrightView Holdings Inc. Common Stock,Consumer Staples,Farming/Seeds/Milling,United States,950076000.0,10.26,985825
BVC,BitVentures Limited Ordinary Shares,Finance,Investment Managers,China,2021040000.0,12.03,88712
BVFL,BV Financial Inc. Common Stock,Finance,Savings Institutions,United States,176866212.0,20.88,10285
BVN,Buenaventura Mining Company Inc.,Basic Materials,Metal Mining,Peru,8140279087.0,32.05,1451332
BVS,Bioventus Inc. Class A Common Stock,Health Care,Medical/Dental Instruments,United States,1178968158.0,14.02,588690
BW,Babcock & Wilcox Enterprises Inc. Common Stock,Industrials,Building Products,United States,856549130.0,5.75,5504922
BW^A,Babcock & Wilcox Enterprises Inc. 7.75% Series A Cumulative Perpetual Preferred Stock,Other,,United States,,17.25,89291
BWA,BorgWarner Inc. Common Stock,Consumer Discretionary,Auto Parts:O.E.M.,United States,12437904239.0,61.07,3563787
BWAY,BrainsWay Ltd. American Depositary Shares,Health Care,Medical/Dental Instruments,Israel,530437595.0,13.25,179087
BWB,Bridgewater Bancshares Inc. Common Stock,Finance,Major Banks,United States,575243268.0,20.63,75247
BWBBP,Bridgewater Bancshares Inc. Depositary Shares Each Representing a 1/100th Interest in a Share of 5.875% Non-Cumulative Perpetual Preferred Stock Series A,Finance,Major Banks,United States,538157784.0,19.3,3278
BWEN,Broadwind Inc. Common Stock,Telecommunications,Metal Fabrications,United States,99834114.0,4.22,101798
BWFG,Bankwell Financial Group Inc. Common Stock,Finance,Major Banks,United States,527425668.0,66.16,61192
BWG,BrandywineGLOBAL Global Income Opportunities Fund Inc.,Finance,Finance/Investors Services,United States,0.0,6.96,130642
BWIN,The Baldwin Insurance Group Inc. Class A Common Stock,Finance,Specialty Insurers,United States,4438836988.0,31.82,3047854
BWIV,Blue Water Acquisition Corp. IV Class A Ordinary Shares,Finance,Blank Checks,,0.0,9.97,191
BWLP,BW LPG Limited Common Shares,Consumer Discretionary,Transportation Services,,3927894120.0,24.66,330801
BWMN,Bowman Consulting Group Ltd. Common Stock,Consumer Discretionary,Professional Services,United States,738666166.0,42.61,602903
BWMX,Betterware de Mexico S.A.P.I. de C.V. Ordinary Shares,Consumer Discretionary,Catalog/Specialty Distribution,Mexico,669666499.0,16.96,49642
BWXT,BWX Technologies Inc. Common Stock,Industrials,Industrial Machinery/Components,United States,12309413013.0,134.35,1294390
BX,Blackstone Inc. Common Stock,Finance,Investment Managers,United States,85991613060.0,114.56,8078901
BXBL,BOXABL Inc. Common stock,Consumer Discretionary,Homebuilding,United States,941824038.0,3.9,85894
BXC,Bluelinx Holdings Inc. Common Stock,Consumer Discretionary,Wholesale Distributors,United States,588730253.0,74.9,171177
BXDC,Blackstone Digital Infrastructure Trust Inc. Common Stock,Finance,Real Estate,,1824782778.0,18.13,3022845
BXMT,Blackstone Mortgage Trust Inc. Common Stock,Real Estate,Real Estate Investment Trusts,United States,2091625964.0,12.41,2237038
BXP,BXP Inc. Common Stock,Real Estate,Real Estate Investment Trusts,United States,9967670941.0,62.43,1345286
BXSL,Blackstone Secured Lending Fund Common Shares of Beneficial Interest,Finance,Trusts Except Educational Religious and Charitable,,0.0,24.39,2041415
BY,Byline Bancorp Inc. Common Stock,Finance,Major Banks,United States,1680031096.0,37.18,277886
BYAH,Park Ha Biological Technology Co. Ltd. Class A Ordinary Shares,Consumer Discretionary,Package Goods/Cosmetics,China,8255520.0,2.41,57024
BYD,Boyd Gaming Corporation Common Stock,Consumer Discretionary,Hotels/Resorts,United States,5027028095.0,69.19,1470654
BYFC,Broadway Financial Corporation Class A Common Stock,Finance,Savings Institutions,United States,109812508.0,11.8351,1517
BYND,Beyond Meat Inc. Common Stock,Consumer Staples,Packaged Foods,United States,146492590.0,8.52,1552773
BYRN,Byrna Technologies Inc. Common Stock,Miscellaneous,Industrial Machinery/Components,United States,78874021.0,3.37,201408
BYSI,BeyondSpring Inc. Ordinary Shares,Health Care,Biotechnology: Pharmaceutical Preparations,United States,46054198.0,1.12,8196685
BZ,KANZHUN LIMITED American Depository Shares,Technology,Computer Software: Programming Data Processing,China,6562584869.0,14.18,7000965
BZAI,Blaize Holdings Inc. Common Stock,Technology,Semiconductors,United States,71793242.0,0.4957,1734109
BZAIW,Blaize Holdings Inc. Warrants,Technology,Semiconductors,United States,11586563.0,0.08,104512
BZFD,BuzzFeed Inc. Class A Common Stock,Consumer Discretionary,Telecommunications Equipment,United States,90136817.0,1.06,215570
BZFDW,BuzzFeed Inc. Warrant,Consumer Discretionary,Telecommunications Equipment,United States,552726.0,0.0065,337452
BZH,Beazer Homes USA Inc. Common Stock,Consumer Discretionary,Homebuilding,United States,890032223.0,33.36,1335036
BZUN,Baozun Inc. American Depositary Shares,Consumer Discretionary,Catalog/Specialty Distribution,China,179616722.0,3.09,326369
C,Citigroup Inc. Common Stock,Finance,Major Banks,United States,220264223976.0,131.31,8846290
C^N,Citigroup Capital XIII 7.875% Fixed rate Floating Rate trust Preferred Securities (TruPS),Other,,United States,,26.55,154176
C^R,Citigroup Inc. Depositary Shares Each Representing a 1/1000th Interest in a Share of 6.250% Noncumulative Preferred Stock Series II,Other,,United States,,22.76,117890
CAAP,Corporacion America Airports SA Common Shares,Consumer Discretionary,Aerospace,,4303958753.0,26.05,1069133
CAAS,China Automotive Systems Inc. Ordinary Share,Consumer Discretionary,Auto Parts:O.E.M.,China,148138147.0,4.91,18263
CABA,Cabaletta Bio Inc. Common Stock,Health Care,Biotechnology: Biological Products (No Diagnostic Substances),United States,339090890.0,2.0,5437023
CABO,Cable One Inc. Common Stock,Telecommunications,Cable & Other Pay Television Services,United States,71321237.0,12.57,606648
CABR,Caring Brands Inc. Common Stock,Consumer Discretionary,Package Goods/Cosmetics,United States,12856600.0,1.24,15365
CAC,Camden National Corporation Common Stock,Finance,Major Banks,United States,969890613.0,57.4,87481
CACC,Credit Acceptance Corporation Common Stock,Finance,Finance: Consumer Services,United States,5709319000.0,550.0,89187
CACI,CACI International Inc. Class A Common Stock,Technology,EDP Services,United States,13622191591.0,616.4,259199
CADL,Candel Therapeutics Inc. Common Stock,Health Care,Biotechnology: Biological Products (No Diagnostic Substances),United States,856242742.0,11.19,771041
CAE,CAE Inc. Common Shares,Miscellaneous,Industrial Machinery/Components,Canada,7806230265.0,24.28,739319
CAES,Cantor Equity Partners VII Inc. Class A Ordinary Shares,Finance,Blank Checks,United States,0.0,10.06,18
CAF,Morgan Stanley China A Share Fund Inc. Common Stock,Finance,Investment Managers,United States,0.0,18.0,2944
CAG,ConAgra Brands Inc. Common Stock,Consumer Staples,Packaged Foods,United States,6797757513.0,14.16,14645904
CAH,Cardinal Health Inc. Common Stock,Health Care,Other Pharmaceuticals,United States,51010208110.0,220.29,2392866
CAI,Caris Life Sciences Inc. Common Stock,Health Care,Medical Specialities,United States,8972397156.0,31.75,3938685
CAII,Collective Acquisition Corp. II Class A Ordinary Shares,Finance,Blank Checks,United States,0.0,10.0,103368
CAIIU,Collective Acquisition Corp. II Units,Finance,Blank Checks,United States,0.0,10.075,31
CAKE,Cheesecake Factory Incorporated (The) Common Stock,Consumer Discretionary,Restaurants,United States,5232828271.0,105.16,1413701
CAL,Caleres Inc. Common Stock,Consumer Discretionary,Shoe Manufacturing,United States,432347362.0,12.53,438462
CALC,CalciMedica Inc. Common Stock,Health Care,Biotechnology: Pharmaceutical Preparations,United States,11471531.0,1.68,26594
CALM,Cal-Maine Foods Inc. Common Stock,Consumer Staples,Farming/Seeds/Milling,United States,3160020108.0,67.355,991316
CALX,Calix Inc Common Stock,Consumer Discretionary,Telecommunications Equipment,United States,2089774795.0,33.19,1269264
CALY,Callaway Golf Company Common Stock,Consumer Discretionary,Recreational Games/Products/Toys,United States,2554485556.0,14.31,1962285
CAMP,CAMP4 Therapeutics Corporation Common Stock,Health Care,Biotechnology: Pharmaceutical Preparations,United States,241599820.0,3.85,116918
CAMT,Camtek Ltd. Ordinary Shares,Technology,Electronic Components,Israel,6638296844.0,142.61,288146
CAN,Canaan Inc. American Depositary Shares,Finance,Finance: Consumer Services,China,265838653.0,0.3737,4767563
CANF,Can-Fite Biopharma Ltd American Depositary Shares each representing two (2) Ordinary Shares,Health Care,Biotechnology: Pharmaceutical Preparations,Israel,4777880.0,2.23,36541
CANG,Cango Inc. Class A Ordinary Shares,Finance,Finance: Consumer Services,China,93940304.0,2.29,1567912
CAPL,CrossAmerica Partners LP Common Units representing limited partner interests,Energy,Oil Refining/Marketing,United States,824160575.0,21.59,12713
CAPN,Cayson Acquisition Corp Ordinary shares,Other,,United States,0.0,11.25,84
CAPR,Capricor Therapeutics Inc. Common Stock,Health Care,Biotechnology: Pharmaceutical Preparations,United States,506390594.0,8.71,2097341
CAPS,Capstone Holding Corp. Common Stock,Consumer Discretionary,RETAIL: Building Materials,United States,3458250.0,0.159,834631
CAQ,Cambridge Acquisition Corp. Class A Ordinary Shares,Other,,United States,0.0,10.01,612
CAQUU,Cambridge Acquisition Corp. Unit,Other,,United States,0.0,10.07,9
CAR,Avis Budget Group Inc. Common Stock,Consumer Discretionary,Rental/Leasing Companies,United States,3706731367.0,104.93,318646
CARE,Carter Bankshares Inc. Common Stock,Finance,Major Banks,United States,657382193.0,29.66,217540
CARG,CarGurus Inc. Class A Common Stock,Technology,EDP Services,United States,2744353857.0,30.81,983490
CARL,Carlsmed Inc. Common Stock,Health Care,Medical/Dental Instruments,United States,387152896.0,14.18,52964
CARR,Carrier Global Corporation Common Stock,Industrials,Industrial Machinery/Components,United States,46055040935.0,55.87,5603673
CARS,Cars.com Inc. Common Stock,Technology,EDP Services,United States,557810880.0,10.42,618449
CART,Maplebear Inc. Common Stock,Consumer Discretionary,Business Services,United States,10286029556.0,43.34,4522707
CASH,Pathward Financial Inc. Common Stock,Finance,Major Banks,United States,1501706339.0,72.29,192101
CASS,Cass Information Systems Inc Common Stock,Consumer Discretionary,Business Services,United States,694733583.0,54.25,80710
CAST,FreeCast Inc. Class A Common Stock,Technology,EDP Services,United States,56145653.0,1.18,580569
CASY,Casey's General Stores Inc. Common Stock,Consumer Discretionary,Retail-Auto Dealers and Gas Stations,United States,22406731642.0,606.24,876491
CAT,Caterpillar Inc. Common Stock,Industrials,Construction/Ag Equipment/Trucks,United States,376910425236.0,819.95,2177545
CATL,Catalyst Acquisition Corp. Class A Ordinary Share,Finance,Blank Checks,United States,0.0,9.79,15325
CATO,Cato Corporation (The) Class A Common Stock,Consumer Discretionary,Clothing/Shoe/Accessory Stores,United States,48186917.0,2.42,77414
CATX,Perspective Therapeutics Inc. Common Stock,Health Care,Biotechnology: Pharmaceutical Preparations,United States,285379158.0,2.5,1504868
CATY,Cathay General Bancorp Common Stock,Finance,Major Banks,United States,4052197427.0,60.74,415141
CAVA,CAVA Group Inc. Common Stock,Consumer Discretionary,Restaurants,United States,6024863693.0,51.58,2906380
CB,Chubb Limited  Common Stock,Finance,Property-Casualty Insurers,Switzerland,127842499277.0,331.37,2692585
CBAN,Colony Bankcorp Inc. Common Stock,Finance,Major Banks,United States,436727460.0,20.58,149645
CBAT,CBAK Energy Technology Limited Ordinary Shares,Miscellaneous,Industrial Machinery/Components,China,100169795.0,1.13,925075
CBC,Central Bancompany Inc. Class A Common Stock,Finance,Major Banks,United States,7628238486.0,31.85,918196
CBFV,CB Financial Services Inc. Common Stock,Finance,Major Banks,United States,188221871.0,37.04,4721
CBIO,Crescent Biopharma Inc. Common Stock,Health Care,Biotechnology: Pharmaceutical Preparations,United States,539701448.0,14.53,294771
CBK,Commercial Bancgroup Inc. Common Stock,Finance,Major Banks,United States,438303627.0,31.99,27985
CBL,CBL & Associates Properties Inc. Common Stock,Real Estate,Real Estate Investment Trusts,United States,1619234474.0,52.33,135150
CBLL,CeriBell Inc. Common Stock,Health Care,Biotechnology: Electromedical & Electrotherapeutic Apparatus,United States,940647256.0,24.51,217949
CBNA,Chain Bridge Bancorp Inc. Class A Common Stock,Finance,Major Banks,,311555071.0,47.48,15852
CBNK,Capital Bancorp Inc. Common Stock,Finance,Major Banks,United States,588411271.0,36.12,54176
CBOE,Cboe Global Markets Inc. Common Stock,Finance,Investment Bankers/Brokers/Service,,28319216625.0,253.26,827027
CBRE,CBRE Group Inc Common Stock Class A,Finance,Real Estate,United States,37746140094.0,130.35,2640477
CBRL,Cracker Barrel Old Country Store Inc Common Stock,Consumer Discretionary,Restaurants,United States,1200996064.0,53.73,1253233
CBRS,Cerebras Systems Inc. Class A Common Stock,Technology,Semiconductors,United States,46738349426.0,196.74,5210554
CBSH,Commerce Bancshares Inc. Common Stock,Finance,Major Banks,United States,8014990107.0,55.88,677067
CBT,Cabot Corporation Common Stock,Industrials,Major Chemicals,United States,4050452499.0,78.45,370801
CBU,Community Financial System Inc. Common Stock,Finance,Major Banks,United States,3182736093.0,60.49,234309
CBUS,Cibus Inc. Class A Common Stock,Industrials,Agricultural Chemicals,United States,112350577.0,1.47,103045
CBZ,CBIZ Inc. Common Stock,Consumer Discretionary,Business Services,United States,2968776820.0,54.71,1220200
CC,Chemours Company (The) Common Stock,Industrials,Major Chemicals,United States,2126550799.0,14.13,1244611
CCAP,Crescent Capital BDC Inc. Common stock,Finance,Finance: Consumer Services,United States,350036544.0,9.5,187872
CCAQ,Collective Acquisition Corp. Class A Ordinary Shares,Finance,Blank Checks,United States,0.0,10.69,57
CCB,Coastal Financial Corporation Common Stock,Finance,Major Banks,United States,573925147.0,37.545,776429
CCBG,Capital City Bank Group Common Stock,Finance,Major Banks,United States,842658744.0,49.24,118799
CCC,CCC Intelligent Solutions Holdings Inc. Common Stock,Technology,Computer Software: Prepackaged Software,United States,3899144940.0,6.62,19605140
CCCC,C4 Therapeutics Inc. Common Stock,Health Care,Biotechnology: Biological Products (No Diagnostic Substances),United States,383223299.0,3.115,2778853
CCCT,Columbus Circle Capital Corp III Class A Ordinary Shares,Other,,United States,0.0,9.84,56
CCD,Calamos Dynamic Convertible & Income Fund Common Stock,Finance,Trusts Except Educational Religious and Charitable,United States,0.0,22.41,91482
CCEC,Capital Clean Energy Carriers Corp. Common Share,Consumer Discretionary,Marine Transportation,Greece,1311302672.0,21.75,963
CCEL,Cryo-Cell International Inc. Common Stock,Health Care,Misc Health and Biotechnology Services,United States,33540624.0,4.16,1914
CCEP,Coca-Cola Europacific Partners plc Ordinary Shares,Consumer Staples,Beverages (Production/Distribution),United Kingdom,46701172883.0,102.87,1558044
CCG,Cheche Group Inc. Class A Ordinary Shares,Finance,Specialty Insurers,China,24853826.0,9.92,42189
CCHH,CCH Holdings Ltd Class A Ordinary Shares,Consumer Discretionary,Restaurants,Malaysia,18462313.0,0.9317,29363
CCI,Crown Castle Inc. Common Stock,Real Estate,Real Estate Investment Trusts,United States,28548059957.0,67.1,3164923
CCID,Carlyle Credit Income Fund 7.375% Series D Term Preferred Shares due 2028,Other,,,0.0,24.895,1683
CCIF,Carlyle Credit Income Fund Shares of Beneficial Interest,Finance,Finance/Investors Services,,0.0,2.39,52565
CCII,Cohen Circle Acquisition Corp. II Class A Ordinary Shares,Other,,United States,0.0,10.3,31
CCJ,Cameco Corporation Common Stock,Basic Materials,Other Metals and Minerals,Canada,37908790405.0,87.04,2925812
CCK,Crown Holdings Inc.,Industrials,Containers/Packaging,United States,11688492117.0,107.47,1022909
CCL,Carnival Corporation Ltd. Common Shares,Consumer Discretionary,Marine Transportation,United States,30324031495.0,22.14,31394751
CCLD,CareCloud Inc. Common Stock,Technology,Computer Software: Prepackaged Software,United States,87112411.0,2.05,183096
CCM,Concord Medical Services Holdings Limited American Depositary Shares (Each represents thirty (30) Class A ordinary shares),Health Care,Medical/Nursing Services,China,15369699.0,3.54,11241
CCNE,CNB Financial Corporation Common Stock,Finance,Major Banks,United States,1002370748.0,33.84,134260
CCNEP,CNB Financial Corporation Depositary Shares each representing a 1/40th ownership interest in a share of 7.125% Series A Fixed-Rate Non-Cumulative Perpetual Preferred Stock,Finance,Major Banks,United States,735338470.0,24.825,1282
CCO,Clear Channel Outdoor Holdings Inc. Common Stock,Consumer Discretionary,Advertising,United States,1201461474.0,2.36,3981440
CCOI,Cogent Communications Holdings Inc.,Consumer Discretionary,Telecommunications Equipment,United States,380532918.0,7.43,1717787
CCS,Century Communities Inc. Common Stock,Consumer Discretionary,Homebuilding,United States,1751750969.0,61.61,226737
CCSI,Consensus Cloud Solutions Inc. Common Stock,Technology,Computer Software: Prepackaged Software,United States,631110314.0,34.44,138648
CCTG,CCSC Technology International Holdings Limited Class A Ordinary Shares,Consumer Discretionary,Building Products,Hong Kong,6519847.0,0.4801,50484
CCU,Compania Cervecerias Unidas S.A. Common Stock,Consumer Staples,Beverages (Production/Distribution),Chile,2002705566.0,10.84,146631
CCXI,Churchill Capital Corp XI Class A Ordinary Shares,Finance,Blank Checks,United States,0.0,12.05,990533
CCXIU,Churchill Capital Corp XI Units,Finance,Blank Checks,United States,0.0,12.67,294
CCXIW,Churchill Capital Corp XI Warrants,Other,,United States,0.0,6.11,44780
CCZ,Comcast Holdings ZONES,Telecommunications,Cable & Other Pay Television Services,United States,229490327176.0,64.67,3
CD,Chaince Digital Holdings Inc. Ordinary Shares,Finance,Finance: Consumer Services,China,717224776.0,6.52,272511
CDE,Coeur Mining Inc. Common Stock,Basic Materials,Precious Metals,United States,18369198414.0,17.87,36929755
CDIO,Cardio Diagnostics Holdings Inc. Common stock,Health Care,Biotechnology: In Vitro & In Vivo Diagnostic Substances,United States,5604642.0,1.8938,10350
CDIOW,Cardio Diagnostics Holdings Inc. Warrant,Health Care,Biotechnology: In Vitro & In Vivo Diagnostic Substances,United States,29595.0,0.01,15244
CDLR,Cadeler A/S American Depositary Share (each representing four (4) Ordinary Shares),Consumer Discretionary,Marine Transportation,,2209640167.0,22.9,58108
CDLX,Cardlytics Inc. Common Stock,Technology,Computer Software: Programming Data Processing,United States,18490568.0,3.14,26055
CDNA,CareDx Inc. Common Stock,Health Care,Medical Specialities,United States,3342030806.0,64.6,1082129
CDNL,Cardinal Infrastructure Group Inc. Class A Common Stock,Industrials,Military/Government/Technical,United States,1315953195.0,27.72,673827
CDNS,Cadence Design Systems Inc. Common Stock,Technology,Computer Software: Prepackaged Software,United States,89970893100.0,326.7,1996009
CDP,COPT Defense Properties Common Shares of Beneficial Interest,Real Estate,Real Estate Investment Trusts,United States,3828737062.0,33.76,964444
CDR^B,Cedar Realty Trust Inc. 7.25% Series B Cumulative Redeemable Preferred Stock,Other,,United States,,16.275,320
CDR^C,Cedar Realty Trust Inc. 6.50% Series C Cumulative Redeemable Preferred Stock,Other,,United States,,15.175,1217
CDRE,Cadre Holdings Inc. Common Stock,Health Care,Industrial Specialties,United States,1115908328.0,26.06,409879
CDRO,Codere Online Luxembourg S.A. Ordinary Shares,Consumer Discretionary,Services-Misc. Amusement & Recreation,Luxembourg,446059866.0,9.81,9998
CDT,CDT Equity Inc. Common Stock,Health Care,Biotechnology: Pharmaceutical Preparations,United States,2136579.0,0.076,30487987
CDTG,CDT Environmental Technology Investment Holdings Limited ordinary shares,Industrials,Miscellaneous,China,3625200.0,1.2,109227
CDTTW,CDT Equity Inc. Warrant,Health Care,Biotechnology: Pharmaceutical Preparations,United States,328921.0,0.0117,100
CDW,CDW Corporation Common Stock,Consumer Discretionary,Catalog/Specialty Distribution,United States,16293521131.0,130.33,1610439
CDXS,Codexis Inc. Common Stock,Industrials,Major Chemicals,United States,148927840.0,1.36,699223
CDZI,CADIZ Inc. Common Stock,Utilities,Water Supply,United States,303143929.0,3.58,3268151
CDZIP,Cadiz Inc. Depositary Shares,Utilities,Water Supply,United States,1854427943.0,21.9,6754
CE,Celanese Corporation Common Stock,Industrials,Major Chemicals,United States,5039670682.0,45.92,2102735
CECO,CECO Environmental Corp. Common Stock,Industrials,Pollution Control Equipment,United States,4232255916.0,72.26,399907
CEE,The Central and Eastern Europe Fund Inc. (The) Common Stock,Finance,Finance Companies,United States,0.0,19.46,18002
CEG,Constellation Energy Corporation Common Stock,Utilities,Electric Utilities: Central,United States,92272270713.0,260.43,2124875
CELC,Celcuity Inc. Common Stock,Health Care,Medical Specialities,United States,3896937153.0,79.64,610396
CELH,Celsius Holdings Inc. Common Stock,Consumer Staples,Beverages (Production/Distribution),United States,7084981316.0,28.0,6798349
CELU,Celularity Inc. Class A Common Stock,Health Care,Biotechnology: Pharmaceutical Preparations,United States,40524345.0,1.4,113635
CELZ,Creative Medical Technology Holdings Inc. Common Stock,Health Care,Biotechnology: Biological Products (No Diagnostic Substances),United States,7668483.0,1.01,217097
CENN,Cenntro Inc. Common Stock,Industrials,Auto Manufacturing,New Zealand,76584643.0,4.355,20056
CENT,Central Garden & Pet Company Common Stock,Consumer Discretionary,Consumer Specialties,United States,2483674289.0,39.68,72463
CENTA,Central Garden & Pet Company Class A Common Stock Nonvoting,Consumer Discretionary,Consumer Specialties,United States,2140666852.0,34.2,311086
CENX,Century Aluminum Company Common Stock,Industrials,Aluminum,United States,3702349233.0,37.4,2583022
CEPF,Cantor Equity Partners IV Inc. Class A Ordinary Shares,Finance,Blank Checks,United States,0.0,10.3,463692
CEPL,Capstone Energy Plus Inc. Common Stock,Industrials,Industrial Machinery/Components,United States,146099919.0,4.48,311567
CEPO,Cantor Equity Partners I Inc. Class A Ordinary Shares,Finance,Blank Checks,United States,0.0,10.76,78015
CEPS,Cantor Equity Partners VI Inc. Class A Ordinary Shares,Finance,Blank Checks,United States,0.0,10.3,8
CEPU,Central Puerto S.A. American Depositary Shares (each represents ten Common Shares),Utilities,Electric Utilities: Central,,1827120656.0,12.07,373518
CEPV,Cantor Equity Partners V Inc. Class A Ordinary Shares,Other,,United States,0.0,10.36,54
CERS,Cerus Corporation Common Stock,Health Care,Medical/Dental Instruments,United States,493736000.0,2.45,1512794
CERT,Certara Inc. Common Stock,Technology,Computer Software: Prepackaged Software,United States,1392679061.0,9.13,2943676
CET,Central Securities Corporation Common Stock,Finance,Finance/Investors Services,United States,13364631544.0,55.22,32758
CETX,Cemtrex Inc. Common Stock,Technology,Electrical Products,United States,3493916.0,2.03,30637
CETY,Clean Energy Technologies Inc. Common Stock,Utilities,Oil/Gas Transmission,United States,11984831.0,0.9851,7668
CEV,Eaton Vance California Municipal Income Trust Shares of Beneficial Interest,Finance,Finance/Investors Services,United States,69280714.0,9.85,62793
CEVA,CEVA Inc. Common Stock,Technology,Computer Software: Programming Data Processing,United States,976664758.0,34.69,673499
CF,CF Industries Holdings Inc. Common Stock,Industrials,Agricultural Chemicals,United States,17481067396.0,115.51,2875859
CFBK,CF Bankshares Inc. Common Stock,Finance,Major Banks,United States,219731286.0,34.25,35350
CFFI,C&F Financial Corporation Common Stock,Finance,Major Banks,United States,307902621.0,94.69,146962
CFFN,Capitol Federal Financial Inc. Common Stock,Finance,Savings Institutions,United States,1063407474.0,8.46,950637
CFG,Citizens Financial Group Inc. Common Stock,Finance,Major Banks,United States,27292255862.0,64.8,3577929
CFG^E,Citizens Financial Group Inc. Depositary Shares Each Representing 1/40th Interest in a Share of 5.000% Fixed-Rate Non-Cumulative Perpetual Preferred Stock Series E,Other,,United States,,16.88,68003
CFG^H,Citizens Financial Group Inc. Depositary Shares Each Representing a 1/40th Interest in a Share of 7.375% Fixed-Rate Non-Cumulative Perpetual Preferred Stock Series H,Other,,United States,,25.13,28287
CFG^I,Citizens Financial Group Inc. Depositary Shares Each Representing a 1/40th Interest in a Share of 6.500% Fixed-Rate Reset Non-Cumulative Perpetual Preferred Stock Series I,Other,,United States,,24.11,15937
CFND,C1 Fund Inc. Common Stock,Other,,,0.0,2.99,52279
CFR,Cullen/Frost Bankers Inc. Common Stock,Finance,Major Banks,United States,9721312950.0,156.42,493060
CFR^B,Cullen/Frost Bankers Inc. Depositary Shares each representing a 1/40th ownership interest in a share of 4.450% non-cumulative perpetual preferred stock Series B,Other,,United States,,15.745,28472
CFTR^A,Cantor Fitzgerald Income Trust Inc. 9.50% Series A Cumulative Redeemable Preferred Stock,Other,,,,25.25,2398
CG,The Carlyle Group Inc. Common Stock,Finance,Investment Managers,United States,14082272177.0,39.52,2679355
CGABL,The Carlyle Group Inc. 4.625% Subordinated Notes due 2061,Finance,Investment Managers,United States,5541319175.0,15.32,31099
CGAU,Centerra Gold Inc. Common Shares,Basic Materials,Precious Metals,Canada,4345696585.0,21.76,1155498
CGBD,Carlyle Secured Lending Inc. Common Stock,Finance,Finance: Consumer Services,United States,770611307.0,11.2,262049
CGC,Canopy Growth Corporation Common Shares,Health Care, Medicinal Chemicals and Botanical Products ,Canada,391479064.0,0.9254,1476476
CGCF,Cartesian Growth Corporation IV Class A Ordinary Shares,Finance,Blank Checks,United States,0.0,9.8,131
CGCFU,Cartesian Growth Corporation IV Unit,Finance,Blank Checks,United States,0.0,9.89,59
CGEM,Cullinan Therapeutics Inc. Common Stock,Health Care,Biotechnology: Biological Products (No Diagnostic Substances),United States,962102675.0,14.95,1109247
CGEN,Compugen Ltd. Ordinary Shares,Health Care,Biotechnology: Biological Products (No Diagnostic Substances),Israel,220382202.0,2.33,94080
CGNT,Cognyte Software Ltd. Ordinary Shares,Technology,Computer Software: Prepackaged Software,Israel,630370250.0,8.53,468324
CGNX,Cognex Corporation Common Stock,Industrials,Industrial Machinery/Components,United States,9883150718.0,58.75,1555356
CGO,Calamos Global Total Return Fund Common Stock,Finance,Investment Managers,United States,0.0,12.84,12091
CGON,CG Oncology Inc. Common stock,Health Care,Biotechnology: Biological Products (No Diagnostic Substances),United States,6170256504.0,69.61,1759637
CGTL,Creative Global Technology Holdings Limited Class A Ordinary Shares,Technology,Retail: Computer Software & Peripheral Equipment,China,6928598.0,4.03,17628
CGTX,Cognition Therapeutics Inc. Common Stock,Health Care,Biotechnology: Biological Products (No Diagnostic Substances),United States,89235971.0,0.9384,200608
CHA,Chagee Holdings Limited American Depositary Shares,Consumer Discretionary,Restaurants,China,2184240083.0,11.45,658621
CHAD,DeFi Development Corp. Variable Rate Series C Perpetual Preferred Stock,Finance,Finance: Consumer Services,United States,285431913.0,8.75,26111
CHAI,Core AI Holdings Inc. Common Shares,Telecommunications,Telecommunications Equipment,Canada,6984048.0,0.27,609474
CHAR,Charlton Aria Acquisition Corporation Class A Ordinary Shares,Other,,United States,0.0,10.99,3844
CHARR,Charlton Aria Acquisition Corporation Rights,Finance,Blank Checks,United States,0.0,0.1,6196
CHCI,Comstock Holding Companies Inc. Class A Common Stock,Finance,Real Estate,United States,200806523.0,19.53,50293
CHCO,City Holding Company Common Stock,Finance,Major Banks,United States,1965901045.0,139.97,131702
CHCT,Community Healthcare Trust Incorporated Common Stock,Real Estate,Real Estate Investment Trusts,United States,410036479.0,14.31,337792
CHD,Church & Dwight Company Inc. Common Stock,Consumer Discretionary,Package Goods/Cosmetics,United States,22681437587.0,95.62,1533991
CHDN,Churchill Downs Incorporated Common Stock,Consumer Discretionary,Services-Misc. Amusement & Recreation,United States,5277702400.0,75.72,1602378
CHE,Chemed Corp,Health Care,Medical/Nursing Services,United States,6721880942.0,514.3,216061
CHEC,Chenghe Acquisition III Co. Class A Ordinary Share,Other,,Singapore,0.0,10.3,106
CHECU,Chenghe Acquisition III Co. Units,Finance,Blank Checks,Singapore,0.0,10.25,10
CHEF,The Chefs' Warehouse Inc. Common Stock,Consumer Discretionary,Food Distributors,United States,4559370236.0,111.76,446278
CHGA,Change Agents Corporation Common Stock,Technology,EDP Services,United States,2218028.0,1.98,88573
CHGG,Chegg Inc. Common Stock,Real Estate,Other Consumer Services,United States,79862068.0,0.7193,488750
CHH,Choice Hotels International Inc. Common Stock,Consumer Discretionary,Hotels/Resorts,United States,4653482320.0,103.0,406845
CHI,Calamos Convertible Opportunities and Income Fund Common Stock,Finance,Investment Managers,United States,0.0,11.36,303488
CHKP,Check Point Software Technologies Ltd. Ordinary Shares,Technology,Computer Software: Prepackaged Software,Israel,13198548957.0,129.27,940837
CHMG,Chemung Financial Corp Common Stock,Finance,Major Banks,United States,394058907.0,81.73,76085
CHMI,Cherry Hill Mortgage Investment Corporation Common Stock,Real Estate,Real Estate Investment Trusts,,100866386.0,2.73,194789
CHMI^A,Cherry Hill Mortgage Investment Corporation 8.20% Series A Cumulative Redeemable Preferred Stock,Other,,,,21.1501,3264
CHMI^B,Cherry Hill Mortgage Investment Corporation 8.250% Series B Fixed-to-Floating Rate Cumulative Redeemable Preferred Stock,Other,,,,23.75,3259
CHNR,China Natural Resources Inc. Common Stock,Basic Materials,Precious Metals,Hong Kong,4834226.0,3.92,4614
CHOW,ChowChow Cloud International Holdings Limited Ordinary Shares,Technology,Computer Software: Prepackaged Software,,22124466.0,0.6234,112068
CHPG,ChampionsGate Acquisition Corporation Class A Ordinary Share,Other,,United States,0.0,10.45,335
CHPGR,ChampionsGate Acquisition Corporation Rights,Other,,United States,0.0,0.1206,2061
CHPT,ChargePoint Holdings Inc. Common Stock,Miscellaneous,Industrial Machinery/Components,United States,234671832.0,8.74,1036060
CHR,Cheer Holding Inc. Class A Ordinary Share,Technology,EDP Services,China,3834816.0,1.635,10237
CHRD,Chord Energy Corporation Common Stock,Energy,Oil & Gas Production,United States,7392417401.0,135.15,662344
CHRN,ChronoScale Holdings Corporation Common Stock,Industrials,Industrial Machinery/Components,United States,2885806111.0,19.815,92786
CHRS,Coherus Oncology Inc. Common Stock,Health Care,Biotechnology: Biological Products (No Diagnostic Substances),United States,176131101.0,1.14,1143291
CHRW,C.H. Robinson Worldwide Inc. Common Stock,Industrials,Integrated Freight & Logistics,United States,17322030486.0,148.24,987319
CHSCL,CHS Inc Class B Cumulative Redeemable Preferred Stock Series 4,Industrials,Farming/Seeds/Milling,United States,307290955.0,25.04,36938
CHSCM,CHS Inc Class B Reset Rate Cumulative Redeemable Preferred Stock Series 3,Industrials,Farming/Seeds/Milling,United States,289005671.0,23.55,45274
CHSCN,CHS Inc Preferred Class B Series 2 Reset Rate,Industrials,Farming/Seeds/Milling,United States,297597300.0,24.2501,60921
CHSCO,CHS Inc. Class B Cumulative Redeemable Preferred Stock,Industrials,Farming/Seeds/Milling,United States,314285997.0,25.61,20471
CHSCP,CHS Inc. 8%  Cumulative Redeemable Preferred Stock,Industrials,Farming/Seeds/Milling,United States,318090318.0,25.92,17611
CHSN,Chanson International Holding Class A Ordinary Shares,Consumer Staples,Packaged Foods,China,4266255.0,1.15,40762
CHT,Chunghwa Telecom Co. Ltd.,Telecommunications,Telecommunications Equipment,Taiwan,35668739191.0,45.98,225312
CHTR,Charter Communications Inc. Class A Common Stock New,Telecommunications,Cable & Other Pay Television Services,United States,12763932609.0,111.4,2914247
CHTRP,Charter Communications Inc. Series A Cumulative Redeemable Preferred Stock,Telecommunications,Cable & Other Pay Television Services,United States,2589451319.0,22.6,14704
CHW,Calamos Global Dynamic Income Fund Common Stock,Finance,Investment Managers,United States,0.0,8.14,468702
CHWY,Chewy Inc. Class A Common Stock,Consumer Discretionary,Catalog/Specialty Distribution,United States,7479866104.0,18.61,10771720
CHY,Calamos Convertible and High Income Fund Common Stock,Finance,Investment Managers,United States,0.0,11.61,246922
CHYM,Chime Financial Inc. Class A Common Stock,Finance,Finance: Consumer Services,United States,10104436613.0,26.69,4638433
CI,The Cigna Group Common Stock,Health Care,Medical Specialities,United States,71828491309.0,271.83,1752758
CIA,Citizens Inc. Class A Common Stock ($1.00 Par),Finance,Life Insurance,United States,182821620.0,3.61,96472
CIB,Grupo Cibest S.A. American Depositary Shares each representing four Preferred Shares,Finance,Commercial Banks,Colombia,22007343555.0,92.35,264876
CICB,CION Investment Corporation 7.50% Notes due 2029,Finance,Finance/Investors Services,United States,0.0,24.55,7048
CICC,CION Investment Corporation 7.50% Notes due 2031,Finance,Finance/Investors Services,United States,0.0,24.39,8641
CIEN,Ciena Corporation Common Stock,Utilities,Telecommunications Equipment,United States,48809076220.0,344.19,1833431
CIFR,Cipher Digital Inc. Common Stock,Finance,Finance: Consumer Services,United States,6947614286.0,16.74,22341221
CIG,Comp En De Mn Cemig ADS American Depositary Shares,Utilities,Electric Utilities: Central,Brazil,5809417247.0,2.03,3661382
CIGI,Colliers International Group Inc. Subordinate Voting Shares,Finance,Real Estate,Canada,4594744546.0,89.91,268109
CIGL,Concorde International Group Ltd Class A Ordinary Shares,Consumer Discretionary,Diversified Commercial Services,Singapore,88637825.0,0.3905,62036
CII,BlackRock Enhanced Large Cap Core Fund Inc. Common Stock,Finance,Investment Bankers/Brokers/Service,United States,3550960183.0,23.87,69419
CIIT,Tianci International Inc. Common Stock,Telecommunications,Computer Communications Equipment,Hong Kong,2626467.0,2.715,16099
CIK,UBS Asset Management Income Fund Inc. Common Stock,Finance,Finance/Investors Services,United States,0.0,2.31,779535
CIM,Chimera Investment Corporation Common Stock,Real Estate,Real Estate Investment Trusts,United States,851349189.0,10.17,1545046
CIM^A,Chimera Investment Corporation 8.00% Series A Cumulative Redeemable Preferred Stock,Other,,United States,,19.5999,14221
CIM^B,Chimera Investment Corporation 8.00% Series B Fixed-to-Floating Rate Cumulative Redeemable Preferred Stock,Other,,United States,,23.15,28152
CIM^C,Chimera Investment Corporation 7.75% Series C Fixed-to-Floating Rate  Cumulative Redeemable  Preferred Stock,Other,,United States,,21.03,30490
CIM^D,Chimera Investment Corporation 8.00% Series D Fixed-to-Floating Rate Cumulative Redeemable Preferred Stock,Other,,United States,,22.95,12258
CIMN,Chimera Investment Corporation 9.000% Senior Notes due 2029,Real Estate,Real Estate Investment Trusts,United States,2014072707.0,25.01,17636
CIMO,Chimera Investment Corporation 9.250% Senior Notes due 2029,Real Estate,Real Estate Investment Trusts,United States,0.0,25.19,8371
CIMP,Chimera Investment Corporation 8.875% Senior Notes due 2030,Real Estate,Real Estate Investment Trusts,United States,0.0,25.0,14391
CINF,Cincinnati Financial Corporation Common Stock,Finance,Property-Casualty Insurers,United States,24851165046.0,161.92,402093
CING,Cingulate Inc. Common Stock,Health Care,Biotechnology: Pharmaceutical Preparations,United States,70091601.0,4.82,171974
CINGW,Cingulate Inc. Warrants,Health Care,Biotechnology: Pharmaceutical Preparations,United States,87251.0,0.006,2006
CINT,CI&T Inc Class A Common Shares,Technology,EDP Services,,372491386.0,2.89,91183
CION,CION Investment Corporation Common Stock,Finance,Finance/Investors Services,United States,347863117.0,7.07,329775
CIRC,Circle8 Group Inc. Common Stock,Industrials,Biotechnology: Laboratory Analytical Instruments,United States,45190735.0,0.395,749278
CISO,CISO Global Inc. Common Stock,Consumer Discretionary,Professional Services,United States,9469336.0,0.208,514522
CISS,C3is Inc. Common Stock,Consumer Discretionary,Marine Transportation,Greece,1547489.0,1.04,291585
CITR,CitroTech Inc. Common Stock,Industrials,Major Chemicals,,85703201.0,3.8,49220
CIVB,Civista Bancshares Inc. Common Stock,Finance,Major Banks,United States,555414097.0,26.71,118804
CIX,CompX International Inc. Common Stock,Consumer Discretionary,Industrial Machinery/Components,United States,480019324.0,38.91,51830
CJMB,Callan JMB Inc. Common Stock,Consumer Discretionary,Business Services,United States,13115399.0,2.28,96615
CKX,CKX Lands Inc. Common Stock,Energy,Oil & Gas Production,United States,21968480.0,10.7,1250
CL,Colgate-Palmolive Company Common Stock,Consumer Discretionary,Package Goods/Cosmetics,United States,68971393165.0,86.52,4485648
CLAR,Clarus Corporation Common Stock,Consumer Discretionary,Recreational Games/Products/Toys,United States,134008543.0,3.5,140907
CLB,Core Laboratories Inc. Common Stock,Energy,Oilfield Services/Equipment,Netherlands,460221956.0,10.03,620343
CLBK,Columbia Financial Inc. Common Stock,Finance,Savings Institutions,United States,1134117412.0,10.9,2979584
CLBR,Colombier Acquisition Corp. III Class A Ordinary Shares,Other,,,0.0,10.2,47535
CLBT,Cellebrite DI Ltd. Ordinary Shares,Technology,Computer Software: Prepackaged Software,Israel,2782345534.0,11.07,2879157
CLDI,Calidi Biotherapeutics Inc. Common Stock,Health Care,Biotechnology: Biological Products (No Diagnostic Substances),,3943858.0,1.07,154902
CLDT,Chatham Lodging Trust (REIT) Common Shares of Beneficial Interest,Real Estate,Real Estate Investment Trusts,United States,620719635.0,13.33,369764
CLDT^A,Chatham Lodging Trust (REIT) 6.625% Series A Cumulative Redeemable Preferred Shares of Beneficial Interest,Other,,United States,,19.4,15326
CLDX,Celldex Therapeutics Inc.,Health Care,Biotechnology: In Vitro & In Vivo Diagnostic Substances,United States,2472894963.0,31.49,1824292
CLF,Cleveland-Cliffs Inc. Common Stock,Basic Materials,Metal Mining,United States,6401459327.0,11.22,26451025
CLFD,Clearfield Inc. Common Stock,Utilities,Telecommunications Equipment,United States,416484060.0,30.66,78173
CLGN,CollPlant Biotechnologies Ltd Ordinary Shares,Health Care,Industrial Specialties,Israel,7317477.0,3.87,31275
CLH,Clean Harbors Inc. Common Stock,Industrials,Environmental Services,United States,16536133308.0,313.26,347274
CLIK,Click Holdings Limited Class A Ordinary Share,Consumer Discretionary,Diversified Commercial Services,Hong Kong,9847488.0,1.15,22030
CLIR,ClearSign Technologies Corporation Common Stock (DE),Industrials,Industrial Machinery/Components,United States,24847211.0,3.65,31816
CLLS,Cellectis S.A. American Depositary Shares,Health Care,Biotechnology: Pharmaceutical Preparations,France,148780368.0,1.48,58057
CLM,Cornerstone Strategic Investment Fund Inc. Common Shares,Finance,Finance/Investors Services,United States,0.0,6.38,1036914
CLMB,Climb Global Solutions Inc. Common Stock,Technology,Retail: Computer Software & Peripheral Equipment,United States,608523438.0,32.61,331626
CLMT,Calumet Inc. Common Stock,Energy,Integrated oil Companies,United States,4624326091.0,52.61,1340386
CLNE,Clean Energy Fuels Corp. Common Stock,Utilities,Natural Gas Distribution,United States,350507574.0,1.59,1086349
CLNN,Clene Inc. Common Stock,Health Care,Biotechnology: Pharmaceutical Preparations,United States,57708763.0,4.06,91742
CLOV,Clover Health Investments Corp. Class A Common Stock,Health Care,Medical Specialities,United States,2299906619.0,4.33,3333244
CLPR,Clipper Realty Inc. Common Stock,Real Estate,Real Estate Investment Trusts,United States,52996816.0,3.28,128787
CLPS,CLPS Incorporation Common Stock,Technology,Computer Software: Prepackaged Software,China,30344270.0,1.0202,8137
CLPT,ClearPoint Neuro Inc. Common Stock,Health Care,Medical/Dental Instruments,United States,467019715.0,15.31,478721
CLRB,Cellectar Biosciences Inc.  Common Stock,Health Care,Biotechnology: Pharmaceutical Preparations,United States,17297358.0,1.83,65023
CLRO,ClearOne Inc. Common Stock,Utilities,Telecommunications Equipment,United States,13644601.0,5.1,28334843
CLS,Celestica Inc. Common Stock,Technology,Electrical Products,Canada,40991361839.0,356.53,2483705
CLSK,CleanSpark Inc. Common Stock,Finance,Finance: Consumer Services,United States,3425939754.0,13.34,11426343
CLSKW,CleanSpark Inc. Warrant,Finance,Finance: Consumer Services,United States,61661779.0,0.2401,78980
CLST,Catalyst Bancorp Inc. Common Stock,Finance,Savings Institutions,United States,71738553.0,17.7844,324
CLVT,Clarivate Plc Ordinary Shares,Technology,EDP Services,United Kingdom,1093825445.0,1.71,3614066
CLW,Clearwater Paper Corporation Common Stock,Basic Materials,Paper,United States,320781226.0,19.89,118222
CLWT,Euro Tech Holdings Company Limited Common Stock,Consumer Discretionary,Professional and commerical equipment,Hong Kong,10376050.0,1.4,8473
CLX,Clorox Company (The) Common Stock,Consumer Discretionary,Specialty Chemicals,United States,9846202427.0,81.42,3207067
CLYM,Climb Bio Inc. Common Stock,Health Care,Biotechnology: Pharmaceutical Preparations,United States,674301634.0,11.74,811315
CM,Canadian Imperial Bank of Commerce Common Stock,Finance,Commercial Banks,Canada,101827280877.0,112.15,4360612
CMBT,CMB.TECH NV Ordinary Shares,Consumer Discretionary,Marine Transportation,,6019374175.0,19.05,705431
CMC,Commercial Metals Company Common Stock,Industrials,Steel/Iron Ore,United States,7134163364.0,64.49,1410811
CMCL,Caledonia Mining Corporation Plc Common Shares,Basic Materials,Precious Metals,Canada,450507341.0,23.3,219538
CMCM,Cheetah Mobile Inc. American Depositary Shares each representing fifty (50) Class A Ordinary Shares,Technology,Computer Software: Prepackaged Software,China,81057179.0,2.6,2727
CMCO,Columbus McKinnon Corporation Common Stock,Industrials,Construction/Ag Equipment/Trucks,United States,472507674.0,16.37,630753
CMCSA,Comcast Corporation Class A Common Stock,Telecommunications,Cable & Other Pay Television Services,United States,77324790926.0,21.79,32508311
CMCT,Creative Media & Community Trust Corporation Common stock,Real Estate,Real Estate Investment Trusts,United States,5806561.0,1.97,3823
CMDB,Costamare Bulkers Holdings Limited Common Stock,Consumer Discretionary,Marine Transportation,,532937603.0,22.04,66973
CME,CME Group Inc. Class A Common Stock,Finance,Investment Bankers/Brokers/Service,United States,94655645192.0,263.24,1335695
CMG,Chipotle Mexican Grill Inc. Common Stock,Consumer Discretionary,Restaurants,United States,40303563300.0,31.85,31440121
CMI,Cummins Inc. Common Stock,Industrials,Industrial Machinery/Components,United States,71288177948.0,517.84,950179
CMMB,Chemomab Therapeutics Ltd. American Depositary Share,Health Care,Biotechnology: Pharmaceutical Preparations,Israel,11882797.0,1.64,349778
CMND,Clearmind Medicine Inc. Common Shares,Health Care,Biotechnology: Pharmaceutical Preparations,Canada,1689783.0,0.7877,91669
CMP,Compass Minerals Intl Inc Common Stock,Industrials,Mining & Quarrying of Nonmetallic Minerals (No Fuels),United States,939951769.0,22.39,287381
CMPR,Cimpress plc Ordinary Shares (Ireland),Consumer Discretionary,Publishing,Netherlands,1949175554.0,80.05,183137
CMPS,COMPASS Pathways Plc American Depository Shares,Health Care,Biotechnology: Pharmaceutical Preparations,United Kingdom,1832048355.0,13.23,1782418
CMPX,Compass Therapeutics Inc. Common Stock,Health Care,Biotechnology: Biological Products (No Diagnostic Substances),United States,199897586.0,1.11,3704924
CMRC,Commerce.com Inc. Series 1 Common Stock,Technology,Computer Software: Prepackaged Software,United States,262663001.0,3.17,448411
CMRE,Costamare Inc. Common Stock $0.0001 par value,Consumer Discretionary,Marine Transportation,Greece,1775066532.0,14.72,284953
CMRE^B,Costamare Inc. Perpetual Preferred Stock Series B (Marshall Islands),Other,,Greece,,25.43,3284
CMRE^C,Costamare Inc. Perpetual Preferred Series C (Marshall Islands),Other,,Greece,,26.75,6373
CMRE^D,Costamare Inc. 8.75% Series D Cumulative Redeemable Perpetual Preferred Stock,Other,,Greece,,26.3399,7646
CMS,CMS Energy Corporation Common Stock,Utilities,Power Generation,United States,19629928714.0,62.6,4291576
CMS^B,CMS Energy Corporation Preferred Stock,Other,,United States,,74.92,3140
CMS^C,CMS Energy Corporation Depositary Shares each representing a 1/1000th interest in a share of 4.200% Cumulative Redeemable Perpetual Preferred Stock Series C,Other,,United States,,16.6,44190
CMSA,CMS Energy Corporation 5.625% Junior Subordinated Notes due 2078,Utilities,Power Generation,United States,5733770755.0,19.155,18782
CMSC,CMS Energy Corporation 5.875% Junior Subordinated Notes due 2078,Utilities,Power Generation,United States,6106443404.0,20.4,26979
CMSD,CMS Energy Corporation 5.875% Junior Subordinated Notes due 2079,Utilities,Power Generation,United States,6067529794.0,20.27,46786
CMT,Core Molding Technologies Inc Common Stock,Industrials,Plastic Products,United States,199103265.0,22.5,41093
CMTG,Claros Mortgage Trust Inc. Common Stock,Finance,Real Estate,United States,179176942.0,1.27,502250
CMTL,Comtech Telecommunications Corp. Common Stock,Technology,Radio And Television Broadcasting And Communications Equipment,United States,41646389.0,1.39,190910
CMTV,Community Bancorp. Common Stock,Finance,Major Banks,United States,231989361.0,41.42,26148
CNA,CNA Financial Corporation Common Stock,Finance,Property-Casualty Insurers,United States,12296106168.0,45.44,619935
CNC,Centene Corporation Common Stock,Health Care,Medical Specialities,United States,30889507350.0,62.53,5165079
CNCK,Coincheck Group N.V. Ordinary Shares,Finance,Finance: Consumer Services,Netherlands,291532919.0,1.52,122690
CNDT,Conduent Incorporated Common Stock,Consumer Discretionary,Business Services,United States,244167656.0,1.57,1125450
CNET,ZW Data Action Technologies Inc. Common Stock,Technology,Computer Software: Programming Data Processing,China,7483595.0,2.04,763499
CNEY,CN Energy Group Inc. Class A Ordinary Shares,Industrials,Major Chemicals,China,4712800.0,0.5745,22759
CNF,CNFinance Holdings Limited American Depositary Shares each representing two hundred (200) Ordinary Shares,Finance,Finance: Consumer Services,,35417791.0,1.99,6119
CNH,CNH Industrial N.V. Common Shares,Industrials,Construction/Ag Equipment/Trucks,United Kingdom,16412246203.0,13.26,11108103
CNI,Canadian National Railway Company Common Stock,Industrials,Railroads,Canada,73180674000.0,121.14,1565743
CNK,Cinemark Holdings Inc Cinemark Holdings Inc. Common Stock,Consumer Discretionary,Movies/Entertainment,United States,4448696995.0,38.38,2715591
CNL,Collective Mining Ltd. Common Shares,Other,,United States,1137953015.0,12.27,155085
CNM,Core & Main Inc. Class A Common Stock,Consumer Discretionary,Durable Goods,United States,8075042780.0,42.39,2009748
CNMD,CONMED Corporation Common Stock,Health Care,Biotechnology: Electromedical & Electrotherapeutic Apparatus,United States,1392134007.0,46.48,374866
CNNE,Cannae Holdings Inc. Common Stock,Consumer Discretionary,Restaurants,United States,675770457.0,15.58,471182
CNO,CNO Financial Group Inc. Common Stock,Finance,Accident &Health Insurance,United States,4962846340.0,53.64,850015
CNO^A,CNO Financial Group Inc. 5.125% Subordinated Debentures due 2060,Other,,United States,,16.78,1100
CNOB,ConnectOne Bancorp Inc. Common Stock,Finance,Major Banks,United States,1661438628.0,30.6,287579
CNOBP,ConnectOne Bancorp Inc. Depositary Shares each representing a 1/40th interest in a share of 5.25% Fixed-Rate Reset Non-Cumulative Perpetual Preferred Stock Series A,Finance,Major Banks,United States,1368786530.0,25.21,4395
CNP,CenterPoint Energy Inc (Holding Co) Common Stock,Utilities,Electric Utilities: Central,United States,24122336947.0,36.62,6036831
CNQ,Canadian Natural Resources Limited Common Stock,Energy,Oil & Gas Production,Canada,98373342000.0,47.55,6008527
CNR,Core Natural Resources Inc. Common Stock,Energy,Coal Mining,United States,4387845119.0,88.4,431002
CNS,Cohen & Steers Inc Common Stock,Finance,Investment Managers,United States,3793366489.0,73.77,497798
CNSP,CNS Pharmaceuticals Inc. Common Stock,Health Care,Biotechnology: Pharmaceutical Preparations,United States,7468004.0,5.11,2369
CNSY,Cerenome Inc. Common Stock,Health Care,Medical/Dental Instruments,United States,15331043.0,2.02,99121
CNTB,Connect Biopharma Holdings Limited Ordinary Shares,Health Care,Biotechnology: Pharmaceutical Preparations,China,68012254.0,1.08,2464411
CNTN,Canton Strategic Holdings Inc. Common Stock,Health Care,Biotechnology: Pharmaceutical Preparations,United States,214342861.0,2.69,1170584
CNTX,Context Therapeutics Inc. Common Stock,Health Care,Biotechnology: Pharmaceutical Preparations,United States,29980175.0,0.3263,1553931
CNTY,Century Casinos Inc. Common Stock,Consumer Discretionary,Hotels/Resorts,United States,29544577.0,1.05,85512
CNVS,Cineverse Corp. Class A Common Stock,Consumer Discretionary,Consumer Electronics/Video Chains,United States,48493629.0,2.04,131391
CNX,CNX Resources Corporation Common Stock,Energy,Oil & Gas Production,United States,4689813293.0,31.7,2561567
CNXC,Concentrix Corporation Common Stock,Technology,Computer Software: Prepackaged Software,United States,1552917008.0,25.45,3366281
CNXN,PC Connection Inc. Common Stock,Consumer Discretionary,Catalog/Specialty Distribution,United States,2263857480.0,89.7,94913
CNXU,Conexeu Sciences Inc. Common Stock,Health Care,Industrial Specialties,United States,106339251.0,3.77,179593
COAG,Hemab Therapeutics Holdings Inc. Common Stock,Health Care,Biotechnology: Biological Products (No Diagnostic Substances),United States,1547105315.0,33.12,348544
COCH,Envoy Medical Inc. Class A Common Stock,Health Care,Industrial Specialties,United States,53426379.0,0.6921,64876
COCO,The Vita Coco Company Inc. Common Stock,Consumer Staples,Beverages (Production/Distribution),United States,3384307457.0,57.66,758739
COCP,Cocrystal Pharma Inc. Common Stock,Health Care,Biotechnology: Pharmaceutical Preparations,United States,23308472.0,1.21,32120
CODA,Coda Octopus Group Inc. Common stock,Industrials,Industrial Machinery/Components,United States,122647308.0,10.87,169979
CODI,D/B/A Compass Diversified Holdings Shares of Beneficial Interest,Consumer Discretionary,Home Furnishings,United States,842642819.0,11.2,467389
CODI^A,Compass Diversified Holdings 7.250% Series A Preferred Shares representing beneficial interest in Compass Diversified Holdings,Other,,United States,,18.975,3343
CODI^B,Compass Diversified Holdings 7.875% Series B Fixed-to-Floating Rate Cumulative Preferred Shares representing beneficial interests in Compass Diversified Holdings,Other,,United States,,22.18,19288
CODI^C,Compass Diversified Holdings 7.875% Series C Cumulative Preferred Shares,Other,,United States,,21.33,11895
CODX,Co-Diagnostics Inc. Common Stock,Health Care,Medical/Dental Instruments,United States,7781431.0,1.11,177041
COE,51Talk Online Education Group American depositary shares each representing 60 Class A ordinary shares,Real Estate,Other Consumer Services,China,69204269.0,11.52,4949
COF,Capital One Financial Corporation Common Stock,Finance,Major Banks,United States,120525230881.0,196.46,2514398
COF^I,Capital One Financial Corporation Depositary shares each representing a 1/40th interest in a share of Fixed Rate Non-Cumulative Perpetual Preferred Stock Series I of the Issuer,Other,,United States,,16.64,215488
COF^J,Capital One Financial Corporation Depositary Shares Each Representing a 1/40th Interest in a Share of Fixed Rate Non- Cumulative Perpetual Preferred Stock Series J,Other,,United States,,16.03,240187
COF^K,Capital One Financial Corporation Depositary Shares Each Representing a 1/40th Ownership Interest in a Share of Fixed Rate Non-Cumulative Perpetual Preferred Stock Series K,Other,,United States,,15.53,14633
COF^L,Capital One Financial Corporation Depositary Shares Each Representing a 1/40th Interest in a Share of Fixed Rate Non-Cumulative Perpetual Preferred Stock Series L,Other,,United States,,14.75,120161
COF^N,Capital One Financial Corporation Depositary Shares Each Representing a 1/40th Ownership Interest in a Share of Fixed Rate Non-Cumulative Perpetual Preferred Stock Series N,Other,,United States,,14.54,51572
COFS,ChoiceOne Financial Services Inc. Common Stock,Finance,Major Banks,United States,492784384.0,32.95,81786
COGT,Cogent Biosciences Inc. Common Stock,Health Care,Biotechnology: Pharmaceutical Preparations,United States,5528505927.0,31.86,2212947
COHN,Cohen & Company Inc.,Finance,Investment Bankers/Brokers/Service,United States,30998112.0,9.6,29071
COHR,Coherent Corp. Common Stock,Technology,Electronic Components,United States,55312817883.0,282.45,6884998
COHU,Cohu Inc. Common Stock,Industrials,Electrical Products,United States,3127650268.0,66.07,689287
COIN,Coinbase Global Inc. Class A Common Stock,Finance,Finance: Consumer Services,United States,50601283462.0,191.79,6759916
COKE,Coca-Cola Consolidated Inc. Common Stock,Consumer Staples,Beverages (Production/Distribution),United States,12884850390.0,193.57,491393
COLA,Columbus Acquisition Corp Ordinary Shares,Finance,Blank Checks,Singapore,0.0,10.6378,13167
COLAR,Columbus Acquisition Corp Rights,Finance,Blank Checks,Singapore,0.0,0.381,76646
COLAU,Columbus Acquisition Corp Unit,Other,,Singapore,0.0,10.8,407
COLB,Columbia Banking System Inc. Common Stock,Finance,Major Banks,United States,8221139908.0,29.06,2046031
COLD,Americold Realty Trust Inc. Common Stock,Real Estate,Real Estate Investment Trusts,United States,4156596823.0,14.56,4076989
COLL,Collegium Pharmaceutical Inc. Common Stock,Health Care,Biotechnology: Pharmaceutical Preparations,United States,736733522.0,22.63,687404
COLM,Columbia Sportswear Company Common Stock,Consumer Discretionary,Apparel,United States,3004528556.0,58.69,736982
COMP,Compass Inc. Class A Common Stock,Finance,Real Estate,United States,6893451993.0,9.1,17142176
CON,Concentra Group Holdings Parent Inc. Common Stock,Health Care,Medical Specialities,United States,4509027145.0,35.36,594981
COO,The Cooper Companies Inc. Common Stock,Health Care,Ophthalmic Goods,United States,10757084982.0,56.57,4729073
COOK,Traeger Inc. Common Stock,Consumer Discretionary,Consumer Electronics/Appliances,United States,126787529.0,45.31,115505
COOT,Australian Oilseeds Holdings Limited Ordinary Shares,Consumer Staples,Packaged Foods,Australia,14932069.0,0.4966,26387
COOTW,Australian Oilseeds Holdings Limited Warrant,Consumer Staples,Packaged Foods,Australia,499139.0,0.0166,12268
COP,ConocoPhillips Common Stock,Energy,Integrated oil Companies,United States,151416575853.0,126.04,6198080
COPL,Copley Acquisition Corp Ordinary Shares,Other,,,0.0,10.555,12
COPR,Idaho Copper Corporation Common Stock,Basic Materials,Metal Mining,,57650314.0,3.07,30936
COR,Cencora Inc. Common Stock,Health Care,Other Pharmaceuticals,United States,57975200999.0,303.81,1521365
CORT,Corcept Therapeutics Incorporated Common Stock,Health Care,Biotechnology: Pharmaceutical Preparations,United States,12499417645.0,115.63,1155459
CORZ,Core Scientific Inc. Common Stock,Finance,Finance: Consumer Services,United States,5308544085.0,16.52,9160454
CORZW,Core Scientific Inc. Tranche 1 Warrants,Finance,Finance: Consumer Services,United States,3139496109.0,9.77,70643
CORZZ,Core Scientific Inc. Tranche 2 Warrants,Finance,Finance: Consumer Services,United States,5356745151.0,16.67,4412
COSM,Cosmos Health Inc. Common Stock,Health Care,Other Pharmaceuticals,United States,37254623.0,0.3702,3538850
COSO,CoastalSouth Bancshares Inc. Common Stock,Finance,Major Banks,United States,317510086.0,26.56,131012
COST,Costco Wholesale Corporation Common Stock,Consumer Discretionary,Department/Specialty Retail Stores,United States,409295457788.0,922.92,2443899
COTY,Coty Inc. Class A Common Stock,Consumer Discretionary,Package Goods/Cosmetics,United States,2360239724.0,2.68,4010170
COUR,Coursera Inc. Common Stock,Technology,Computer Software: Prepackaged Software,United States,1226816000.0,4.64,10052279
COYA,Coya Therapeutics Inc. Common Stock,Health Care,Biotechnology: Pharmaceutical Preparations,United States,116820088.0,4.98,120323
CP,Canadian Pacific Kansas City Limited Common Shares,Industrials,Railroads,Canada,77234362924.0,86.56,2654013
CPA,Copa Holdings S.A. Class A Common Stock,Consumer Discretionary,Air Freight/Delivery Services,Panama,5392030142.0,131.07,224891
CPAC,Cementos Pacasmayo S.A.A. American Depositary Shares (Each representing five Common Shares),Industrials,Building Materials,Peru,1030848070.0,12.16,37813
CPAY,Corpay Inc. Common Stock,Consumer Discretionary,Business Services,United States,26016302912.0,396.23,493128
CPB,The Campbell's Company Common Stock,Consumer Staples,Packaged Foods,United States,5976623248.0,20.04,7296801
CPBI,Central Plains Bancshares Inc. Common Stock,Finance,Savings Institutions,United States,82610273.0,19.8,128
CPF,Central Pacific Financial Corp New,Finance,Major Banks,United States,936176628.0,36.36,158894
CPHC,Canterbury Park Holding Corporation 'New' Common Stock,Consumer Discretionary,Services-Misc. Amusement & Recreation,United States,81560705.0,15.735,464
CPHI,China Pharma Holdings Inc. Common Stock,Health Care,Biotechnology: Pharmaceutical Preparations,China,30760731.0,0.715,141394
CPIX,Cumberland Pharmaceuticals Inc. Common Stock,Health Care,Biotechnology: Pharmaceutical Preparations,United States,115669586.0,7.72,30323
CPK,Chesapeake Utilities Corporation Common Stock,Utilities,Oil & Gas Production,United States,3068751722.0,127.3,180996
CPNG,Coupang Inc. Class A Common Stock,Consumer Discretionary,Catalog/Specialty Distribution,United States,24715785903.0,13.75,12342146
CPOP,Pop Culture Group Co. Ltd Class A Ordinary Shares,Consumer Discretionary,Services-Misc. Amusement & Recreation,China,8420208.0,4.93,31933
CPRI,Capri Holdings Limited Ordinary Shares,Consumer Discretionary,Apparel,Hong Kong,1680907430.0,14.79,3215864
CPRT,Copart Inc. (DE) Common Stock,Consumer Discretionary,Retail-Auto Dealers and Gas Stations,United States,25200588540.0,27.22,8045076
CPS,Cooper-Standard Holdings Inc. Common Stock,Consumer Discretionary,Auto Parts:O.E.M.,United States,386835658.0,21.77,216832
CPSH,CPS Technologies Corp. Common Stock,Consumer Discretionary,Building Materials,United States,71541506.0,3.69,280413
CPSS,Consumer Portfolio Services Inc. Common Stock,Finance,Finance: Consumer Services,United States,193345785.0,8.97,30759
CPT,Camden Property Trust Common Stock,Real Estate,Real Estate Investment Trusts,United States,9893072040.0,98.4,1455458
CPZ,Calamos Long/Short Equity & Dynamic Income Trust Common Stock,Finance,Trusts Except Educational Religious and Charitable,United States,246580357.0,12.56,78737
CQP,Cheniere Energy Partners LP Common Units,Utilities,Oil/Gas Transmission,United States,30398823811.0,62.8,172585
CR,Crane Company Common Stock,Industrials,Metal Fabrications,United States,11960049664.0,206.92,393449
CRAC,Crown Reserve Acquisition Corp. I Class A Ordinary Shares,Other,,Cayman Islands,0.0,10.24,435
CRACW,Crown Reserve Acquisition Corp. I Warrant,Other,,Cayman Islands,0.0,0.04,25100
CRAI,CRA International Inc. Common Stock,Consumer Discretionary,Other Consumer Services,United States,1037062809.0,165.22,97981
CRAN,Crane Harbor Acquisition Corp. II Class A Ordinary Shares,Finance,Blank Checks,United States,0.0,10.1,13
CRANR,Crane Harbor Acquisition Corp. II Rights,Finance,Blank Checks,United States,0.0,0.17,1081
CRAQ,Cal Redwood Acquisition Corp. Class A Ordinary Shares,Finance,Blank Checks,United States,0.0,10.4,10
CRBD,Corebridge Financial Inc. 6.375% Junior Subordinated Notes due 2064,Finance,Life Insurance,United States,0.0,20.69,39187
CRBG,Corebridge Financial Inc. Common Stock,Finance,Life Insurance,United States,15058195793.0,33.78,5927557
CRBP,Corbus Pharmaceuticals Holdings Inc. Common Stock,Health Care,Biotechnology: Pharmaceutical Preparations,United States,133841748.0,6.92,932100
CRBU,Caribou Biosciences Inc. Common Stock,Health Care,Biotechnology: Biological Products (No Diagnostic Substances),United States,131865241.0,1.23,818650
CRC,California Resources Corporation Common Stock,Energy,Oil & Gas Production,United States,4604423253.0,51.84,609398
CRCL,Circle Internet Group Inc. Class A Common Stock,Finance,Finance: Consumer Services,United States,21782550590.0,85.8,9837888
CRCT,Cricut Inc. Class A Common Stock,Technology,Industrial Machinery/Components,United States,1325783153.0,6.33,942035
CRD-A,Crawford & Company,Other,,United States,,12.6,93460
CRD-B,Crawford & Company,Other,,United States,,11.93,21413
CRDF,Cardiff Oncology Inc. Common Stock,Health Care,Biotechnology: Biological Products (No Diagnostic Substances),United States,93354299.0,1.2,377408
CRDL,Cardiol Therapeutics Inc. Class A Common Shares,Health Care,Biotechnology: Biological Products (No Diagnostic Substances),Canada,203916152.0,1.69,763669
CRDO,Credo Technology Group Holding Ltd Ordinary Shares,Technology,Semiconductors,United States,36212696041.0,192.67,9095449
CRE,Cre8 Enterprise Limited Class A Ordinary Shares,Consumer Discretionary,Publishing,Hong Kong,5276641.0,2.62,48801
CRESY,Cresud S.A.C.I.F. y A. American Depositary Shares,Finance,Real Estate,Argentina,846137588.0,11.93,600424
CREX,Creative Realities Inc. Common Stock,Technology,EDP Services,United States,33207572.0,2.455,10792
CRF,Cornerstone Total Return Fund Inc. (The) Common Stock,Finance,Finance/Investors Services,United States,0.0,6.14,1190771
CRGO,Freightos Limited Ordinary shares,Industrials,Integrated Freight & Logistics,Israel,52854587.0,1.015,43542
CRGOW,Freightos Limited Warrants,Industrials,Integrated Freight & Logistics,Israel,1452850.0,0.0279,707
CRGY,Crescent Energy Company Class A Common Stock,Energy,Oil & Gas Production,United States,4288639974.0,12.98,5673442
CRH,CRH PLC Ordinary Shares,Industrials,Building Materials,Ireland,56057177430.0,83.75,8100152
CRI,Carter's Inc. Common Stock,Consumer Discretionary,Apparel,United States,1138046735.0,31.0,1472396
CRIS,Curis Inc. Common Stock,Health Care,Biotechnology: Biological Products (No Diagnostic Substances),United States,1737690.0,0.8314,159116
CRK,Comstock Resources Inc. Common Stock,Energy,Oil & Gas Production,United States,3726044754.0,12.69,1737836
CRL,Charles River Laboratories International Inc. Common Stock,Health Care,Biotechnology: Commercial Physical & Biological Resarch,United States,14063394302.0,294.59,901950
CRM,Salesforce Inc. Common Stock,Technology,Computer Software: Prepackaged Software,United States,187043210000.0,227.27,10327506
CRMD,CorMedix Inc. Common Stock,Health Care,Biotechnology: Pharmaceutical Preparations,United States,614980716.0,7.89,485301
CRML,Critical Metals Corp. Ordinary Shares,Basic Materials,Metal Mining,British Virgin Islands,1124502210.0,7.65,4435019
CRMLW,Critical Metals Corp. Warrants,Basic Materials,Metal Mining,British Virgin Islands,408642633.0,2.78,18060
CRMT,America's Car-Mart Inc Common Stock,Consumer Discretionary,Retail-Auto Dealers and Gas Stations,United States,8588632.0,1.03,517652
CRNC,Cerence Inc. Common Stock,Technology,Computer Software: Prepackaged Software,United States,352796005.0,7.8,523652
CRNT,Ceragon Networks Ltd. Ordinary Shares,Technology,Radio And Television Broadcasting And Communications Equipment,Israel,188950660.0,2.07,369429
CRON,Cronos Group Inc. Common Share,Health Care, Medicinal Chemicals and Botanical Products ,Canada,1256287866.0,3.41,1134294
CROX,Crocs Inc. Common Stock,Consumer Discretionary,Shoe Manufacturing,United States,5866559377.0,122.36,1081028
CRS,Carpenter Technology Corporation Common Stock,Industrials,Steel/Iron Ore,United States,19094915480.0,385.3,641367
CRSP,CRISPR Therapeutics AG Common Shares,Health Care,Biotechnology: Biological Products (No Diagnostic Substances),Switzerland,5230105601.0,54.09,1270886
CRSR,Corsair Gaming Inc. Common Stock,Technology,Computer peripheral equipment,United States,1460388947.0,13.5,737783
CRT,Cross Timbers Royalty Trust Common Stock,Energy,Oil & Gas Production,United States,73920000.0,12.32,12365
CRTO,Criteo S.A. Ordinary Shares,Consumer Discretionary,Advertising,France,774161432.0,15.8,298136
CRUS,Cirrus Logic Inc. Common Stock,Technology,Semiconductors,United States,5990552066.0,119.53,857687
CRVL,CorVel Corp. Common Stock,Finance,Specialty Insurers,United States,3730143603.0,73.84,249679
CRVO,CervoMed Inc. Common Stock,Health Care,Biotechnology: Pharmaceutical Preparations,United States,40367986.0,2.67,171070
CRVS,Corvus Pharmaceuticals Inc. Common Stock,Health Care,Biotechnology: Pharmaceutical Preparations,United States,998515605.0,11.87,1210522
CRWD,CrowdStrike Holdings Inc. Class A Common Stock,Technology,Computer Software: Prepackaged Software,United States,265455107789.0,259.25,8961975
CRWS,Crown Crafts Inc Common Stock,Consumer Discretionary,Textiles,United States,27331129.0,2.54,99313
CRWV,CoreWeave Inc. Class A Common Stock,Technology,Computer Software: Prepackaged Software,United States,46919218732.0,85.07,19752262
CSAI,Cloudastructure Inc. Class A Common Stock,Technology,Computer Software: Programming Data Processing,United States,2264102.0,2.61,1538019
CSBR,Champions Oncology Inc. Common Stock,Health Care,Biotechnology: Biological Products (No Diagnostic Substances),United States,68618545.0,4.93,4359
CSCO,Cisco Systems Inc. Common Stock (DE),Telecommunications,Computer Communications Equipment,United States,420831722824.0,106.74,19361353
CSGP,CoStar Group Inc. Common Stock,Finance,Real Estate,United States,10948438828.0,27.02,5182924
CSHR,CoinShares PLC Ordinary Shares,Finance,Investment Bankers/Brokers/Service,Jersey,674714670.0,5.12,430100
CSHRW,CoinShares PLC Warrants,Finance,Investment Bankers/Brokers/Service,Jersey,133098011.0,1.01,1470
CSIQ,Canadian Solar Inc. Common Shares (ON),Technology,Semiconductors,Canada,706650264.0,10.42,1679928
CSL,Carlisle Companies Incorporated Common Stock,Industrials,Specialty Chemicals,United States,12959515881.0,326.32,463846
CSPI,CSP Inc. Common Stock,Technology,EDP Services,United States,77116934.0,7.65,7502
CSQ,Calamos Strategic Total Return Common Stock,Finance,Finance Companies,United States,3247662994.0,20.44,181655
CSQR,Csquare Inc. Common Stock,Technology,Computer Software: Programming Data Processing,,2689472502.0,16.14,1937934
CSR,D/B/A Centerspace Common Stock,Real Estate,Real Estate Investment Trusts,United States,934930386.0,55.67,366504
CSTE,Caesarstone Ltd. Ordinary Shares,Industrials,Building Materials,Israel,99236205.0,2.87,26225
CSTL,Castle Biosciences Inc. Common Stock,Health Care,Medical Specialities,United States,1097643787.0,35.93,228509
CSTM,Constellium SE Ordinary Shares (France),Industrials,Metal Fabrications,Netherlands,3338047941.0,24.63,2163689
CSV,Carriage Services Inc. Common Stock,Consumer Discretionary,Other Consumer Services,United States,498386448.0,31.38,200996
CSW,CSW Industrials Inc. Common Stock,Industrials,Home Furnishings,United States,4813258995.0,295.41,89445
CSWC,Capital Southwest Corporation Common Stock,Consumer Discretionary,Textiles,United States,1428615291.0,22.99,451327
CSX,CSX Corporation Common Stock,Industrials,Railroads,United States,86621727119.0,46.76,9604240
CTA^A,EIDP Inc. Preferred Stock $3.50 Series,Other,,United States,,50.54,2157
CTA^B,EIDP Inc. Preferred Stock $4.50 Series,Other,,United States,,63.75,4347
CTAA,ClearThink 1 Acquisition Corp. Class A Ordinary Shares,Finance,Blank Checks,United States,0.0,9.95,15
CTAAR,ClearThink 1 Acquisition Corp. Rights,Finance,Blank Checks,United States,0.0,0.18,100
CTAS,Cintas Corporation Common Stock,Industrials,Garments and Clothing,United States,80135073125.0,200.58,1856726
CTBI,Community Trust Bancorp Inc. Common Stock,Finance,Major Banks,United States,1366593500.0,75.22,96619
CTEV,Claritev Corporation Class A Common Stock,Consumer Discretionary,Business Services,United States,380809494.0,22.47,137348
CTGG,Qwest Corporation 6.500% Senior Notes due 2051 (denominations of $25),Telecommunications,Telecommunications Equipment,,0.0,16.07,21213
CTGO,Contango Silver & Gold Inc. Common Stock,Basic Materials,Precious Metals,United States,566819712.0,16.95,542859
CTHH,Qwest Corporation 6.750% Senior Notes due 2052 (denominations of $25),Telecommunications,Telecommunications Equipment,,0.0,16.51,13971
CTKB,Cytek Biosciences Inc. Common Stock,Industrials,Biotechnology: Laboratory Analytical Instruments,United States,746103872.0,5.74,1085786
CTM,Castellum Inc. Common Stock,Consumer Discretionary,Professional Services,,57816584.0,0.61,563776
CTMX,CytomX Therapeutics Inc. Common Stock,Health Care,Biotechnology: Pharmaceutical Preparations,United States,586149074.0,2.69,2694080
CTNM,Contineum Therapeutics Inc. Class A Common Stock,Health Care,Biotechnology: Pharmaceutical Preparations,United States,478917010.0,12.73,534137
CTNT,Cheetah Net Supply Chain Service Inc Class A Common Stock,Consumer Discretionary,Motor Vehicles,United States,4800229.0,3.6,1240823
CTO,CTO Realty Growth Inc. Common Stock,Real Estate,Real Estate Investment Trusts,United States,767702098.0,20.48,305815
CTO^A,CTO Realty Growth Inc. 6.375% Series A Cumulative Redeemable Preferred Stock,Other,,United States,,19.6,5050
CTOR,Citius Oncology Inc. Common Stock,Health Care,Biotechnology: Pharmaceutical Preparations,United States,95770640.0,1.03,43575
CTOS,Custom Truck One Source Inc. Common Stock,Consumer Discretionary,Diversified Commercial Services,Cayman Islands,2118076531.0,9.31,600840
CTRE,CareTrust REIT Inc. Common Stock,Real Estate,Real Estate Investment Trusts,United States,8842091507.0,37.42,2036461
CTRI,Centuri Holdings Inc. Common Stock,Utilities,Oil & Gas Production,United States,2011184016.0,19.92,1386882
CTRM,Castor Maritime Inc. Common Shares,Consumer Discretionary,Marine Transportation,Cyprus,20194320.0,2.09,110471
CTRN,Citi Trends Inc. Common Stock,Consumer Discretionary,Clothing/Shoe/Accessory Stores,United States,423810697.0,50.82,146162
CTS,CTS Corporation Common Stock,Technology,Electrical Products,United States,1694239049.0,59.33,222861
CTSH,Cognizant Technology Solutions Corporation Class A Common Stock,Technology,EDP Services,United States,25562708861.0,56.75,4853678
CTSO,Cytosorbents Corporation Common Stock,Health Care,Medical/Dental Instruments,United States,12667426.0,4.02,14295
CTVA,Corteva Inc. Common Stock,Consumer Staples,Farming/Seeds/Milling,United States,51867817040.0,77.74,3248544
CTW,CTW Class A Ordinary Shares,Technology,EDP Services,Japan,131664000.0,2.11,30006
CTXR,Citius Pharmaceuticals Inc. Common Stock,Health Care,Biotechnology: Pharmaceutical Preparations,United States,15071461.0,0.549,279625
CUB,Lionheart Holdings Class A Ordinary Shares,Industrials,Industrial Machinery/Components,United States,346277478.0,10.9,8117
CUBB,Customers Bancorp Inc 5.375% Subordinated Notes Due 2034,Finance,Major Banks,United States,666623169.0,21.08,583
CUBE,CubeSmart Common Shares,Real Estate,Real Estate Investment Trusts,United States,8418816640.0,37.39,2821564
CUBI,Customers Bancorp Inc Common Stock,Finance,Major Banks,United States,2560474126.0,75.79,217142
CUBWU,Lionheart Holdings Unit,Finance,Blank Checks,United States,0.0,11.02,2
CUBWW,Lionheart Holdings Warrant,Industrials,Industrial Machinery/Components,United States,0.0,0.15,3
CUE,Cue Biopharma Inc. Common Stock,Health Care,Biotechnology: Pharmaceutical Preparations,United States,199408164.0,27.45,237877
CULP,Culp Inc. Common Stock,Consumer Discretionary,Textiles,United States,47630112.0,3.74,275137
CUPR,Cuprina Holdings (Cayman) Limited Class A Ordinary Shares,Health Care,Industrial Specialties,Singapore,13657328.0,1.95,135434
CURB,Curbline Properties Corp. Common Stock,Finance,Real Estate,United States,3261328009.0,28.35,930507
CURI,CuriosityStream Inc. Class A Common Stock,Consumer Discretionary,Movies/Entertainment,United States,172080281.0,2.9,689558
CURR,Currenc Group Inc. Ordinary Shares,Consumer Discretionary,Business Services,Singapore,349196662.0,3.11,76658
CURV,Torrid Holdings Inc. Common Stock,Consumer Discretionary,Clothing/Shoe/Accessory Stores,United States,239326644.0,2.4,147539
CURX,Curanex Pharmaceuticals Inc Common Stock,Health Care,Biotechnology: Pharmaceutical Preparations,United States,7895937.0,5.0349,20585
CUVL,Clinuvel Pharmaceuticals Limited American Depositary Shares,Miscellaneous,Miscellaneous,Australia,287849025.0,5.75,8706
CUZ,Cousins Properties Incorporated Common Stock,Real Estate,Real Estate Investment Trusts,United States,4618733747.0,28.06,1781226
CV,CapsoVision Inc. Common Stock,Health Care,Biotechnology: Electromedical & Electrotherapeutic Apparatus,United States,368113497.0,6.92,352963
CVBF,CVB Financial Corporation Common Stock,Finance,Major Banks,United States,3905383083.0,22.19,1223397
CVCO,Cavco Industries Inc. Common Stock When Issued,Consumer Discretionary,Homebuilding,United States,4287072297.0,557.53,102563
CVE,Cenovus Energy Inc Common Stock,Energy,Oil & Gas Production,Canada,58312500000.0,31.1,7314273
CVEO,Civeo Corporation (Canada) Common Shares,Consumer Discretionary,Hotels/Resorts,,332743491.0,32.19,77040
CVGI,Commercial Vehicle Group Inc. Common Stock,Consumer Discretionary,Auto Parts:O.E.M.,United States,120272739.0,2.96,287506
CVI,CVR Energy Inc. Common Stock,Energy,Integrated oil Companies,United States,5101927899.0,50.75,1214611
CVKD,Cadrenal Therapeutics Inc. Common Stock,Health Care,Biotechnology: Pharmaceutical Preparations,United States,3995703.0,1.12,75653
CVLG,Covenant Logistics Group Inc. Class A Common Stock,Industrials,Trucking Freight/Courier Services,United States,830107118.0,32.71,140834
CVLT,Commvault Systems Inc. Common Stock,Technology,Computer Software: Prepackaged Software,United States,6137111037.0,148.08,640931
CVM,Cel-Sci Corporation Common Stock,Health Care,Biotechnology: Biological Products (No Diagnostic Substances),United States,29901278.0,1.7,126239
CVNA,Carvana Co. Class A Common Stock,Consumer Discretionary,Retail-Auto Dealers and Gas Stations,United States,66545044172.0,60.47,15475535
CVR,Chicago Rivet & Machine Co. Common Stock,Industrials,Industrial Machinery/Components,United States,9807206.0,10.151,3036
CVRX,CVRx Inc. Common Stock,Health Care,Medical/Dental Instruments,United States,69001736.0,2.59,381995
CVS,CVS Health Corporation Common Stock,Consumer Staples,Retail-Drug Stores and Proprietary Stores,United States,112357546917.0,87.85,7900439
CVSA,Covista Inc. Common Shares,Real Estate,Other Consumer Services,United States,3999901738.0,117.51,674513
CVU,CPI Aerostructures Inc. Common Stock,Industrials,Military/Government/Technical,United States,67308649.0,5.08,24955
CVV,CVD Equipment Corporation Common Stock,Technology,Industrial Machinery/Components,United States,29681637.0,4.27,59319
CVX,Chevron Corporation Common Stock,Energy,Integrated oil Companies,United States,407739917815.0,206.37,9529794
CW,Curtiss-Wright Corporation Common Stock,Technology,Industrial Machinery/Components,United States,19662420608.0,532.36,414491
CWBC,Community West Bancshares Common Stock,Finance,Major Banks,United States,714632595.0,26.34,249467
CWCO,Consolidated Water Co. Ltd. Ordinary Shares,Utilities,Water Supply,Cayman Islands,440834173.0,27.53,84456
CWD,CaliberCos Inc. Class A Common Stock,Finance,Real Estate,United States,6840371.0,0.6587,648383
CWEN,Clearway Energy Inc. Class C Common Stock,Utilities,Electric Utilities: Central,United States,4787919469.0,29.21,1048948
CWH,Camping World Holdings Inc. Class A Common Stock,Consumer Discretionary,Retail-Auto Dealers and Gas Stations,United States,534034716.0,5.17,1343570
CWK,Cushman & Wakefield Ltd. Common Shares,Finance,Real Estate,United States,2783704577.0,11.86,2128435
CWST,Casella Waste Systems Inc. Class A Common Stock,Utilities,Environmental Services,United States,5193027754.0,81.6,557279
CWT,California Water Service Group Common Stock,Utilities,Water Supply,United States,2823573352.0,45.66,417161
CX,Cemex S.A.B. de C.V. Sponsored ADR,Industrials,Building Materials,Mexico,14446680576.0,9.53,13420730
CXAI,CXApp Inc. Class A Common Stock,Technology,EDP Services,United States,5913637.0,2.53,33089
CXAIW,CXApp Inc. Warrant,Technology,EDP Services,United States,79238.0,0.0339,11909
CXDO,Crexendo Inc. Common Stock,Telecommunications,Telecommunications Equipment,United States,194867209.0,5.86,239209
CXII,Churchill Capital Corp XII Class A Ordinary Shares,Finance,Blank Checks,United States,0.0,10.79,158
CXIIW,Churchill Capital Corp XII Warrants,Finance,Blank Checks,United States,0.0,2.13,2319
CXM,Sprinklr Inc. Class A Common Stock,Technology,Computer Software: Prepackaged Software,United States,1156213273.0,4.98,2810530
CXT,Crane NXT Co. Common Stock,Industrials,Metal Fabrications,United States,2734161940.0,47.5,544493
CXW,CoreCivic Inc. Common Stock,Real Estate,Real Estate Investment Trusts,United States,3133934666.0,31.69,2477754
CYAB,Cyabra Inc. Common Stock,Technology,Computer Software: Prepackaged Software,Israel,3424390.0,0.1946,991354
CYCU,Cycurion Inc. Common Stock,Technology,EDP Services,United States,8947216.0,2.77,139197
CYCUW,Cycurion Inc. Warrant,Technology,EDP Services,United States,52004.0,0.0161,282942
CYD,China Yuchai International Limited Common Stock,Industrials,Industrial Machinery/Components,Singapore,1217094366.0,32.44,167115
CYH,Community Health Systems Inc. Common Stock,Health Care,Hospital/Nursing Management,United States,407517042.0,2.89,1267813
CYN,Cyngn Inc. Common Stock,Technology,EDP Services,United States,10091495.0,0.6575,214513
CYPH,Cypherpunk Technologies Inc. Common Stock,Health Care,Biotechnology: Pharmaceutical Preparations,United States,356700104.0,3.31,26755260
CYRX,CryoPort Inc. Common Stock,Health Care,Biotechnology: Pharmaceutical Preparations,United States,880281358.0,17.38,732409
CYTK,Cytokinetics Incorporated Common Stock,Health Care,Biotechnology: Pharmaceutical Preparations,United States,9197789335.0,66.16,2551262
CZFS,Citizens Financial Services Inc. Common Stock,Finance,Major Banks,United States,386904736.0,80.44,51834
CZNC,Citizens & Northern Corp Common Stock,Finance,Major Banks,United States,458415201.0,25.56,69404
CZR,Caesars Entertainment Inc. Common Stock,Consumer Discretionary,Hotels/Resorts,United States,6028085807.0,29.59,3202140
CZWI,Citizens Community Bancorp Inc. Common Stock,Finance,Savings Institutions,United States,203812879.0,21.12,45903
D,Dominion Energy Inc. Common Stock,Utilities,Electric Utilities: Central,United States,53017824206.0,60.28,3454291
DAAQ,Digital Asset Acquisition Corp. Class A Ordinary shares,Finance,Blank Checks,United States,0.0,10.46,125
DAAQU,Digital Asset Acquisition Corp. Units,Finance,Blank Checks,United States,0.0,11.54,113
DAAQW,Digital Asset Acquisition Corp. Warrant,Finance,Blank Checks,United States,0.0,0.1405,489
DAC,Danaos Corporation Common Stock,Consumer Discretionary,Marine Transportation,Greece,2790228648.0,153.28,81764
DAIC,CID HoldCo Inc. Common Stock,Technology,EDP Services,United States,7621120.0,3.26,308697
DAICW,CID HoldCo Inc. Warrants,Technology,EDP Services,United States,18936.0,0.0081,63472
DAIO,Data I/O Corporation Common Stock,Industrials,Electrical Products,United States,29627537.0,2.85,10221
DAKT,Daktronics Inc. Common Stock,Consumer Discretionary,Miscellaneous manufacturing industries,United States,819979683.0,17.05,521831
DAL,Delta Air Lines Inc. Common Stock,Consumer Discretionary,Air Freight/Delivery Services,United States,55260063211.0,84.03,7610075
DAN,Dana Incorporated Common Stock,Consumer Discretionary,Auto Parts:O.E.M.,United States,2917479534.0,27.12,1692297
DAO,Youdao Inc. American Depositary Shares each representing one Class A Ordinary Share,Real Estate,Other Consumer Services,China,1758852920.0,14.58,22954
DAR,Darling Ingredients Inc. Common Stock,Consumer Staples,Packaged Foods,United States,9561278680.0,60.59,2140387
DARE,Dare Bioscience Inc. Common Stock,Health Care,Biotechnology: Pharmaceutical Preparations,United States,14751812.0,0.75,698473
DASH,DoorDash Inc. Class A Common Stock,Consumer Discretionary,Business Services,United States,77296018981.0,178.39,6848555
DAVA,Endava plc American Depositary Shares (each representing one Class A Ordinary Share),Technology,EDP Services,United Kingdom,92356925.0,1.7,994373
DAVE,Dave Inc. Class A Common Stock,Finance,Finance: Consumer Services,United States,4090691095.0,320.7,308965
DAVEW,Dave Inc. Warrants,Finance,Finance: Consumer Services,United States,12883062.0,1.01,18104
DB,Deutsche Bank AG Common Stock,Finance,Major Banks,Germany,67880912000.0,36.08,2359194
DBCA,D. Boral Acquisition I Corp. Class A Ordinary Shares,Finance,Blank Checks,United States,0.0,10.025,1245
DBD,Diebold Nixdorf Incorporated Common stock,Miscellaneous,Office Equipment/Supplies/Services,United States,2067007743.0,60.89,261200
DBGI,Digital Brands Group Inc. Common Stock,Consumer Discretionary,Clothing/Shoe/Accessory Stores,United States,4434168.0,4.75,116619
DBI,Designer Brands Inc. Class A Common Stock,Consumer Discretionary,Clothing/Shoe/Accessory Stores,United States,321566211.0,6.29,687805
DBL,DoubleLine Opportunistic Credit Fund Common Shares of Beneficial Interest,Other,,United States,0.0,13.42,140518
DBRG,DigitalBridge Group Inc.,Real Estate,Real Estate Investment Trusts,United States,2996174590.0,15.98,3900064
DBRG^H,DigitalBridge Group Inc. 7.125% Series H,Other,,United States,,14.57,26926
DBRG^I,DigitalBridge Group Inc. 7.15% Series I,Other,,United States,,14.9,1094683
DBRG^J,DigitalBridge Group Inc. 7.125% Series J,Other,,United States,,15.48,397962
DBVT,DBV Technologies S.A. American Depositary Shares,Health Care,Biotechnology: Biological Products (No Diagnostic Substances),France,688890527.0,11.64,712951
DBX,Dropbox Inc. Class A Common Stock,Technology,Computer Software: Prepackaged Software,United States,7204640377.0,31.92,5559868
DC,Dakota Gold Corp. Common Stock,Basic Materials,Metal Mining,United States,829189084.0,6.18,1278383
DCBG,Dime Commercial Bancshares Inc. 9.000% Junior Subordinated Notes,Finance,Major Banks,United States,1046051581.0,26.72,240
DCBO,Docebo Inc. Common Shares,Technology,Computer Software: Prepackaged Software,Canada,569803047.0,22.84,23259
DCGO,DocGo Inc. Common Stock,Health Care,Medical/Nursing Services,United States,36108855.0,0.365,921926
DCH,Dauch Corporation Common Stock,Consumer Discretionary,Auto Parts:O.E.M.,United States,1214159516.0,5.11,3770018
DCI,Donaldson Company Inc. Common Stock,Industrials,Pollution Control Equipment,United States,10139818085.0,87.48,540838
DCO,Ducommun Incorporated Common Stock,Industrials,Military/Government/Technical,United States,2552466642.0,169.04,150586
DCOM,Dime Commercial Bancshares Inc. Common Stock,Finance,Major Banks,United States,1748159596.0,39.59,229253
DCOM^,Dime Commercial Bancshares Inc. Preferred Stock Series A,Other,,United States,,16.65,6612
DCOY,Decoy Therapeutics Inc. Common Stock,Health Care,Biotechnology: Pharmaceutical Preparations,United States,4249520.0,2.31,549781
DCTH,Delcath Systems Inc. Common Stock,Health Care,Medical/Dental Instruments,United States,548587949.0,15.81,304252
DCX,Digital Currency X Technology Inc. Class A Ordinary Shares,Industrials,Auto Manufacturing,Cayman Islands,14475949.0,6.17,116832
DD,DuPont de Nemours Inc. Common Stock,Industrials,Major Chemicals,United States,17687928866.0,130.98,834241
DDC,DDC Enterprise Limited Class A Ordinary Shares,Consumer Staples,Packaged Foods,,11483887.0,0.196,2757289
DDD,3D Systems Corporation Common Stock,Technology,Computer Software: Prepackaged Software,United States,584837535.0,3.52,1357322
DDI,DoubleDown Interactive Co. Ltd. American Depository Shares,Technology,EDP Services,South Korea,648654530.0,13.09,448145
DDL,Dingdong (Cayman) Limited American Depositary Shares (each two representing three Ordinary Shares),Consumer Discretionary,Catalog/Specialty Distribution,Cayman Islands,517338630.0,2.19,177277
DDOG,Datadog Inc. Class A Common Stock,Technology,Computer Software: Prepackaged Software,United States,96483458949.0,268.7,3478165
DDS,Dillard's Inc. Common Stock,Consumer Discretionary,Department/Specialty Retail Stores,United States,10651528415.0,681.94,194450
DDT,Dillard's Capital Trust I,Consumer Discretionary,Department/Specialty Retail Stores,United States,411103950.0,26.32,7393
DE,Deere & Company Common Stock,Industrials,Industrial Machinery/Components,United States,185930987861.0,689.59,798803
DEA,Easterly Government Properties Inc. Common Stock,Real Estate,Real Estate Investment Trusts,United States,1077986435.0,22.78,360711
DEC,Diversified Energy Company Common Stock,Other,,United States,1041582869.0,13.57,679608
DECK,Deckers Outdoor Corporation Common Stock,Consumer Discretionary,Shoe Manufacturing,United States,10689418828.0,78.36,3359609
DEFT,Defi Technologies Inc. Common Stock,Finance,Finance: Consumer Services,Canada,190747820.0,0.4915,2469299
DEI,Douglas Emmett Inc. Common Stock,Real Estate,Real Estate Investment Trusts,United States,1619582532.0,9.67,2914016
DELL,Dell Technologies Inc. Class C Common Stock,Technology,Computer Manufacturing,United States,345519722733.0,543.43,6863156
DEO,Diageo plc Common Stock,Consumer Staples,Beverages (Production/Distribution),United Kingdom,48005491343.0,86.24,705848
DERM,Journey Medical Corporation Common Stock,Health Care,Biotechnology: Pharmaceutical Preparations,United States,181482860.0,6.43,149868
DETX,Liberty Defense Holdings Ltd. Common Shares,Industrials,Industrial Machinery/Components,United States,12415133.0,2.185,9996
DFDV,DeFi Development Corp. Common Stock,Finance,Finance: Consumer Services,United States,181860904.0,5.575,2048826
DFDVW,DeFi Development Corp. Warrant,Finance,Finance: Consumer Services,United States,28706295.0,0.88,6369
DFH,Dream Finders Homes Inc. Class A Common Stock,Consumer Discretionary,Homebuilding,United States,985022084.0,10.88,664188
DFIN,Donnelley Financial Solutions Inc. Common Stock,Consumer Discretionary,Other Consumer Services,United States,1172231061.0,47.68,191826
DFLI,Dragonfly Energy Holdings Corp. Common Stock (NV),Miscellaneous,Industrial Machinery/Components,United States,12808374.0,0.8551,440415
DFLIW,Dragonfly Energy Holdings Corp. Warrant,Miscellaneous,Industrial Machinery/Components,United States,295082.0,0.0197,3600
DFNS,T3 Defense Inc. Common Stock,Consumer Discretionary,Professional Services,United States,20478534.0,7.21,272058
DFNSW,T3 Defense Inc. Warrants,Consumer Discretionary,Professional Services,United States,169282.0,0.0596,43910
DFP,Flaherty & Crumrine Dynamic Preferred and Income Fund Inc. Common Stock,Finance,Investment Managers,,0.0,18.74,130352
DFSC,DEFSEC Technologies Inc. Common Stock,Technology,Computer Software: Prepackaged Software,Canada,7127441.0,1.085,65607
DFTX,Definium Therapeutics Inc. Common Shares,Health Care, Medicinal Chemicals and Botanical Products ,United States,5161034550.0,38.41,2994691
DG,Dollar General Corporation Common Stock,Consumer Discretionary,Department/Specialty Retail Stores,United States,27438110172.0,124.37,2452454
DGAC,Disciplined Growth Acquisition Corporation Class A Ordinary Shares,Other,,,0.0,10.0,68
DGICA,Donegal Group Inc. Class A Common Stock,Finance,Property-Casualty Insurers,United States,668889462.0,18.02,123739
DGICB,Donegal Group Inc. Class B Common Stock,Finance,Property-Casualty Insurers,United States,615808888.0,16.59,12712
DGII,Digi International Inc. Common Stock,Telecommunications,Computer Communications Equipment,United States,2968302181.0,78.22,364419
DGNX,Diginex Limited Ordinary Shares,Technology,EDP Services,Hong Kong,70683483.0,1.41,257259
DGX,Quest Diagnostics Incorporated Common Stock,Health Care,Medical Specialities,United States,26226917803.0,237.62,1036430
DGXX,Digi Power X Inc. Subordinate Voting Shares,Finance,Finance: Consumer Services,Canada,427879958.0,4.22,3158855
DH,Definitive Healthcare Corp. Class A Common Stock,Technology,Computer Software: Prepackaged Software,United States,132691083.0,0.9153,388218
DHC,Diversified Healthcare Trust Common Shares of Beneficial Interest,Real Estate,Real Estate Investment Trusts,United States,1927346744.0,7.96,1538444
DHCNI,Diversified Healthcare Trust 5.625% Senior Notes due 2042,Real Estate,Real Estate Investment Trusts,United States,4200609812.0,17.4,8964
DHCNL,Diversified Healthcare Trust 6.25% Senior Notes Due 2046,Real Estate,Real Estate Investment Trusts,United States,4536175768.0,18.79,19220
DHF,BNY Mellon High Yield Strategies Fund Common Stock,Finance,Finance Companies,United States,0.0,2.23,462184
DHI,D.R. Horton Inc. Common Stock,Consumer Discretionary,Homebuilding,United States,38995950645.0,139.42,2653998
DHR,Danaher Corporation Common Stock,Industrials,Industrial Machinery/Components,United States,159809819656.0,227.33,4929774
DHT,DHT Holdings Inc.,Consumer Discretionary,Marine Transportation,Jersey,3526811850.0,21.9,3844030
DHX,DHI Group Inc. Common Stock,Consumer Discretionary,Business Services,United States,201054000.0,4.63,221264
DHY,UBS Asset Management High Yield Credit Fund Common Stock,Finance,Finance/Investors Services,United States,0.0,1.61,949797
DIBS,1stdibs.com Inc. Common Stock,Consumer Discretionary,Catalog/Specialty Distribution,United States,133788866.0,3.98,114690
DIN,Dine Brands Global Inc. Common Stock,Consumer Discretionary,Restaurants,United States,365216478.0,28.85,763370
DINO,HF Sinclair Corporation Common Stock,Energy,Natural Gas Distribution,United States,18878866925.0,106.19,2532930
DIOD,Diodes Incorporated Common Stock,Technology,Semiconductors,United States,4438002811.0,96.37,469657
DIS,Walt Disney Company (The) Common Stock,Consumer Discretionary,Services-Misc. Amusement & Recreation,United States,182320869982.0,105.59,12096078
DIT,AMCON Distributing Company Common Stock,Consumer Discretionary,Food Distributors,United States,65940452.0,67.56,97
DJCO,Daily Journal Corp. (S.C.) Common Stock,Consumer Discretionary,Newspapers/Magazines,United States,908180604.0,659.08,48368
DJT,Trump Media & Technology Group Corp. Common Stock,Technology,Computer Software: Programming Data Processing,United States,2534824419.0,9.12,2936978
DJTWW,Trump Media & Technology Group Corp. Warrants,Technology,Computer Software: Programming Data Processing,United States,1467529927.0,5.28,13092
DK,Delek US Holdings Inc. Common Stock,Energy,Integrated oil Companies,United States,4131334780.0,67.47,2475280
DKI,DarkIris Inc. Class A Ordinary Shares,Technology,Computer Software: Prepackaged Software,Hong Kong,5401383.0,2.6,18585
DKL,Delek Logistics Partners L.P. Common Units representing Limited Partner Interests,Energy,Natural Gas Distribution,United States,2852971253.0,53.63,187295
DKNG,DraftKings Inc. Class A Common Stock,Consumer Discretionary,Services-Misc. Amusement & Recreation,United States,10504967656.0,21.16,16034146
DKS,Dick's Sporting Goods Inc Common Stock,Consumer Discretionary,Other Specialty Stores,United States,11930386753.0,134.16,2249645
DLB,Dolby Laboratories Common Stock,Miscellaneous,Multi-Sector Companies,United States,5450587181.0,58.19,669863
DLHC,DLH Holdings Corp.,Consumer Discretionary,Professional Services,United States,50145901.0,3.46,20618
DLNG,Dynagas LNG Partners LP Common Units,Consumer Discretionary,Marine Transportation,Greece,128792319.0,3.54,26550
DLNG^A,Dynagas LNG Partners LP 9.00% Series A Cumulative Redeemable Preferred Units,Other,,Greece,,25.95,1952
DLO,DLocal Limited Class A Common Shares,Consumer Discretionary,Business Services,Uruguay,4075959632.0,13.82,2611893
DLPN,Dolphin Entertainment Inc. Common Stock,Consumer Discretionary,Other Consumer Services,United States,13946199.0,1.07,10061
DLR,Digital Realty Trust Inc. Common Stock,Real Estate,Real Estate Investment Trusts,United States,65563009664.0,177.18,1376807
DLR^J,Digital Realty Trust Inc. 5.250% Series J Cumulative Redeemable Preferred Stock,Other,,United States,,18.1699,12489
DLR^K,Digital Realty Trust Inc. 5.850% Series K Cumulative Redeemable Preferred Stock par value $0.01 per share,Other,,United States,,20.405,16321
DLR^L,Digital Realty Trust Inc. 5.200% Series L Cumulative Redeemable Preferred Stock,Other,,United States,,18.115,21746
DLTH,Duluth Holdings Inc. Class B Common Stock,Consumer Discretionary,Clothing/Shoe/Accessory Stores,United States,149739704.0,3.94,63835
DLTR,Dollar Tree Inc. Common Stock,Consumer Discretionary,Department/Specialty Retail Stores,United States,21768867290.0,116.02,2072532
DLX,Deluxe Corporation Common Stock,Consumer Discretionary,Publishing,United States,1095048205.0,23.88,490285
DLXY,Delixy Holdings Limited Class A Ordinary Shares,Energy,Oil Refining/Marketing,Singapore,7978800.0,2.44,1901847
DLY,DoubleLine Yield Opportunities Fund Common Shares of Beneficial Interest,Finance,Investment Managers,United States,626651332.0,13.07,300377
DMA,Destra Multi-Alternative Fund Common Stock,Finance,Trusts Except Educational Religious and Charitable,,0.0,7.58,3685
DMAA,Drugs Made In America Acquisition Corp. Ordinary Shares,Other,,United States,0.0,10.88,293
DMAAR,Drugs Made In America Acquisition Corp. Rights,Finance,Blank Checks,United States,0.0,0.1249,786
DMAAU,Drugs Made In America Acquisition Corp. Units,Finance,Blank Checks,United States,0.0,10.99,25
DMAC,DiaMedica Therapeutics Inc. Common Stock,Health Care,Biotechnology: Pharmaceutical Preparations,United States,448661799.0,8.32,362969
DMB,BNY Mellon Municipal Bond Infrastructure Fund Inc. Common Stock,Finance,Trusts Except Educational Religious and Charitable,,0.0,9.47,199437
DMC,Del Monte Corporation Ordinary Shares,Consumer Staples,Farming/Seeds/Milling,Cayman Islands,1445503044.0,30.66,261964
DMII,Drugs Made In America Acquisition II Corp. Ordinary Shares,Finance,Blank Checks,United States,0.0,10.16,26
DMIIR,Drugs Made In America Acquisition II Corp. Right,Finance,Blank Checks,United States,0.0,0.0641,5373
DMLP,Dorchester Minerals L.P. Common Units Representing Limited Partnership Interests,Energy,Oil & Gas Production,United States,1390759589.0,28.33,93758
DMO,Western Asset Mortgage Opportunity Fund Inc. Common Stock,Finance,Trusts Except Educational Religious and Charitable,United States,0.0,9.47,56806
DMRA,Damora Therapeutics Inc. Ordinary Shares,Health Care,Biotechnology: Pharmaceutical Preparations,Denmark,1281012019.0,20.75,514967
DMRC,Digimarc Corporation Common Stock,Technology,EDP Services,United States,110129112.0,4.9,126141
DNA,Ginkgo Bioworks Holdings Inc. Class A Common Stock,Health Care,Biotechnology: Biological Products (No Diagnostic Substances),United States,672999297.0,10.46,2122234
DNLI,Denali Therapeutics Inc. Common Stock,Health Care,Biotechnology: Biological Products (No Diagnostic Substances),United States,3353598515.0,20.98,2559617
DNMX,Dynamix Corporation III Class A Ordinary Shares,Finance,Blank Checks,United States,0.0,10.055,50
DNMXU,Dynamix Corporation III Unit,Finance,Blank Checks,United States,0.0,10.1399,1352
DNMXW,Dynamix Corporation III Warrants,Finance,Blank Checks,United States,0.0,0.22,2100
DNN,Denison Mines Corp Ordinary Shares (Canada),Basic Materials,Other Metals and Minerals,Canada,2335457608.0,2.58,17834566
DNOW,DNOW Inc. Common Stock,Consumer Discretionary,Oil and Gas Field Machinery,United States,2917884281.0,16.14,1806427
DNP,DNP Select Income Fund Inc. Common Stock,Finance,Investment Managers,United States,0.0,9.72,1045900
DNTH,Dianthus Therapeutics Inc. Common Stock,Health Care,Biotechnology: Pharmaceutical Preparations,United States,4912716420.0,87.83,652742
DNUT,Krispy Kreme Inc. Common Stock,Consumer Staples,Food Chains,United States,501415000.0,2.89,1656716
DOC,Healthpeak Properties Inc. Common Stock,Real Estate,Real Estate Investment Trusts,United States,13859497926.0,20.1,5461686
DOCN,DigitalOcean Holdings Inc. Common Stock,Technology,Computer Software: Programming Data Processing,United States,16024916870.0,136.29,1836070
DOCS,Doximity Inc. Class A Common Stock,Technology,EDP Services,United States,4670044676.0,26.2,3035655
DOCU,DocuSign Inc. Common Stock,Technology,Computer Software: Prepackaged Software,United States,12518726235.0,66.98,3271814
DOGZ,Dogness (International) Corporation Class A Common Stock,Consumer Discretionary,Miscellaneous manufacturing industries,China,15946695.0,0.905,6567
DOLE,Dole plc Ordinary Shares,Consumer Staples,Farming/Seeds/Milling,Ireland,1226075315.0,12.98,774070
DOMH,Dominari Holdings Inc. Common Stock,Finance,Investment Bankers/Brokers/Service,United States,60124242.0,2.48,290581
DOO,BRP Inc. Common Subordinate Voting Shares,Consumer Discretionary,Industrial Specialties,Canada,4032087614.0,56.67,178091
DORM,Dorman Products Inc. Common Stock,Consumer Discretionary,Auto Parts:O.E.M.,United States,3671170703.0,123.71,183196
DOUG,Douglas Elliman Inc. Common Stock,Finance,Real Estate,United States,139062424.0,1.53,428511
DOV,Dover Corporation Common Stock,Industrials,Industrial Machinery/Components,United States,25788569483.0,191.48,1278362
DOW,Dow Inc. Common Stock,Industrials,Major Chemicals,United States,20146082430.0,27.89,7994133
DOX,Amdocs Limited Ordinary Shares,Technology,EDP Services,Guernsey,6198462529.0,57.42,700889
DOYU,DouYu International Holdings Limited ADS,Technology,Computer Software: Programming Data Processing,China,138822751.0,4.6,7612
DPC,DPC Holdings PLC Ordinary Shares,Telecommunications,Metal Fabrications,,6056392869.0,40.54,1291572
DPG,Duff & Phelps Utility and Infrastructure Fund Inc.,Finance,Trusts Except Educational Religious and Charitable,United States,0.0,12.79,109572
DPRO,Draganfly Inc. Common Shares,Industrials,Aerospace,Canada,207015000.0,5.595,3225736
DPU,Top KingWin Ltd Class A Ordinary Shares,Consumer Discretionary,Business Services,China,4598993.0,1.53,29468
DPZ,Domino's Pizza Inc Common Stock,Consumer Discretionary,Food Distributors,United States,9668798688.0,292.27,613808
DQ,DAQO New Energy Corp. American Depositary Shares each representing five ordinary shares,Technology,Semiconductors,China,737560893.0,10.9,850899
DRCT,Direct Digital Holdings Inc. Class A Common Stock,Consumer Discretionary,Advertising,United States,1220145.0,1.52,25838
DRD,DRDGOLD Limited American Depositary Shares,Basic Materials,Precious Metals,South Africa,2104408920.0,24.34,268867
DRDB,Roman DBDR Acquisition Corp. II Ordinary shares,Other,,United States,0.0,10.7,242
DRDBU,Roman DBDR Acquisition Corp. II Unit,Other,,United States,0.0,10.72,2
DRDBW,Roman DBDR Acquisition Corp. II Warrants,Other,,United States,0.0,0.0901,2010
DRH,Diamondrock Hospitality Company Common Stock,Real Estate,Real Estate Investment Trusts,United States,2586215808.0,12.64,2217792
DRI,Darden Restaurants Inc. Common Stock,Consumer Discretionary,Restaurants,United States,22475641452.0,197.02,1494193
DRIO,DarioHealth Corp. Common Stock,Health Care,Medical/Dental Instruments,Israel,65754518.0,6.71,8105
DRK,DarkHorse Technologies Inc. Common Shares,Finance,Finance: Consumer Services,Canada,30077283.0,2.9,250450
DRMA,Dermata Therapeutics Inc. Common Stock,Health Care,Biotechnology: Pharmaceutical Preparations,United States,4504800.0,1.12,25078
DRS,Leonardo DRS Inc. Common Stock,Industrials,Industrial Machinery/Components,Israel,9786911855.0,36.67,563614
DRTS,Alpha Tau Medical Ltd. Ordinary Shares,Health Care,Medical/Dental Instruments,Israel,1390871436.0,15.04,397893
DRTSW,Alpha Tau Medical Ltd. Warrant,Health Care,Medical/Dental Instruments,Israel,379160431.0,4.1,16886
DRUG,Bright Minds Biosciences Inc. Common Stock,Health Care,Biotechnology: Pharmaceutical Preparations,Canada,509577391.0,51.66,91899
DRVN,Driven Brands Holdings Inc. Common Stock,Consumer Discretionary,Automotive Aftermarket,United States,1940162636.0,11.76,948003
DSAC,Daedalus Special Acquisition Corp. Class A Ordinary Shares,Finance,Blank Checks,Cayman Islands,0.0,10.14,66998
DSACW,Daedalus Special Acquisition Corp. Warrant,Finance,Blank Checks,Cayman Islands,0.0,0.6202,5427
DSC,DSC Holdings Ltd. American Depositary Shares,Technology,Computer Software: Programming Data Processing,China,285413204.0,5.7,73352
DSGN,Design Therapeutics Inc. Common Stock,Health Care,Biotechnology: Pharmaceutical Preparations,United States,773509206.0,12.36,433140
DSGR,Distribution Solutions Group Inc. Common Stock,Consumer Discretionary,Industrial Specialties,United States,1618939770.0,35.0,213130
DSGX,Descartes Systems Group Inc. (The) Common Stock,Technology,Computer Software: Prepackaged Software,Canada,6745503404.0,78.85,798440
DSL,DoubleLine Income Solutions Fund Common Shares of Beneficial Interests,Finance,Trusts Except Educational Religious and Charitable,United States,1010788565.0,9.91,968731
DSM,BNY Mellon Strategic Municipal Bond Fund Inc. Common Stock,Finance,Investment Managers,United States,0.0,5.15,205816
DSP,Viant Technology Inc. Class A Common Stock,Technology,Computer Software: Programming Data Processing,United States,813945520.0,12.24,386113
DSS,DSS Inc. Common Stock,Consumer Discretionary,Containers/Packaging,United States,6929337.0,0.69,14356
DSU,Blackrock Debt Strategies Fund Inc. Common Stock,Finance,Finance Companies,United States,0.0,8.88,320484
DSWL,Deswell Industries Inc. Common Shares,Industrials,Plastic Products,Macau,48926536.0,3.08,13756
DSX,Diana Shipping inc. common stock,Consumer Discretionary,Marine Transportation,Greece,348358363.0,2.8,721811
DSX^B,Diana Shipping Inc. Perpetual Preferred Shares Series B (Marshall Islands),Other,,Greece,,27.13,3140
DSY,Big Tree Cloud Holdings Limited Class A Ordinary Shares,Consumer Discretionary,Containers/Packaging,China,17011702.0,3.58,3495
DSYWW,Big Tree Cloud Holdings Limited Warrants,Consumer Discretionary,Containers/Packaging,China,67001.0,0.0141,114
DT,Dynatrace Inc. Common Stock,Technology,Computer Software: Prepackaged Software,United States,16715883084.0,57.84,7593596
DTB,DTE Energy Company 2020 Series G 4.375% Junior Subordinated Debentures due 2080,Utilities,Electric Utilities: Central,United States,3144210723.0,15.11,21034
DTCX,Datacentrex Inc. Common Stock,Technology,EDP Services,United States,71857091.0,1.79,130905
DTE,DTE Energy Company Common Stock,Utilities,Electric Utilities: Central,United States,25143281377.0,120.83,2366573
DTF,DTF Tax-Free Income 2028 Term Fund Inc. Common Stock,Finance,Investment Managers,United States,78590559.0,11.18,30797
DTG,DTE Energy Company 2021 Series E 4.375% Junior Subordinated Debentures,Utilities,Electric Utilities: Central,United States,3184933558.0,15.3057,24814
DTI,Drilling Tools International Corporation Common Stock,Consumer Discretionary,Oil and Gas Field Machinery,United States,83266049.0,2.36,183014
DTIL,Precision BioSciences Inc. Common Stock,Health Care,Biotechnology: Biological Products (No Diagnostic Substances),United States,172233697.0,6.24,222828
DTK,DTE Energy Company 2025 Series H 6.25% Junior Subordinated Debentures due 2085,Utilities,Electric Utilities: Central,United States,0.0,20.94,66761
DTM,DT Midstream Inc. Common Stock,Utilities,Natural Gas Distribution,United States,12442805653.0,121.97,1062971
DTSQ,DT Cloud Star Acquisition Corporation Ordinary Shares,Other,,United States,0.0,11.5,157
DTSQR,DT Cloud Star Acquisition Corporation Right,Finance,Blank Checks,United States,0.0,0.15,9
DTSS,Datasea Intelligent Technology Ltd. Class A Ordinary Shares,Technology,Computer Software: Prepackaged Software,China,12685240.0,0.8794,129694
DTST,Data Storage Corporation Common Stock,Technology,EDP Services,United States,7656092.0,3.275,23525
DTW,DTE Energy Company 2017 Series E 5.25% Junior Subordinated Debentures due 2077,Utilities,Electric Utilities: Central,United States,3847548396.0,18.49,41562
DUK,Duke Energy Corporation (Holding Company) Common Stock,Utilities,Power Generation,United States,88426025708.0,113.41,4193539
DUK^A,Duke Energy Corporation Depositary Shares each representing a 1/1000th interest in a share of 5.75% Series A Cumulative Redeemable Perpetual Preferred Stock,Other,,United States,,22.1,116084
DUKB,Duke Energy Corporation 5.625% Junior Subordinated Debentures due 2078,Utilities,Power Generation,United States,15695405145.0,20.13,81946
DUKR,DUKE Robotics Corp. Common Stock,Industrials,Aerospace,Israel,18466021.0,5.39,5727
DUKRW,DUKE Robotics Corp. Warrant,Industrials,Aerospace,Israel,4625070.0,1.35,10
DUKU,Duke Energy Corporation Corporate Units,Utilities,Power Generation,United States,0.0,47.94,146811
DUO,Fangdd Network Group Ltd. Class A Ordinary Shares,Finance,Real Estate,China,23688000.0,0.6145,70339
DUOL,Duolingo Inc. Class A Common Stock,Technology,Computer Software: Prepackaged Software,United States,6283395927.0,134.3,1625827
DUOT,Duos Technologies Group Inc. Common Stock,Technology,Computer Software: Prepackaged Software,United States,282937766.0,8.99,401295
DV,DoubleVerify Holdings Inc. Common Stock,Technology,Computer Software: Programming Data Processing,United States,2076823750.0,13.4,2442370
DVA,DaVita Inc. Common Stock,Health Care,Misc Health and Biotechnology Services,United States,11360866000.0,178.07,439522
DVLT,Datavault AI Inc. Common Stock,Consumer Discretionary,Business Services,United States,152906305.0,0.161,43973029
DVN,Devon Energy Corporation Common Stock,Energy,Oil & Gas Production,United States,51403000000.0,46.73,9498158
DWSN,Dawson Geophysical Company Common Stock,Energy,Oil & Gas Production,United States,90061292.0,2.9,41524
DWTX,Dogwood Therapeutics Inc. Common Stock,Health Care,Biotechnology: Pharmaceutical Preparations,United States,46229872.0,1.36,82072
DX,Dynex Capital Inc. Common Stock,Real Estate,Real Estate Investment Trusts,United States,2811731170.0,11.33,8153983
DX^C,Dynex Capital Inc. 6.900% Series C Fixed-to-Floating Rate Cumulative Redeemable Preferred Stock,Other,,United States,,25.93,31681
DXC,DXC Technology Company Common Stock,Technology,EDP Services,United States,1653709431.0,10.35,2648299
DXCM,DexCom Inc. Common Stock,Health Care,Medical/Dental Instruments,United States,32709631110.0,86.68,3411257
DXF,Eason Technology Limited American Depositary Shares (each representing sixty-thousand (60000) Ordinary Shares),Finance,Finance: Consumer Services,,1585942.0,0.4901,38801
DXLG,Destination XL Group Inc. Common Stock,Consumer Discretionary,Clothing/Shoe/Accessory Stores,United States,26296073.0,0.4742,114260
DXPE,DXP Enterprises Inc. Common Stock,Industrials,Industrial Machinery/Components,United States,2970447642.0,191.43,162105
DXR,Daxor Corporation Common Stock,Health Care,Medical/Dental Instruments,United States,66263842.0,11.35,11715
DXST,Decent Holding Inc Class A Ordinary Shares,Industrials,Miscellaneous,China,3539500.0,1.95,140162
DXYZ,Destiny Tech100 Inc. Common Stock,Other,,,0.0,29.86,445185
DY,Dycom Industries Inc. Common Stock,Industrials,Water Sewer Pipeline Comm & Power Line Construction,United States,8046641718.0,266.79,661382
DYAI,Dyadic International Inc. Common Stock,Health Care,Biotechnology: Biological Products (No Diagnostic Substances),United States,18629622.0,0.465,307619
DYN,Dyne Therapeutics Inc. Common Stock,Health Care,Biotechnology: Pharmaceutical Preparations,United States,3051436683.0,16.34,2306094
DYNC,Dynamix Corporation Class A Ordinary Shares,Other,,United States,0.0,10.895,42770
DYNCW,Dynamix Corporation Warrant,Other,,United States,0.0,0.1199,4831
DYOR,Insight Digital Partners II Class A Ordinary Shares,Finance,Blank Checks,United States,0.0,10.13,156
DYORW,Insight Digital Partners II Warrants,Finance,Blank Checks,United States,0.0,0.2365,1
E,ENI S.p.A. Common Stock,Energy,Oil & Gas Production,Italy,87511537820.0,55.62,366567
EAD,Allspring Income Opportunities Fund Common Shares,Finance,Finance/Investors Services,United States,0.0,6.0,326400
EAF,GrafTech International Ltd. Common Stock,Energy,Industrial Machinery/Components,United States,259877953.0,9.96,733419
EAI,Entergy Arkansas LLC First Mortgage Bonds 4.875% Series Due September 1 2066,Utilities,Electric Utilities: Central,United States,8796003737.0,18.85,19693
EARN,Ellington Credit Company Common Shares of Beneficial Interest,Real Estate,Real Estate Investment Trusts,United States,158124211.0,4.21,262382
EAT,Brinker International Inc. Common Stock,Consumer Discretionary,Restaurants,United States,8478861087.0,202.45,1235250
EBAY,eBay Inc. Common Stock,Consumer Discretionary,Business Services,United States,47757400000.0,107.32,3726242
EBC,Eastern Bankshares Inc. Common Stock,Finance,Savings Institutions,United States,4828449094.0,21.13,2354561
EBF,Ennis Inc. Common Stock,Consumer Discretionary,Office Equipment/Supplies/Services,United States,566934276.0,22.41,218182
EBMT,Eagle Bancorp Montana Inc. Common Stock,Finance,Major Banks,United States,170141606.0,21.36,25229
EBON,Ebang International Holdings Inc. Class A Ordinary Shares,Finance,Investment Bankers/Brokers/Service,China,13218755.0,2.02,1060
EBS,Emergent BioSolutions Inc. Common Stock,Health Care,Biotechnology: Pharmaceutical Preparations,United States,351735085.0,6.86,682916
EC,Ecopetrol S.A. American Depositary Shares,Energy,Oil & Gas Production,Colombia,34332440075.0,16.7,2705102
ECAT,BlackRock ESG Capital Allocation Term Trust Common Shares of Beneficial Interest,Finance,Finance/Investors Services,United States,1514971350.0,14.01,574553
ECBK,ECB Bancorp Inc. Common Stock,Finance,Banks,United States,185501413.0,21.23,13236
ECC,Eagle Point Credit Company Common Share of Beneficial Interest,Finance,Trusts Except Educational Religious and Charitable,United States,209892333.0,3.46,633508
ECC^D,Eagle Point Credit Company 6.75% Series D Preferred Stock,Other,,United States,,17.85,10176
ECCC,Eagle Point Credit Company 6.50% Series C Term Preferred Stock due 2031,Finance,Trusts Except Educational Religious and Charitable,United States,1525662479.0,25.15,2749
ECCU,Eagle Point Credit Company 7.75% Notes due 2030,Other,,United States,0.0,24.9,16862
ECCV,Eagle Point Credit Company 5.375% Notes due 2029,Finance,Trusts Except Educational Religious and Charitable,United States,1444981322.0,23.82,8411
ECF,Ellsworth Growth and Income Fund Ltd.,Finance,Finance/Investors Services,United States,0.0,11.82,62205
ECF^A,Ellsworth Growth and Income Fund Ltd. 5.25% Series A Cumulative Preferred Shares (Liquidation Preference $25.00 per share),Other,,United States,,18.68,1308
ECG,Everus Construction Group Inc. Common Stock,Consumer Discretionary,Homebuilding,United States,5957107108.0,116.66,324000
ECHO,EchoStar  Corporation Common Stock,Consumer Discretionary,Telecommunications Equipment,United States,25946589602.0,89.22,2642613
ECL,Ecolab Inc. Common Stock,Consumer Discretionary,Package Goods/Cosmetics,United States,78556484419.0,280.23,954062
ECO,Okeanis Eco Tankers Corp. Common Stock,Consumer Discretionary,Marine Transportation,,3091165336.0,79.17,562042
ECOR,electroCore Inc. Common Stock,Health Care,Biotechnology: Electromedical & Electrotherapeutic Apparatus,United States,99445212.0,11.03,114285
ECPG,Encore Capital Group Inc Common Stock,Finance,Finance Companies,United States,2046491725.0,96.49,217246
ECVT,Ecovyst Inc. Common Stock,Industrials,Major Chemicals,United States,1099062716.0,10.04,917518
ECX,ECARX Holdings Inc. Class A Ordinary shares,Technology,EDP Services,China,430597782.0,1.13,1627824
ECXWW,ECARX Holdings Inc. Warrants,Technology,EDP Services,China,8307108.0,0.0218,2
ED,Consolidated Edison Inc. Common Stock,Utilities,Power Generation,United States,38029478331.0,102.83,1960402
EDBL,Edible Garden AG Incorporated Common Stock,Consumer Staples,Farming/Seeds/Milling,United States,2361326.0,1.21,158433
EDBLW,Edible Garden AG Incorporated Warrant,Consumer Staples,Farming/Seeds/Milling,United States,57570.0,0.0295,11315
EDD,Morgan Stanley Emerging Markets Domestic Debt Fund Inc. Common Stock,Finance,Finance Companies,United States,0.0,5.58,319326
EDF,Virtus Stone Harbor Emerging Markets Income Fund Common Shares of Beneficial Interest,Finance,Investment Managers,United States,0.0,4.98,114715
EDHL,Everbright Digital Holding Limited Ordinary Shares,Consumer Discretionary,Advertising,Hong Kong,30630674.0,5.14,263703
EDIT,Editas Medicine Inc. Common Stock,Health Care,Biotechnology: Biological Products (No Diagnostic Substances),United States,385485888.0,2.51,2204516
EDN,Empresa Distribuidora Y Comercializadora Norte S.A. (Edenor) American Depositary Shares,Utilities,Electric Utilities: Central,Argentina,915264312.0,20.23,70345
EDRY,EuroDry Ltd. Common Shares,Consumer Discretionary,Marine Transportation,Greece,148546746.0,51.82,168271
EDSA,Edesa Biotech Inc. Common Shares,Health Care,Biotechnology: Pharmaceutical Preparations,United States,49288589.0,3.65,48356
EDTK,Skillful Craftsman Education Technology Limited Ordinary Share,Real Estate,Other Consumer Services,China,16685435.0,1.03,480
EDU,New Oriental Education & Technology Group Inc. Sponsored ADR representing 10 Ordinary Share (Cayman Islands),Real Estate,Other Consumer Services,China,8661502635.0,55.87,605716
EDUC,Educational Development Corporation Common Stock,Consumer Discretionary,Consumer Specialties,United States,11082453.0,1.3,11001
EDVA,Endovia Health Sciences Inc. Common Stock,Consumer Staples,Beverages (Production/Distribution),,1197218.0,0.1867,1077126
EE,Excelerate Energy Inc. Class A Common Stock,Utilities,Oil/Gas Transmission,United States,3724125128.0,32.84,253549
EEA,The European Equity Fund Inc. Common Stock,Finance,Trusts Except Educational Religious and Charitable,United States,0.0,10.54,14065
EEFT,Euronet Worldwide Inc. Common Stock,Finance,Investment Bankers/Brokers/Service,United States,2428615423.0,64.93,562991
EEIQ,EpicQuest Education Group International Limited Common Stock,Real Estate,Other Consumer Services,United States,7541533.0,4.58,24742
EFC,Ellington Financial Inc. Common Stock,Finance,Real Estate,United States,1572426109.0,12.2,1549756
EFC^B,Ellington Financial Inc. 6.250% Series B Fixed-Rate Reset Cumulative Redeemable Preferred Stock,Other,,United States,,25.1,12160
EFC^C,Ellington Financial Inc. 8.625% Series C Fixed-Rate Reset Cumulative Redeemable Preferred Stock,Other,,United States,,25.44,3180
EFC^D,Ellington Financial Inc. 7.00% Series D Cumulative Perpetual Redeemable Preferred Stock,Other,,United States,,23.42,83
EFOI,Energy Focus Inc. Common Stock,Consumer Discretionary,Building Products,United States,17515361.0,2.75,4452
EFOR,Everforth Inc. Common Stock,Consumer Discretionary,Professional Services,United States,1346030000.0,32.83,461451
EFR,Eaton Vance Senior Floating-Rate Fund Common Shares of Beneficial Interest,Finance,Trusts Except Educational Religious and Charitable,United States,0.0,10.21,125959
EFSC,Enterprise Financial Services Corporation Common Stock,Finance,Major Banks,United States,2176980078.0,60.15,238043
EFSCP,Enterprise Financial Services Corporation Depositary Shares Each Representing a 1/40th Interest in a Share of 5% Fixed Rate Non-Cumulative Perpetual Preferred Stock Series A,Finance,Major Banks,United States,600795832.0,16.6,3702
EFSI,Eagle Financial Services Inc Common Stock,Finance,Major Banks,United States,248447245.0,45.91,28383
EFT,Eaton Vance Floating Rate Income Trust Common Shares of Beneficial Interest,Finance,Finance Companies,United States,302831220.0,10.41,69210
EFX,Equifax Inc. Common Stock,Finance,Finance: Consumer Services,United States,17126948139.0,145.78,2441730
EFXT,Enerflex Ltd Common Shares,Industrials,Industrial Machinery/Components,Canada,2885291125.0,23.63,1202743
EG,Everest Group Ltd. Common Stock,Finance,Property-Casualty Insurers,Bermuda,14179143033.0,369.8,270249
EGAN,eGain Corporation Common Stock,Technology,Computer Software: Prepackaged Software,United States,148392218.0,5.67,235273
EGBN,Eagle Bancorp Inc. Common Stock,Finance,Major Banks,United States,867269032.0,28.45,316533
EGG,Enigmatig Limited Class A Ordinary Shares,Consumer Discretionary,Professional Services,,118342100.0,4.25,4793735
EGHA,EGH Acquisition Corp. Class A Ordinary Shares,Finance,Finance/Investors Services,United States,0.0,10.42,25007
EGHAR,EGH Acquisition Corp. Rights,Finance,Finance/Investors Services,United States,0.0,0.2633,1000
EGHT,8x8 Inc Common Stock,Technology,EDP Services,United States,321368990.0,2.225,1732884
EGO,Eldorado Gold Corporation Ordinary Shares,Basic Materials,Precious Metals,Canada,10306455397.0,39.44,5510374
EGP,EastGroup Properties Inc. Common Stock,Real Estate,Real Estate Investment Trusts,United States,10885870293.0,202.44,536369
EGY,VAALCO Energy Inc.  Common Stock,Energy,Oil & Gas Production,United States,605904641.0,5.76,973119
EH,EHang Holdings Limited ADS,Industrials,Aerospace,China,333719593.0,4.4,602233
EHC,Encompass Health Corporation Common Stock,Health Care,Hospital/Nursing Management,United States,12234992684.0,124.02,991188
EHGO,Eshallgo Inc. Class A Ordinary Shares,Consumer Discretionary,Diversified Commercial Services,China,4542208.0,0.8204,119432
EHI,Western Asset Global High Income Fund Inc Common Stock,Finance,Investment Managers,United States,0.0,5.38,115149
EHLD,Euroholdings Ltd. Common Stock,Consumer Discretionary,Marine Transportation,Greece,34123291.0,12.115,4350
EHTH,eHealth Inc. Common Stock,Finance,Specialty Insurers,United States,23233284.0,0.7253,440181
EIC,Eagle Point Income Company Common Shares of Beneficial Interest,Finance,Finance/Investors Services,United States,82221837.0,9.23,63849
EICA,Eagle Point Income Company 5.00% Series A Term Preferred Shares due 2026,Finance,Finance/Investors Services,United States,222613619.0,24.99,1618
EIG,Employers Holdings Inc Common Stock,Finance,Property-Casualty Insurers,United States,857793767.0,47.76,175234
EIIA,Eagle Point Institutional Income Fund 8.125% Series A Term Preferred Shares Due 2029,Other,,,0.0,25.11,993
EIKN,Eikon Therapeutics Inc. Common Stock,Health Care,Biotechnology: Biological Products (No Diagnostic Substances),United States,428445387.0,7.91,435035
EIM,Eaton Vance Municipal Bond Fund Common Shares of Beneficial Interest $.01 par value,Finance,Finance/Investors Services,United States,0.0,8.74,680044
EIX,Edison International Common Stock,Utilities,Electric Utilities: Central,United States,19806375499.0,51.47,5535575
EJH,E-Home Household Service Holdings Limited Ordinary Shares,Consumer Discretionary,Other Consumer Services,China,3868666.0,1.2089,19506
EL,Estee Lauder Companies Inc. (The) Common Stock,Consumer Discretionary,Package Goods/Cosmetics,United States,34577089048.0,95.57,3564880
ELA,Envela Corporation Common Stock,Consumer Discretionary,Consumer Specialties,United States,317792946.0,12.24,92720
ELAB,PMGC Holdings Inc. Common Stock,Health Care,Biotechnology: Pharmaceutical Preparations,United States,3869788.0,4.78,252912
ELAN,Elanco Animal Health Incorporated Common Stock,Health Care,Biotechnology: Pharmaceutical Preparations,United States,11216510084.0,22.45,6593575
ELBM,Electra Battery Materials Corporation Common Stock,Miscellaneous,Industrial Machinery/Components,Canada,56582713.0,0.5298,188916
ELC,Entergy Louisiana Inc. Collateral Trust Mortgage Bonds 4.875 % Series due September 1 2066,Utilities,Electric Utilities: Central,United States,3989674598.0,18.71,12702
ELDN,Eledon Pharmaceuticals Inc. Common Stock,Health Care,Biotechnology: Pharmaceutical Preparations,United States,214529441.0,2.64,714569
ELE,Elemental Royalty Corporation Common Stock,Basic Materials,Precious Metals,Canada,1585419622.0,19.69,444785
ELF,e.l.f. Beauty Inc. Common Stock,Consumer Discretionary,Package Goods/Cosmetics,United States,6007013993.0,101.8,1161195
ELLA,Ellington Credit Company 8.50% Notes due 2031,Real Estate,Real Estate Investment Trusts,United States,0.0,25.058,3671
ELLO,Ellomay Capital Ltd Ordinary Shares (Israel),Utilities,Electric Utilities: Central,Israel,285516853.0,20.7148,4922
ELMD,Electromed Inc. Common Stock,Health Care,Biotechnology: Electromedical & Electrotherapeutic Apparatus,United States,235674812.0,28.17,87834
ELME,Elme Communities Common Stock,Real Estate,Real Estate Investment Trusts,United States,151058401.0,1.7,522033
ELMT,The Elmet Group Co. Common Stock,Industrials,Metal Fabrications,United States,567765043.0,18.64,396484
ELOG,Eastern International Ltd. Ordinary Shares,Industrials,Integrated Freight & Logistics,China,6270998.0,0.4887,22698
ELOX,Eloxx Pharmaceuticals Inc. Common Stock,Health Care,Biotechnology: Biological Products (No Diagnostic Substances),United States,60546885.0,15.0,16421
ELPC,Companhia Paranaense de Energia (COPEL) American Depositary Shares (each representing four (4) Common Shares),Utilities,Electric Utilities: Central,Brazil,8985716908.0,12.05,385347
ELPW,Elong Power Holding Limited Class A Ordinary Shares,Miscellaneous,Industrial Machinery/Components,China,2824230.0,3.03,198487
ELS,Equity Lifestyle Properties Inc. Common Stock,Real Estate,Real Estate Investment Trusts,United States,11465337691.0,59.08,2015392
ELTK,Eltek Ltd. Ordinary Shares,Technology,Electrical Products,Israel,54766590.0,8.15,5386
ELTX,Elicio Therapeutics Inc. Common Stock,Health Care,Biotechnology: Pharmaceutical Preparations,United States,48621482.0,1.85,222084
ELUT,Elutia Inc. Class A Common Stock,Health Care,Biotechnology: Biological Products (No Diagnostic Substances),United States,35874276.0,0.81,5642
ELV,Elevance Health Inc. Common Stock,Health Care,Medical Specialities,United States,85574453141.0,394.59,1335630
ELVA,Electrovaya Inc. Common Shares,Miscellaneous,Industrial Machinery/Components,Canada,306493239.0,6.13,472888
ELVN,Enliven Therapeutics Inc. Common Stock,Health Care,Biotechnology: Pharmaceutical Preparations,United States,3371187714.0,46.01,1284686
ELVR,Elevra Lithium Limited American Depository Shares,Industrials,Mining & Quarrying of Nonmetallic Minerals (No Fuels),Australia,686822802.0,40.55,35001
ELWT,Elauwit Connection Inc. Common Stock,Consumer Discretionary,Telecommunications Equipment,United States,44352633.0,6.7,8893
EMA,Emera Incorporated Common Shares,Utilities,Electric Utilities: Central,Canada,14671872000.0,47.76,280142
EMAT,Evolution Metals & Technologies Corp. Common Stock,Miscellaneous,Industrial Machinery/Components,United States,2007042067.0,3.2,997363
EMBC,Embecta Corp. Common Stock,Health Care,Medical/Dental Instruments,United States,335991422.0,5.93,680976
EMBJ,Embraer S.A. Common Stock,Industrials,Aerospace,Brazil,13828323174.0,76.53,1338858
EMD,Western Asset Emerging Markets Debt Fund Inc Common Stock,Finance,Finance/Investors Services,United States,0.0,9.37,246004
EME,EMCOR Group Inc. Common Stock,Industrials,Engineering & Construction,United States,33767011414.0,765.52,386858
EMF,Templeton Emerging Markets Fund Common Stock,Finance,Finance/Investors Services,United States,0.0,22.24,36511
EMIS,Emmis Acquisition Corp. Class A Ordinary Shares,Health Care,Biotechnology: Pharmaceutical Preparations,United States,0.0,10.27,6
EML,Eastern Company (The) Common Stock,Consumer Discretionary,Industrial Machinery/Components,United States,146768240.0,24.39,6345
EMN,Eastman Chemical Company Common Stock,Industrials,Major Chemicals,United States,7602667174.0,66.47,1272858
EMO,ClearBridge Energy Midstream Opportunity Fund Inc. Common Stock,Finance,Investment Managers,United States,0.0,51.26,34392
EMP,Entergy Mississippi LLC First Mortgage Bonds 4.90% Series Due October 1 2066,Utilities,Electric Utilities: Central,United States,8875331092.0,19.02,16082
EMPD,Empery Digital Inc. Common stock,Industrials,Auto Manufacturing,United States,83768131.0,2.98,207020
EMR,Emerson Electric Company Common Stock,Technology,Consumer Electronics/Appliances,United States,88907742000.0,159.39,2140477
ENB,Enbridge Inc Common Stock,Energy,Natural Gas Distribution,Canada,102587582774.0,46.97,4287373
ENGN,enGene Therapeutics Inc. Common Stock,Health Care,Biotechnology: Biological Products (No Diagnostic Substances),Canada,132022143.0,1.97,332194
ENGNW,enGene Therapeutics Inc. Warrants,Health Care,Biotechnology: Biological Products (No Diagnostic Substances),Canada,14750291.0,0.2201,110
ENGS,Energys Group Limited Ordinary Shares,Industrials,Engineering & Construction,United Kingdom,160362547.0,2.96,961755
ENHA,Enhanced Group Inc. Class A Common Stock,Consumer Discretionary,Services-Misc. Amusement & Recreation,Singapore,604925375.0,1.53,2274196
ENIC,Enel Chile S.A. American Depositary Shares (Each representing 50 shares of Common Stock),Utilities,Electric Utilities: Central,Chile,5892990673.0,4.26,416387
ENJ,Entergy New Orleans LLC First Mortgage Bonds 5.0% Series due December 1 2052,Utilities,Power Generation,United States,8931326872.0,19.14,9
ENLT,Enlight Renewable Energy Ltd. Ordinary Shares,Utilities,Electric Utilities: Central,Israel,9586779125.0,68.75,191369
ENLV,Enlivex Ltd. Ordinary Shares,Health Care,Biotechnology: Pharmaceutical Preparations,Israel,8987527.0,0.514,631027
ENO,Entergy New Orleans LLC First Mortgage Bonds 5.50% Series due April 1 2066,Utilities,Power Generation,United States,4323659706.0,20.22,12337
ENOV,Enovis Corporation Common Stock,Health Care,Industrial Specialties,United States,1047278011.0,18.16,1466402
ENPH,Enphase Energy Inc. Common Stock,Technology,Semiconductors,United States,4084591070.0,30.91,5461298
ENR,Energizer Holdings Inc. Common Stock,Miscellaneous,Industrial Machinery/Components,United States,1526500269.0,22.29,756701
ENRD,Einride AB American Depositary Shares,Technology,EDP Services,Sweden,567687626.0,3.87,262862
ENRDW,Einride AB Warrants,Technology,EDP Services,Sweden,33767879.0,0.2302,143476
ENS,EnerSys Common Stock,Miscellaneous,Industrial Machinery/Components,United States,6418888568.0,177.98,432081
ENSC,Ensysce Biosciences Inc. Common Stock,Health Care,Biotechnology: Pharmaceutical Preparations,United States,7804120.0,0.4011,212872
ENSG,The Ensign Group Inc. Common Stock,Health Care,Hospital/Nursing Management,United States,10278690060.0,176.36,322833
ENTA,Enanta Pharmaceuticals Inc. Common Stock,Health Care,Biotechnology: Pharmaceutical Preparations,United States,367416946.0,12.615,349343
ENTG,Entegris Inc. Common Stock,Industrials,Plastic Products,United States,23016264000.0,150.63,1976615
ENTX,Entera Bio Ltd. Ordinary Shares,Health Care,Biotechnology: Biological Products (No Diagnostic Substances),Israel,467851331.0,2.69,340922
ENVA,Enova International Inc. Common Stock,Finance,Finance: Consumer Services,United States,4233221037.0,170.02,359472
ENVB,Enveric Biosciences Inc. Common Stock,Health Care,Biotechnology: Pharmaceutical Preparations,United States,6579549.0,1.47,63608
ENVX,Enovix Corporation Common Stock,Miscellaneous,Industrial Machinery/Components,United States,560691007.0,2.555,17287099
EOCN,Eocene Ltd. Ordinary Shares,Health Care,Biotechnology: Pharmaceutical Preparations,Israel,3780881.0,3.63,3891
EOD,Allspring Global Dividend Opportunity Fund Common Shares of Beneficial Interest,Finance,Investment Managers,United States,0.0,6.36,103962
EOG,EOG Resources Inc. Common Stock,Energy,Oil & Gas Production,United States,73764538021.0,140.63,2746279
EOI,Eaton Vance Enhance Equity Income Fund Eaton Vance Enhanced Equity Income Fund Shares of Beneficial Interest,Finance,Finance/Investors Services,United States,0.0,19.74,62504
EOLS,Evolus Inc. Common Stock,Health Care,Biotechnology: Pharmaceutical Preparations,United States,525761502.0,7.96,478242
EONR,EON Resources Inc. Class A Common Stock,Energy,Oil & Gas Production,,25683729.0,0.514,856092
EOS,Eaton Vance Enhance Equity Income Fund II Common Stock,Finance,Trusts Except Educational Religious and Charitable,,0.0,21.2,196854
EOSE,Eos Energy Enterprises Inc. Class A Common Stock,Miscellaneous,Industrial Machinery/Components,United States,1117994974.0,3.07,25829293
EOSEW,Eos Energy Enterprises Inc. Warrant,Miscellaneous,Industrial Machinery/Components,United States,983252909.0,2.7,19676
EOT,Eaton Vance Municipal Income Trust EATON VANCE NATIONAL MUNICIPAL OPPORTUNITIES TRUST,Finance,Investment Bankers/Brokers/Service,United States,236873802.0,15.16,118455
EP,Empire Petroleum Corporation Common Stock,Energy,Oil & Gas Production,United States,87364916.0,2.1,13642
EP^C,El Paso Corporation Preferred Stock,Other,,United States,,49.64,3057
EPAC,Enerpac Tool Group Corp. Common Stock,Technology,Industrial Machinery/Components,United States,1801579269.0,35.23,621997
EPAM,EPAM Systems Inc. Common Stock,Technology,EDP Services,United States,5548179807.0,107.55,1029343
EPC,Edgewell Personal Care Company Common Stock,Consumer Discretionary,Package Goods/Cosmetics,United States,1303855405.0,28.29,748344
EPD,Enterprise Products Partners L.P. Common Stock,Utilities,Natural Gas Distribution,United States,79144838244.0,36.65,3146288
EPM,Evolution Petroleum Corporation Inc. Common Stock,Energy,Oil & Gas Production,United States,138594180.0,3.45,395240
EPOW,E-Power Inc. Class A Ordinary Shares,Miscellaneous,Industrial Machinery/Components,China,12099532.0,5.2,25032
EPR,EPR Properties Common Stock,Real Estate,Real Estate Investment Trusts,United States,4365176376.0,56.98,782920
EPR^C,EPR Properties 5.75% Series C Cumulative Convertible Preferred Shares,Other,,United States,,25.26,2756
EPR^E,EPR Properties Series E Cumulative Conv Pfd Shs Ser E,Other,,United States,,31.25,6645
EPR^G,EPR Properties 5.750% Series G Cumulative Redeemable Preferred Shares,Other,,United States,,19.3,7833
EPRT,Essential Properties Realty Trust Inc. Common Stock,Real Estate,Real Estate Investment Trusts,United States,5709607306.0,26.4,2010219
EPRX,Eupraxia Pharmaceuticals Inc. Common Stock,Health Care,Pharmaceuticals and Biotechnology,Canada,541093449.0,8.21,369129
EPSM,Epsium Enterprise Limited Class A Ordinary Shares,Consumer Staples,Beverages (Production/Distribution),Macau,17872585.0,1.33,24483
EPSN,Epsilon Energy Ltd. Common Share,Energy,Oil & Gas Production,United States,180491323.0,5.96,69319
EQ,Equillium Inc. Common Stock,Health Care,Biotechnology: Pharmaceutical Preparations,United States,106525578.0,1.68,241735
EQBK,Equity Bancshares Inc. Class A Common Stock,Finance,Major Banks,United States,989057295.0,48.03,91458
EQH,Equitable Holdings Inc. Common Stock,Finance,Specialty Insurers,United States,14282469063.0,52.31,2529271
EQH^A,Equitable Holdings Inc. Depositary Shares,Other,,United States,,18.09,134830
EQH^C,Equitable Holdings Inc. Depositary Shares each representing a 1/1000th interest in a share of Fixed Rate Noncumulative Perpetual Preferred Stock Series C,Other,,United States,,15.84,29346
EQIX,Equinix Inc. Common Stock REIT,Real Estate,Real Estate Investment Trusts,United States,99763981564.0,1011.07,471664
EQNR,Equinor ASA,Energy,Integrated oil Companies,Norway,105686456438.0,42.27,4923790
EQPT,EquipmentShare.com Inc Class A Common Stock,Consumer Discretionary,Diversified Commercial Services,United States,4613976286.0,18.21,2257423
EQS,Equus Total Return Inc. Common Stock,Finance,Finance/Investors Services,United States,14525364.0,1.04,5320
EQT,EQT Corporation Common Stock,Energy,Oil & Gas Production,United States,31194482920.0,49.87,5341040
EQX,Equinox Gold Corp. Common Shares,Basic Materials,Precious Metals,Canada,13110573801.0,11.23,13242146
ERAS,Erasca Inc. Common Stock,Health Care,Biotechnology: Pharmaceutical Preparations,United States,4942137555.0,14.13,3597350
ERC,Allspring Multi-Sector Income Fund Common Stock,Finance,Finance/Investors Services,United States,0.0,8.52,44121
ERH,Allspring Utilities and High Income Fund Common Shares,Finance,Finance/Investors Services,,0.0,10.18,15317
ERIC,Ericsson American Depositary Shares,Technology,Radio And Television Broadcasting And Communications Equipment,Sweden,31758133344.0,9.42,10718188
ERIE,Erie Indemnity Company Class A Common Stock,Finance,Specialty Insurers,United States,10250277971.0,221.92,111517
ERII,Energy Recovery Inc. Common Stock,Technology,Industrial Machinery/Components,United States,343021560.0,6.72,931411
ERNA,Ernexa Therapeutics Inc. Common Stock,Health Care,Biotechnology: Pharmaceutical Preparations,United States,5664466.0,3.47,25804
ERO,Ero Copper Corp. Common Shares,Basic Materials,Metal Mining,Canada,3901038783.0,37.41,1184092
EROC,ERock Inc. Class A Common Stock,Energy,Industrial Machinery/Components,,2606472950.0,11.88,1586326
EROK,EagleRock Land LLC Class A shares representing limited liability company interests,Energy,Oil & Gas Production,,2813203602.0,21.39,230070
ES,Eversource Energy (D/B/A) Common Stock,Utilities,Electric Utilities: Central,United States,23835978433.0,63.28,3255651
ESAB,ESAB Corporation Common Stock,Industrials,Industrial Machinery/Components,United States,4180785223.0,67.25,1182119
ESCA,Escalade Incorporated Common Stock,Consumer Discretionary,Recreational Games/Products/Toys,United States,266648853.0,19.37,34537
ESE,ESCO Technologies Inc. Common Stock,Telecommunications,Telecommunications Equipment,United States,6892449125.0,266.04,356159
ESEA,Euroseas Ltd. Common Stock (Marshall Islands),Consumer Discretionary,Marine Transportation,Greece,488337524.0,69.21,46682
ESI,Element Solutions Inc. Common Stock,Industrials,Major Chemicals,United States,8558424900.0,35.12,3458828
ESLA,Estrella Immunopharma Inc. Common Stock,Health Care,Biotechnology: Biological Products (No Diagnostic Substances),United States,18764979.0,0.4314,35988
ESLT,Elbit Systems Ltd. Ordinary Shares,Industrials,Military/Government/Technical,Israel,32754846244.0,704.27,75120
ESNT,Essent Group Ltd. Common Shares,Finance,Property-Casualty Insurers,Bermuda,5701764716.0,63.44,558330
ESOA,Energy Services of America Corporation Common Stock,Industrials,Water Sewer Pipeline Comm & Power Line Construction,United States,207676685.0,11.13,113392
ESP,Espey Mfg. & Electronics Corp. Common Stock,Technology,Industrial Machinery/Components,United States,198975853.0,65.52,33986
ESQ,Esquire Financial Holdings Inc. Common Stock,Finance,Commercial Banks,United States,1448797539.0,119.69,122439
ESRT,Empire State Realty Trust Inc. Class A Common Stock,Real Estate,Real Estate Investment Trusts,United States,698992511.0,4.06,3550850
ESS,Essex Property Trust Inc. Common Stock,Real Estate,Real Estate Investment Trusts,United States,17545926531.0,273.01,464259
ESTA,Establishment Labs Holdings Inc. Common Shares,Health Care,Industrial Specialties,Costa Rica,1947255558.0,65.34,345921
ESTC,Elastic N.V. Ordinary Shares,Technology,Computer Software: Prepackaged Software,United States,9232933163.0,87.94,1914143
ESYN,EnerSyn Global Inc. Common Stock,Health Care,Other Pharmaceuticals,United States,76396848.0,2.57,48816
ET,Energy Transfer LP Common Units,Utilities,Natural Gas Distribution,United States,69210321980.0,20.1,9169906
ET^I,Energy Transfer L.P. Series I Fixed Rate Perpetual Preferred Units,Other,,United States,,11.23,62576
ETB,Eaton Vance Tax-Managed Buy-Write Income Fund Eaton Vance Tax-Managed Buy-Write Income Fund Common Shares of Beneficial Interest,Finance,Investment Bankers/Brokers/Service,United States,450850959.0,15.35,43810
ETD,Ethan Allen Interiors Inc. Common Stock,Consumer Discretionary,Home Furnishings,United States,534293064.0,21.2,396791
ETG,Eaton Vance Tax-Advantaged Global Dividend Income Fund Common Shares of Beneficial Interest,Finance,Investment Managers,United States,0.0,23.08,68522
ETI^,Entergy Texas Inc 5.375% Series A Preferred Stock Cumulative No Par Value,Other,,United States,,21.1,3183
ETJ,Eaton Vance Risk-Managed Diversified Equity Income Fund Common Shares of Beneficial Interest,Finance,Finance Companies,United States,0.0,8.18,171037
ETN,Eaton Corporation PLC Ordinary Shares,Technology,Industrial Machinery/Components,Ireland,167559644000.0,431.41,2367712
ETO,Eaton Vance Tax-Advantage Global Dividend Opp Common Stock,Finance,Investment Managers,United States,494102361.0,30.15,8595
ETON,Eton Pharmaceuticals Inc. Common Stock,Health Care,Biotechnology: Pharmaceutical Preparations,United States,1691549929.0,59.18,390816
ETOR,eToro Group Ltd. Class A Common Shares,Finance,Investment Bankers/Brokers/Service,Israel,2079706318.0,25.82,1149197
ETR,Entergy Corporation Common Stock,Utilities,Electric Utilities: Central,United States,45776549954.0,98.1,2379290
ETRA,Electra Therapeutics Inc. Common stock,Health Care,Biotechnology: Biological Products (No Diagnostic Substances),United States,710521931.0,11.32,537154
ETS,Elite Express Holding Inc. Class A Common Stock,Industrials,Trucking Freight/Courier Services,United States,79895342.0,1.64,131340
ETSS,Energy Transition Special Opportunities Class A Ordinary Shares,Finance,Blank Checks,,0.0,9.95,193
ETSY,Etsy Inc. Common Stock,Consumer Discretionary,Business Services,United States,6325598072.0,68.92,2631633
ETV,Eaton Vance Corporation Eaton Vance Tax-Managed Buy-Write Opportunities Fund Common Shares of Beneficial Interest,Finance,Investment Bankers/Brokers/Service,United States,1630283767.0,14.92,254307
ETW,Eaton Vance Corporation Eaton Vance Tax-Managed Global Buy-Write Opportunites Fund Common Shares of Beneficial Interest,Finance,Investment Managers,United States,1045562878.0,9.54,280179
ETX,Eaton Vance Municipal Income 2028 Term Trust Common Shares of Beneficial Interest,Finance,Investment Managers,,187765491.0,17.25,27016
ETY,Eaton Vance Tax-Managed Diversified Equity Income Fund Common Shares of Beneficial Interest,Finance,Finance Companies,United States,0.0,14.07,370655
EU,enCore Energy Corp. Common Shares,Basic Materials,Other Metals and Minerals,United States,233137165.0,1.2,4148497
EUDA,EUDA Health Holdings Limited Ordinary Shares,Health Care,Medical/Nursing Services,Singapore,48508065.0,16.2,8516
EUDAW,EUDA Health Holdings Limited Warrant,Health Care,Medical/Nursing Services,Singapore,86237.0,0.0288,469
EURK,Eureka Acquisition Corp Class A Ordinary Share,Other,,United States,0.0,11.5432,342
EURKR,Eureka Acquisition Corp Right,Consumer Discretionary,Marine Transportation,United States,0.0,0.2501,1774
EVAC,EQV Ventures Acquisition Corp. II Class A Ordinary Shares,Industrials,Fluid Controls,,0.0,10.32,3558
EVAX,Evaxion A/S American Depositary Share,Health Care,Biotechnology: Biological Products (No Diagnostic Substances),Denmark,29229605.0,3.24,55698
EVC,Entravision Communications Corporation Common Stock,Industrials,Broadcasting,United States,671858860.0,7.28,1373682
EVCM,EverCommerce Inc. Common Stock,Technology,Computer Software: Prepackaged Software,United States,1408022011.0,7.97,130127
EVER,EverQuote Inc. Class A Common Stock,Technology,Computer Software: Programming Data Processing,United States,655106971.0,18.59,671299
EVEX,Eve Holding Inc. Common Stock,Industrials,Aerospace,United States,696972666.0,2.0,954016
EVF,Eaton Vance Senior Income Trust Common Stock,Finance,Investment Bankers/Brokers/Service,United States,85063461.0,4.85,52400
EVG,Eaton Vance Short Diversified Income Fund Eaton Vance Short Duration Diversified Income Fund Common Shares of Beneficial Interest,Finance,Investment Managers,United States,0.0,9.89,43610
EVGN,Evogene Ltd Ordinary Shares,Industrials,Agricultural Chemicals,Israel,6004535.0,0.38,170779
EVGO,EVgo Inc. Class A Common Stock,Consumer Discretionary,Automotive Aftermarket,United States,421451065.0,1.34,2473070
EVH,Evolent Health Inc Class A Common Stock,Consumer Discretionary,Other Consumer Services,United States,412666573.0,3.65,3397894
EVI,EVI Industries Inc.  Common Stock,Consumer Discretionary,Other Consumer Services,United States,257313069.0,19.98,67540
EVLV,Evolv Technologies Holdings Inc. Class A Common Stock,Technology,Computer peripheral equipment,United States,842236579.0,4.65,2642624
EVMN,Evommune Inc. Common Stock,Health Care,Biotechnology: Pharmaceutical Preparations,United States,304490828.0,8.39,660803
EVN,Eaton Vance Municipal Income Trust Common Stock,Finance,Investment Managers,United States,371284646.0,9.36,362410
EVO,Evotec SE American Depositary Shares,Health Care,Biotechnology: Pharmaceutical Preparations,Germany,565651347.0,1.59,187835
EVOX,Evolution Global Acquisition Corp Class A Ordinary Shares,Finance,Blank Checks,United States,0.0,10.12,153
EVOXW,Evolution Global Acquisition Corp Warrants,Finance,Blank Checks,United States,0.0,0.335,25000
EVR,Evercore Inc. Class A Common Stock,Finance,Investment Managers,United States,10061323880.0,261.62,396237
EVRG,Evergy Inc. Common Stock,Utilities,Power Generation,United States,17963488371.0,77.91,3762441
EVT,Eaton Vance Tax Advantaged Dividend Income Fund Common Shares of Beneficial Interest,Finance,Finance Companies,United States,0.0,27.9,50202
EVTC,Evertec Inc. Common Stock,Technology,EDP Services,Puerto Rico,1643792430.0,27.51,341328
EVTL,Vertical Aerospace Ltd. Ordinary Shares,Industrials,Aerospace,,114230566.0,0.6652,6697568
EVV,Eaton Vance Limited Duration Income Fund Common Shares of Beneficial Interest,Finance,Finance/Investors Services,United States,0.0,8.37,1069714
EW,Edwards Lifesciences Corporation Common Stock,Health Care,Industrial Specialties,United States,50048812000.0,86.83,3228056
EWAV,East West Ave Acquisition Corp. Common Stock,Finance,Blank Checks,United States,0.0,9.91,413
EWAVU,East West Ave Acquisition Corp. Units,Finance,Blank Checks,United States,0.0,10.05,3276
EWBC,East West Bancorp Inc. Common Stock,Finance,Major Banks,United States,17362142392.0,126.72,856275
EWTX,Edgewise Therapeutics Inc. Common Stock,Health Care,Biotechnology: Pharmaceutical Preparations,United States,4321358293.0,39.79,2983896
EXC,Exelon Corporation Common Stock,Utilities,Power Generation,United States,41620479949.0,40.32,7470551
EXE,Expand Energy Corporation Common Stock,Energy,Oil & Gas Production,United States,19749588240.0,85.31,4579700
EXEL,Exelixis Inc. Common Stock,Health Care,Biotechnology: Biological Products (No Diagnostic Substances),United States,14463017362.0,58.37,1278996
EXFY,Expensify Inc. Class A Common Stock,Technology,Computer Software: Prepackaged Software,United States,196051328.0,2.15,1124588
EXG,Eaton Vance Tax-Managed Global Diversified Equity Income Fund Common Shares of Beneficial Interest,Finance,Finance Companies,United States,0.0,9.45,513592
EXK,Endeavour Silver Corporation Ordinary Shares (Canada),Basic Materials,Precious Metals,Canada,2652776466.0,8.96,9038857
EXLS,ExlService Holdings Inc. Common Stock,Consumer Discretionary,Business Services,United States,5245792465.0,34.6,2367476
EXOD,Exodus Movement Inc. Class A Common Stock,Finance,Finance: Consumer Services,United States,223504109.0,7.4,60893
EXOZ,eXoZymes Inc. Common Stock,Health Care,Biotechnology: Biological Products (No Diagnostic Substances),United States,55688154.0,6.0,8284
EXP,Eagle Materials Inc Common Stock,Industrials,Building Materials,United States,5394869408.0,175.87,431112
EXPD,Expeditors International of Washington Inc. Common Stock,Industrials,Integrated Freight & Logistics,United States,24513631497.0,188.58,751189
EXPE,Expedia Group Inc. Common Stock,Consumer Discretionary,Transportation Services,United States,30253249279.0,264.23,1811109
EXPO,Exponent Inc. Common Stock,Consumer Discretionary,Professional Services,United States,3059590505.0,64.35,700782
EXR,Extra Space Storage Inc Common Stock,Real Estate,Real Estate Investment Trusts,United States,27819975397.0,131.68,1206959
EXTR,Extreme Networks Inc. Common Stock,Telecommunications,Computer Communications Equipment,United States,2775584595.0,21.0,1591975
EXYN,Exyn Technologies Inc. Common Stock,Technology,Computer Software: Prepackaged Software,United States,18055482.0,2.27,74713
EXYNW,Exyn Technologies Inc. Warrant,Technology,Computer Software: Prepackaged Software,United States,3261122.0,0.41,27550
EYE,National Vision Holdings Inc. Common Stock,Health Care,Ophthalmic Goods,United States,1274597326.0,16.12,2375986
EYPT,EyePoint Inc. Common Stock,Industrials,Biotechnology: Laboratory Analytical Instruments,United States,285362177.0,3.31,3296684
EZGO,EZGO Technologies Ltd. Ordinary Shares,Consumer Discretionary,Motor Vehicles,China,4879835.0,0.9197,26093
EZPW,EZCORP Inc. Class A Non Voting Common Stock,Consumer Discretionary,Other Specialty Stores,United States,1894299313.0,30.83,627214
EZRA,Reliance Global Group Inc. Common Stock,Finance,Specialty Insurers,United States,4401432.0,2.62,14462
F,Ford Motor Company Common Stock,Industrials,Auto Manufacturing,United States,48489285657.0,12.38,45502125
F^B,Ford Motor Company 6.20% Notes due June 1 2059,Other,,United States,,19.51,45416
F^C,Ford Motor Company 6% Notes due December 1 2059,Other,,United States,,18.96,74987
F^D,Ford Motor Company 6.500% Notes due August 15 2062,Other,,United States,,20.2249,44154
FA,First Advantage Corporation Common Stock,Technology,EDP Services,United States,3196336190.0,18.61,2232966
FABC,Fabric.AI Inc. Common Stock,Consumer Discretionary,Telecommunications Equipment,United States,16528527.0,2.36,109158
FAC,Factorial Energy Inc. Class A Common Stock,Miscellaneous,Industrial Machinery/Components,United States,682808303.0,6.38,316716
FACT,FACT II Acquisition Corp. Class A Ordinary Shares,Other,,United States,0.0,10.7211,27
FACWW,Factorial Energy Inc. Warrant,Miscellaneous,Industrial Machinery/Components,United States,91462065.0,0.8546,19473
FAF,First American Corporation (New) Common Stock,Finance,Specialty Insurers,United States,6607912000.0,64.72,1071775
FAMI,Farmmi Inc. Class A Ordinary Shares,Consumer Staples,Packaged Foods,China,4300149.0,0.1343,5708946
FANG,Diamondback Energy Inc. Common Stock,Energy,Oil & Gas Production,United States,51868910906.0,185.23,2173578
FAST,Fastenal Company Common Stock,Consumer Discretionary,RETAIL: Building Materials,United States,57937152461.0,50.49,6775788
FATE,Fate Therapeutics Inc. Common Stock,Health Care,Biotechnology: Biological Products (No Diagnostic Substances),United States,285172823.0,2.38,1157066
FATN,FatPipe Inc. Common Stock,Technology,Computer Software: Prepackaged Software,United States,73185464.0,5.18,18406
FAX,abrdn Asia-Pacific Income Fund Inc. Common Stock,Finance,Investment Managers,United States,0.0,13.19,412462
FBDT,First Breach Inc. Common Stock,Industrials,Ordnance And Accessories,United States,55776201.0,1.0,943733
FBGL,FBS Global Limited Ordinary Shares,Consumer Discretionary,Homebuilding,Singapore,5805000.0,4.3,42755
FBIN,Fortune Brands Innovations Inc. Common Stock,Basic Materials,Forest Products,United States,4587445861.0,38.43,2150760
FBIO,Fortress Biotech Inc. Common Stock,Health Care,Biotechnology: Pharmaceutical Preparations,United States,72371655.0,2.17,263271
FBIOP,Fortress Biotech Inc. 9.375% Series A Cumulative Redeemable Perpetual Preferred Stock,Health Care,Biotechnology: Pharmaceutical Preparations,United States,550958404.0,16.52,10397
FBIZ,First Business Financial Services Inc. Common Stock,Finance,Major Banks,United States,580928774.0,69.42,53038
FBK,FB Financial Corporation Common Stock,Finance,Major Banks,United States,2612357273.0,52.27,423679
FBLA,FB Bancorp Inc. Common Stock,Finance,Banks,United States,262347528.0,16.45,55184
FBLG,FibroBiologics Inc. Common Stock,Health Care,Biotechnology: Pharmaceutical Preparations,United States,9055142.0,1.36,245859
FBNC,First Bancorp Common Stock,Finance,Major Banks,United States,2611023767.0,63.07,205518
FBP,First BanCorp. New Common Stock,Finance,Major Banks,Puerto Rico,4085402852.0,26.76,1080843
FBRT,Franklin BSP Realty Trust Inc. Common Stock,Real Estate,Real Estate Investment Trusts,United States,557234741.0,6.71,2148723
FBRT^E,Franklin BSP Realty Trust Inc. 7.50% Series E Cumulative Redeemable Preferred Stock,Other,,United States,,18.78,36901
FBYD,Falcon's Beyond Global Inc. Class A Common Stock,Consumer Discretionary,Services-Misc. Amusement & Recreation,United States,1013727313.0,8.36,105588
FC,Franklin Covey Company Common Stock,Consumer Discretionary,Other Consumer Services,United States,191431147.0,16.95,42878
FCAP,First Capital Inc. Common Stock,Finance,Savings Institutions,United States,202784614.0,60.63,16319
FCBC,First Community Bankshares Inc. (VA) Common Stock,Finance,Major Banks,United States,898997041.0,47.54,63694
FCBM,First Carolina Financial Services Inc. Common Stock,Finance,Major Banks,,392710289.0,12.64,139100
FCCO,First Community Corporation Common Stock,Finance,Major Banks,United States,306149239.0,32.57,32515
FCEL,FuelCell Energy Inc. Common Stock,Energy,Industrial Machinery/Components,United States,1290460723.0,16.14,4050287
FCF,First Commonwealth Financial Corporation Common Stock,Finance,Major Banks,United States,2078720377.0,20.57,931671
FCFS,FirstCash Holdings Inc. Common Stock,Consumer Discretionary,Other Specialty Stores,United States,9409512010.0,216.95,309729
FCHL,Fitness Champs Holdings Limited Common Stock,Consumer Discretionary,Services-Misc. Amusement & Recreation,Singapore,1292367.0,0.98,531463
FCN,FTI Consulting Inc. Common Stock,Consumer Discretionary,Professional Services,United States,3652459141.0,132.28,594822
FCNCA,First Citizens BancShares Inc. Class A Common Stock,Finance,Major Banks,United States,23695563178.0,2098.23,66190
FCNCN,First Citizens BancShares Inc. Depositary Shares each representing a 1/40th interest in a share of 6.625% Non-Cumulative Perpetual Preferred Stock Series E,Finance,Major Banks,United States,264220611.0,23.3966,40965
FCNCO,First Citizens BancShares Inc. 5.625% Non-Cumulative Perpetual Preferred Stock Series C,Finance,Major Banks,United States,217957216.0,19.3,19182
FCNCP,First Citizens BancShares Inc. Depositary Shares,Finance,Major Banks,United States,211294275.0,18.71,13563
FCPT,Four Corners Property Trust Inc. Common Stock,Real Estate,Real Estate Investment Trusts,United States,2417933624.0,22.03,1400461
FCRS,FutureCrest Acquisition Corp. Class A Ordinary Shares,Finance,Blank Checks,,0.0,10.24,77379
FCUV,Focus Universal Inc. Common Stock,Industrials,Industrial Machinery/Components,United States,4890420.0,4.98,41447
FCX,Freeport-McMoRan Inc. Common Stock,Basic Materials,Metal Mining,United States,103335820955.0,71.96,8878078
FDBC,Fidelity D & D Bancorp Inc. Common Stock,Finance,Major Banks,United States,318538579.0,54.84,9898
FDMM,Freedom Metals Acquisition Corp. Class A Ordinary Shares,Finance,Blank Checks,United States,0.0,9.835,9
FDMMU,Freedom Metals Acquisition Corp. Units,Finance,Blank Checks,United States,0.0,9.98,7
FDMMW,Freedom Metals Acquisition Corp. Warrants,Finance,Blank Checks,United States,0.0,0.31,30
FDMT,4D Molecular Therapeutics Inc. Common Stock,Health Care,Biotechnology: Biological Products (No Diagnostic Substances),United States,804355712.0,14.56,1557457
FDS,FactSet Research Systems Inc. Common Stock,Technology,Computer Software: Programming Data Processing,United States,9519828895.0,267.67,762516
FDSB,Fifth District Bancorp Inc. Common Stock,Finance,Savings Institutions,United States,90733953.0,17.33,14791
FDUS,Fidus Investment Corporation Common Stock,Finance,Finance/Investors Services,United States,726066983.0,19.13,579856
FDX,FedEx Corporation Common Stock,Consumer Discretionary,Air Freight/Delivery Services,United States,68551591498.0,289.65,1898497
FDXF,FedEx Freight Holding Company Inc. Common Stock,Consumer Discretionary,Air Freight/Delivery Services,United States,16790886336.0,112.3,1558165
FE,FirstEnergy Corp. Common Stock,Utilities,Electric Utilities: Central,United States,24893089875.0,43.02,3523363
FEAM,5E Advanced Materials Inc. Common Stock,Industrials,Mining & Quarrying of Nonmetallic Minerals (No Fuels),United States,116196165.0,2.79,268133
FEBO,Fenbo Holdings Limited Class A Ordinary Shares,Consumer Discretionary,Home Furnishings,Hong Kong,7040175.0,0.6364,8050
FEDU,Four Seasons Education (Cayman) Inc. American Depositary Shares each ADS representing 10 ordinary shares,Real Estate,Other Consumer Services,,22614380.0,10.0,140
FEIM,Frequency Electronics Inc. Common Stock,Industrials,Electrical Products,United States,929933445.0,82.49,345200
FELE,Franklin Electric Co. Inc. Common Stock,Consumer Discretionary,Metal Fabrications,United States,4314154657.0,97.58,293150
FEMY,Femasys Inc. Common Stock,Health Care,Medical/Dental Instruments,United States,19932564.0,2.38,20798
FENC,Fennec Pharmaceuticals Inc. Common Stock,Health Care,Biotechnology: Biological Products (No Diagnostic Substances),United States,383622300.0,10.95,210232
FENG,Phoenix New Media Limited American Depositary Shares each representing 48 Class A ordinary shares.,Industrials,Broadcasting,China,17055302.0,1.42,264
FER,Ferrovial N.V. Ordinary Shares,Industrials,Military/Government/Technical,Netherlands,40124158829.0,55.77,1874261
FERA,Fifth Era Acquisition Corp I Class A Ordinary Shares,Other,,Cayman Islands,0.0,10.53,150152
FERAR,Fifth Era Acquisition Corp I Rights,Other,,Cayman Islands,0.0,0.27,2
FERAU,Fifth Era Acquisition Corp I Units,Finance,Blank Checks,Cayman Islands,0.0,10.74,1
FERG,Ferguson Enterprises Inc. Common Stock,Miscellaneous,Miscellaneous,United Kingdom,43971802574.0,227.3,2127996
FET,Forum Energy Technologies Inc. Common Stock,Consumer Discretionary,Oil and Gas Field Machinery,United States,952119290.0,82.99,105468
FF,FutureFuel Corp.  Common shares,Industrials,Major Chemicals,United States,222825655.0,5.08,464934
FFA,First Trust Enhanced Equity Income Fund Common Shares of Beneficial Interest,Finance,Investment Managers,United States,0.0,22.11,25203
FFAI,Faraday Future Intelligent Electric Inc. Class A Common Stock,Industrials,Auto Manufacturing,United States,8639069.0,1.41,20317533
FFBC,First Financial Bancorp. Common Stock,Finance,Major Banks,United States,3356928278.0,31.92,729361
FFC,Flaherty & Crumrine Preferred and Income Securities Fund Incorporated,Finance,Trusts Except Educational Religious and Charitable,United States,0.0,14.93,154701
FFIN,First Financial Bankshares Inc. Common Stock,Finance,Major Banks,United States,4593646599.0,32.05,780970
FFIV,F5 Inc. Common Stock,Telecommunications,Computer Communications Equipment,United States,24664535392.0,435.56,468786
FG,F&G Annuities & Life Inc. Common Stock,Finance,Life Insurance,United States,2829509866.0,21.61,528103
FGBI,First Guaranty Bancshares Inc. Common Stock,Finance,Savings Institutions,United States,134462834.0,8.13,12324
FGBIP,First Guaranty Bancshares Inc. 6.75% Series A Fixed-Rate Non-Cumulative Perpetual Preferred Stock,Finance,Savings Institutions,United States,286953281.0,17.35,3340
FGC,FG Communities Holdings Inc. Common Stock,Other,,United States,0.0,7.5,49910
FGI,FGI Industries Ltd. Ordinary Shares,Industrials,Industrial Specialties,United States,14870787.0,7.7,15255
FGII,FG Imperii Acquisition Corp. Class A Ordinary Shares,Finance,Blank Checks,United States,0.0,10.03,9817
FGIWW,FGI Industries Ltd. Warrant,Industrials,Industrial Specialties,United States,105061.0,0.0544,14251
FGL,Founder Group Limited Class A Ordinary Shares,Consumer Discretionary,Engineering & Construction,Malaysia,3505533.0,4.22,90907
FGN,F&G Annuities & Life Inc. 7.950% Senior Notes due 2053,Finance,Life Insurance,United States,3015016283.0,23.91,23953
FGSN,F&G Annuities & Life Inc. 7.300% Junior Subordinated Notes due 2065,Finance,Life Insurance,United States,0.0,20.25,19338
FHB,First Hawaiian Inc. Common Stock,Finance,Major Banks,United States,3037166546.0,24.96,1938601
FHI,Federated Hermes Inc. Common Stock,Finance,Investment Managers,United States,4297445774.0,57.56,432427
FHN,First Horizon Corporation Common Stock,Finance,Major Banks,United States,10986892294.0,23.19,6834554
FHN^E,First Horizon Corporation Depositary Shares each representing a 1/4000th interest in a share of Non-Cumulative Perpetual Preferred Stock Series E,Other,,United States,,22.6705,10517
FHN^F,First Horizon Corporation Depositary Shares each representing 1/4000th Interest in a Share of Non-Cumulative Perpetual Preferred Stock Series F,Other,,United States,,15.96,10390
FHN^H,First Horizon Corporation Depositary Shares each representing a 1/4000th interest in a share of Non-Cumulative Perpetual Preferred Stock Series H,Other,,United States,,22.9,416763
FHTX,Foghorn Therapeutics Inc. Common Stock,Health Care,Biotechnology: Pharmaceutical Preparations,United States,209036309.0,3.52,337383
FIBK,First Interstate BancSystem Inc. Common Stock (DE),Finance,Major Banks,United States,3462416372.0,36.33,1026851
FICO,Fair Isaac Corporation Common Stock,Consumer Discretionary,Business Services,United States,18161235295.0,840.89,394327
FIEE,FiEE Inc Common Stock,Utilities,Telecommunications Equipment,United States,31044097.0,3.64,2799
FIG,Figma Inc. Class A Common Stock,Technology,Computer Software: Prepackaged Software,United States,10793449807.0,20.25,10201880
FIGR,Figure Technology Solutions Inc. Class A Common Stock,Finance,Finance: Consumer Services,U.S. Virgin Islands,6581002986.0,29.33,6211411
FIGS,FIGS Inc. Class A Common Stock,Consumer Discretionary,Apparel,United States,2262830096.0,13.62,2517472
FIGX,FIGX Capital Acquisition Corp. Class A Ordinary Share,Finance,Blank Checks,United States,0.0,10.33,141
FIGXU,FIGX Capital Acquisition Corp. Units,Finance,Blank Checks,United States,0.0,10.3601,204
FINS,Angel Oak Financial Strategies Income Term Trust Common Shares of Beneficial Interest,Finance,Finance/Investors Services,,297242887.0,11.86,124273
FINV,FinVolution Group American Depositary Shares,Finance,Finance: Consumer Services,United States,724808586.0,3.07,516702
FINW,FinWise Bancorp Common Stock,Finance,Major Banks,United States,158123725.0,11.39,17066
FIP,FTAI Infrastructure Inc. Common Stock,Industrials,Railroads,United States,341545220.0,2.89,1818912
FIRY,Firy Inc. Class A Common Stock,Technology,EDP Services,United States,207944435.0,12.51,203841
FIS,Fidelity National Information Services Inc. Common Stock,Consumer Discretionary,Business Services,United States,17693870012.0,34.31,8891633
FISI,Financial Institutions Inc. Common Stock,Finance,Major Banks,United States,779386538.0,39.55,132666
FISN,Deep Fission Inc. Common Stock,Utilities,Electric Utilities: Central,United States,319270184.0,5.42,579544
FISV,Fiserv Inc. Common Stock,Consumer Discretionary,Business Services,United States,24471904500.0,46.02,9296093
FITB,Fifth Third Bancorp Common Stock,Finance,Major Banks,United States,46768449525.0,51.57,5397907
FITB^A,Fifth Third Bancorp Depositary Shares each representing 1/40th share of Fifth Third 6.00% Non-Cumulative Perpetual Class B Preferred Stock Series A,Other,,United States,,21.15,12009
FITB^I,Fifth Third Bancorp Depositary Share repstg 1/1000th Ownership Interest Perp Pfd Series I,Other,,United States,,25.25,78404
FITB^K,Fifth Third Bancorp Depositary Shares each representing a 1/1000th ownership interest in a share of Non-Cumulative Perpetual Preferred Stock Series K,Other,,United States,,18.29,58473
FITB^M,Fifth Third Bancorp Depositary Shares Representing a 1/40th Ownership Interest in a Share of 6.875% Fixed-Rate Reset Non-Cumulative Perpetual Preferred Stock Series M,Other,,United States,,25.0273,549340
FIVE,Five Below Inc. Common Stock,Consumer Discretionary,Department/Specialty Retail Stores,United States,12552319980.0,228.0,953885
FIVN,Five9 Inc. Common Stock,Technology,EDP Services,United States,2589917584.0,34.66,1871949
FIX,Comfort Systems USA Inc. Common Stock,Industrials,Engineering & Construction,United States,58362755781.0,1658.3,336667
FIZZ,National Beverage Corp. Common Stock,Consumer Staples,Beverages (Production/Distribution),United States,2768204480.0,29.57,498240
FJDI,ARC Group Securities Acquisition I Class A Ordinary Shares,Other,,United States,0.0,9.85,24171
FJDIR,ARC Group Securities Acquisition I Rights,Other,,United States,0.0,0.152,192570
FJDIU,ARC Group Securities Acquisition I Units,Other,,United States,0.0,10.0199,15765
FJDIW,ARC Group Securities Acquisition I Warrants,Other,,United States,0.0,0.0382,191351
FJET,Starfighters Space Inc. Common Stock,Consumer Discretionary,Air Freight/Delivery Services,United States,101192675.0,1.84,1411835
FKWL,Franklin Wireless Corp. Common Stock,Utilities,Telecommunications Equipment,United States,28517958.0,2.42,6459
FLC,Flaherty & Crumrine Total Return Fund Inc Common Stock,Finance,Trusts Except Educational Religious and Charitable,United States,0.0,15.6,48759
FLD,Fold Holdings Inc. Class A Common Stock,Finance,Finance: Consumer Services,United States,27988385.0,0.5101,99360
FLDDW,Fold Holdings Inc. Warrant,Finance,Finance: Consumer Services,United States,4137079.0,0.0754,47712
FLEX,Flex Ltd. Ordinary Shares,Technology,Electrical Products,Singapore,41757312633.0,113.04,2371027
FLG,Flagstar Bank N.A. Common Stock,Finance,Banks,United States,4997717745.0,12.04,5930039
FLG^A,Flagstar Bank N.A. Depositary shares each representing a 1/40th interest in a share of Fixed-to-Floating Rate Series A Noncumulative Perpetual Preferred Stock,Other,,United States,,23.73,30646
FLG^U,Flagstar Bank N.A. Bifurcated Option Note Unit SecuritiES,Other,,United States,,37.79,254
FLGT,Fulgent Genetics Inc. Common Stock,Health Care,Medical Specialities,United States,615241951.0,22.36,249078
FLL,Full House Resorts Inc. Common Stock,Consumer Discretionary,Hotels/Resorts,United States,58631168.0,1.6,168715
FLNA,Filana Therapeutics Inc. Common Stock,Health Care,Biotechnology: Pharmaceutical Preparations,United States,41216297.0,0.8532,2057276
FLNC,Fluence Energy Inc. Class A Common Stock,Miscellaneous,Industrial Machinery/Components,United States,1384472768.0,7.5,5741362
FLNG,FLEX LNG Ltd. Ordinary Shares,Consumer Discretionary,Marine Transportation,,1666045181.0,30.8,328113
FLNT,Fluent Inc. Common Stock,Consumer Discretionary,Advertising,United States,97507860.0,3.085,29710
FLO,Flowers Foods Inc. Common Stock,Consumer Staples,Packaged Foods,United States,1198124412.0,5.65,7011120
FLOC,Flowco Holdings Inc. Class A Common Stock,Consumer Discretionary,Oil and Gas Field Machinery,United States,1714904267.0,18.98,310053
FLR,Fluor Corporation Common Stock,Industrials,Military/Government/Technical,United States,6582735318.0,49.22,2462406
FLS,Flowserve Corporation Common Stock,Industrials,Fluid Controls,United States,9417785870.0,74.09,1342924
FLUT,Flutter Entertainment plc Ordinary Shares,Technology,Computer Software: Programming Data Processing,Ireland,13424128766.0,76.63,3532217
FLUX,Flux Power Holdings Inc. Common Stock,Miscellaneous,Industrial Machinery/Components,United States,9924334.0,0.459,126305
FLWS,1-800-FLOWERS.COM Inc. Common Stock,Consumer Discretionary,Other Specialty Stores,United States,169448653.0,2.64,311728
FLX,BingEx Limited American Depositary Shares,Industrials,Trucking Freight/Courier Services,China,101650575.0,1.39,209168
FLXS,Flexsteel Industries Inc. Common Stock,Consumer Discretionary,Home Furnishings,United States,358150090.0,87.53,90662
FLY,Firefly Aerospace Inc. Common Stock,Industrials,Military/Government/Technical,United States,4036125991.0,24.11,3502386
FLYE,Fly-E Group Inc. Common Stock,Industrials,Aerospace,United States,2334312.0,1.43,12407
FLYW,Flywire Corporation Voting Common Stock,Consumer Discretionary,Business Services,United States,2104850760.0,17.3,2375280
FLYX,flyExclusive Inc. Class A Common Stock,Consumer Discretionary,Transportation Services,,125560550.0,1.23,135534
FMAC,Future Money Acquisition Corporation Ordinary Shares,Finance,Blank Checks,United States,0.0,10.06,20256
FMACR,Future Money Acquisition Corporation Rights,Finance,Blank Checks,United States,0.0,0.16,3938
FMAO,Farmers & Merchants Bancorp Inc. Common Stock,Finance,Savings Institutions,United States,481509744.0,34.96,75724
FMBH,First Mid Bancshares Inc. Common Stock,Finance,Major Banks,United States,1313868434.0,49.39,126815
FMC,FMC Corporation Common Stock,Industrials,Major Chemicals,United States,1153339187.0,9.21,4020875
FMFC,Kandal M Venture Limited Class A Ordinary Shares,Consumer Discretionary,Apparel,Cambodia,3955410.0,0.1857,173123
FMN,Federated Hermes Premier Municipal Income Fund,Finance,Investment Managers,United States,853060467.0,9.89,64860
FMNB,Farmers National Banc Corp. Common Stock,Finance,Major Banks,United States,904117949.0,15.26,300450
FMS,Fresenius Medical Care AG American Depositary Shares (Each representing 1/2 of an Ordinary Share),Health Care,Misc Health and Biotechnology Services,Germany,12819359822.0,22.95,498724
FMST,Foremost Clean Energy Ltd. Common Shares,Basic Materials,Other Metals and Minerals,Canada,20156711.0,0.67,93439
FMSTW,Foremost Clean Energy Ltd. Warrant,Basic Materials,Other Metals and Minerals,Canada,7524169.0,0.2501,101
FMX,Fomento Economico Mexicano S.A.B. de C.V. Common Stock,Consumer Staples,Beverages (Production/Distribution),Mexico,40489992472.0,118.85,544916
FMY,First Trust Mortgage Income Fund Common Shares of Beneficial Interest,Finance,Finance/Investors Services,United States,0.0,11.275,4950
FN,Fabrinet Ordinary Shares,Utilities,Telecommunications Equipment,Cayman Islands,14690860845.0,409.96,805638
FNB,F.N.B. Corporation Common Stock,Finance,Major Banks,United States,6152806942.0,17.43,5590423
FND,Floor & Decor Holdings Inc. Common Stock,Consumer Discretionary,RETAIL: Building Materials,United States,4936874777.0,46.36,2833646
FNF,Fidelity National Financial Inc. Common Stock,Finance,Specialty Insurers,United States,11017361333.0,41.08,2443025
FNGR,FingerMotion Inc. Common Stock,Technology,Computer Software: Prepackaged Software,United States,10641455.0,0.1415,5646982
FNKO,Funko Inc. Class A Common Stock,Consumer Discretionary,Recreational Games/Products/Toys,United States,305736882.0,5.46,1379463
FNLC,First Bancorp Inc  (ME) Common Stock,Finance,Major Banks,United States,386984262.0,34.3,51773
FNRN,First Northern Community Bancorp Common stock,Finance,Savings Institutions,United States,282655024.0,17.24,81098
FNUC,Frontier Nuclear and Minerals Inc. Common Shares,Basic Materials,Other Metals and Minerals,Canada,50617655.0,1.41,126877
FNV,Franco-Nevada Corporation,Basic Materials,Precious Metals,Canada,47410311236.0,245.81,789420
FNWB,First Northwest Bancorp Common Stock,Finance,Banks,United States,95496615.0,10.04,16848
FNWD,Finward Bancorp Common Stock,Finance,Savings Institutions,United States,183935935.0,42.45,7157
FOA,Finance of America Companies Inc. Class A Common Stock,Finance,Finance: Consumer Services,United States,231566188.0,13.38,97504
FOCL,EDAP TMS S.A. American Depositary Shares,Health Care,Biotechnology: Electromedical & Electrotherapeutic Apparatus,France,170001614.0,4.53,116473
FOF,Cohen & Steers Closed-End Opportunity Fund Inc. Common Stock,Finance,Investment Managers,United States,600474034.0,12.22,138990
FOFO,Hang Feng Technology Innovation Co. Ltd. Ordinary Shares,Consumer Discretionary,Professional Services,Hong Kong,15596421.0,2.06,91961
FOIL,Londian Wason New Energy Tech Inc. American Depositary Shares each representing five Ordinary Shares,Industrials,Industrial Specialties,,1339635610.0,17.14,23927
FOR,Forestar Group Inc Common Stock,Finance,Real Estate,United States,1341253414.0,26.29,186617
FORM,FormFactor Inc. FormFactor Inc. Common Stock,Technology,Semiconductors,United States,10231471353.0,130.97,1342753
FORR,Forrester Research Inc. Common Stock,Industrials,Diversified Commercial Services,United States,215711870.0,11.33,98964
FORTY,Formula Systems (1985) Ltd. American Depositary Shares,Technology,EDP Services,Israel,1761378528.0,114.99,228
FOSL,Fossil Group Inc. Common Stock,Consumer Discretionary,Consumer Specialties,United States,356011073.0,6.02,426221
FOUR,Shift4 Payments Inc. Class A Common Stock,Consumer Discretionary,Business Services,United States,2923893244.0,37.03,1813956
FOUR^A,Shift4 Payments Inc. 6.00% Series A Mandatory Convertible Preferred Stock,Other,,United States,,51.26,10115
FOX,Fox Corporation Class B Common Stock,Industrials,Broadcasting,United States,23845643324.0,56.55,567506
FOXA,Fox Corporation Class A Common Stock,Industrials,Broadcasting,United States,26590738603.0,63.06,2963595
FOXF,Fox Factory Holding Corp. Common Stock,Consumer Discretionary,Motor Vehicles,United States,787660959.0,18.74,943943
FOXX,Foxx Development Holdings Inc. Common Stock,Telecommunications,Computer Communications Equipment,United States,18095863.0,2.57,7760
FPF,First Trust Intermediate Duration Preferred & Income Fund Common Shares of Beneficial Interest,Finance,Trusts Except Educational Religious and Charitable,United States,0.0,16.04,279487
FPH,Five Point Holdings LLC Class A Common Shares,Finance,Real Estate,United States,705385997.0,4.77,147872
FPI,Farmland Partners Inc. Common Stock,Real Estate,Real Estate Investment Trusts,United States,468593954.0,10.74,478967
FPS,Forgent Power Solutions Inc. Class A Common Stock,Energy,Industrial Machinery/Components,United States,11139053049.0,36.59,8026261
FR,First Industrial Realty Trust Inc. Common Stock,Real Estate,Real Estate Investment Trusts,United States,8121418672.0,61.26,1063877
FRA,Blackrock Floating Rate Income Strategies Fund Inc  Common Stock,Finance,Investment Bankers/Brokers/Service,United States,1553080197.0,10.44,162994
FRAF,Franklin Financial Services Corporation Common Stock,Finance,Major Banks,United States,282348771.0,62.75,79768
FRBA,First Bank Common Stock,Finance,Major Banks,United States,444376245.0,17.68,63755
FRBT,Forbright Inc. Class A Common Stock,Finance,Major Banks,United States,868070898.0,17.1,145032
FRD,Friedman Industries Inc. Common Stock,Industrials,Steel/Iron Ore,United States,284328221.0,39.42,56392
FRGT,Freight Technologies Inc. Ordinary Shares,Industrials,Integrated Freight & Logistics,United States,188801.0,0.33,4371872
FRHC,Freedom Holding Corp. Common Stock,Finance,Investment Bankers/Brokers/Service,Kazakhstan,11122655320.0,174.37,112681
FRME,First Merchants Corporation Common Stock,Finance,Major Banks,United States,2535293447.0,40.37,556255
FRMEP,First Merchants Corporation Depository Shares,Finance,Major Banks,United States,1582595860.0,25.2,7
FRMI,Fermi Inc. Common Stock,Real Estate,Real Estate Investment Trusts,United States,2728390902.0,4.26,13237444
FRMM,Forum Markets Incorporated Common Stock,Finance,Finance: Consumer Services,United States,64146887.0,4.86,72266
FRNM,Freenome Inc. Common stock,Health Care,Medical Specialities,United States,1739563919.0,16.19,255895
FRO,Frontline Plc Ordinary Shares,Consumer Discretionary,Marine Transportation,Bermuda,10708160961.0,48.1,3355719
FROG,JFrog Ltd. Ordinary Shares,Technology,Computer Software: Prepackaged Software,United States,10950389430.0,88.81,1560677
FRPH,FRP Holdings Inc. Common Stock,Finance,Real Estate,United States,404892168.0,21.09,75802
FRPT,Freshpet Inc. Common Stock,Consumer Staples,Packaged Foods,United States,2747480091.0,57.17,759211
FRSH,Freshworks Inc. Class A Common Stock,Technology,Computer Software: Prepackaged Software,United States,3269337273.0,12.53,2966541
FRST,Primis Financial Corp. Common Stock,Finance,Major Banks,United States,385377579.0,15.54,111579
FRSX,Foresight Autonomous Holdings Ltd. American Depositary Shares,Technology,Computer Software: Prepackaged Software,Israel,3516768.0,1.18,380032
FRT,Federal Realty Investment Trust Common Stock,Real Estate,Real Estate Investment Trusts,United States,9543033477.0,109.83,1308343
FRT^C,Federal Realty Investment Trust Depositary Shares each representing a 1/1000th interest in a 5.000% Series C Cumulative Redeemable Preferred Share,Other,,United States,,18.42,13316
FRTT,Fort Technology Inc. Common Shares,Industrials,Agricultural Chemicals,Canada,13535315.0,0.8998,33228
FRVO,Fervo Energy Company Class A common stock,Utilities,Electric Utilities: Central,United States,4157634922.0,14.105,11690447
FSBC,Five Star Bancorp Common Stock,Finance,Major Banks,United States,1064398315.0,43.38,155648
FSBW,FS Bancorp Inc. Common Stock,Finance,Banks,United States,349629722.0,44.47,30564
FSCO,FS Credit Opportunities Corp. Common Stock,Finance,Trusts Except Educational Religious and Charitable,United States,999713736.0,5.04,860438
FSEA,First Seacoast Bancorp Inc. Common Stock,Finance,Savings Institutions,United States,81151331.0,17.25,67494
FSHP,Flag Ship Acquisition Corp. Ordinary Shares,Other,,United States,0.0,11.29,2141
FSHPR,Flag Ship Acquisition Corp. Right,Other,,United States,0.0,0.0875,34
FSI,Flexible Solutions International Inc. Common Stock (CDA),Industrials,Major Chemicals,Canada,74080488.0,5.8,6013
FSK,FS KKR Capital Corp. Common Stock,Finance,Investment Managers,United States,3083957525.0,11.16,1429273
FSLR,First Solar Inc. Common Stock,Technology,Semiconductors,United States,18589049230.0,172.97,2268090
FSLY,Fastly Inc. Class A Common Stock,Technology,Computer Software: Prepackaged Software,United States,3969756000.0,24.92,5126625
FSM,Fortuna Mining Corp. Common Shares,Basic Materials,Precious Metals,Canada,3414088308.0,11.21,4158236
FSP,Franklin Street Properties Corp. Common Stock,Real Estate,Real Estate Investment Trusts,United States,35582405.0,0.3421,355544
FSS,Federal Signal Corporation Common Stock,Industrials,Auto Manufacturing,United States,7020395681.0,115.01,410785
FSSL,FS Specialty Lending Fund Common Shares of Beneficial Interest,Finance,Finance/Investors Services,United States,0.0,11.48,248280
FSTR,L.B. Foster Company Common Stock,Industrials,Metal Fabrications,United States,395543089.0,37.6,39472
FSUN,FirstSun Capital Bancorp Common Stock,Finance,Major Banks,United States,1829352620.0,39.27,298239
FSV,FirstService Corporation Common Shares,Finance,Real Estate,Canada,5634273725.0,129.02,211969
FT,Franklin Universal Trust Common Stock,Finance,Trusts Except Educational Religious and Charitable,United States,174666663.0,6.95,77962
FTAI,FTAI Aviation Ltd. Common Stock,Industrials,Misc Corporate Leasing Services,United States,17162354906.0,167.1,1666811
FTAIM,FTAI Aviation Ltd. 9.500% Fixed-Rate Reset Series D Cumulative Perpetual Redeemable Preferred Shares,Industrials,Misc Corporate Leasing Services,United States,2784584380.0,27.1119,1047
FTCI,FTC Solar Inc. Common Stock,Technology,Semiconductors,United States,39320922.0,2.38,583422
FTDR,Frontdoor Inc. Common Stock,Consumer Discretionary,Diversified Commercial Services,United States,5023700603.0,72.92,726211
FTEK,Fuel Tech Inc. Common Stock,Industrials,Pollution Control Equipment,United States,51507702.0,1.65,75299
FTF,Franklin Limited Duration Income Trust Common Shares of Beneficial Interest,Finance,Finance/Investors Services,United States,215360643.0,5.33,269897
FTFT,Future FinTech Group Inc. Common Stock,Consumer Discretionary,Business Services,China,39281250.0,4.19,189560
FTH,Faeth Therapeutics Inc. Common Stock,Health Care,Biotechnology: Pharmaceutical Preparations,United States,717588602.0,27.77,195658
FTHA,Forefront Tech Holdings Acquisition Corp Class A Ordinary Shares,Finance,Blank Checks,Cayman Islands,0.0,9.98,5418
FTHM,Fathom Holdings Inc. Common Stock,Finance,Real Estate,United States,18382970.0,0.5374,4888940
FTHY,First Trust High Yield Opportunities 2027 Term Fund Common Stock,Finance,Investment Managers,United States,472532909.0,12.85,171387
FTI,TechnipFMC plc Ordinary Share,Consumer Discretionary,Oil and Gas Field Machinery,,27694649081.0,70.62,2579345
FTK,Flotek Industries Inc. Common Stock,Industrials,Major Chemicals,United States,1029746796.0,28.43,303574
FTLF,FitLife Brands Inc. Common Stock,Health Care, Medicinal Chemicals and Botanical Products ,United States,87243059.0,9.29,8418
FTNT,Fortinet Inc. Common Stock,Technology,Computer peripheral equipment,United States,129375728433.0,176.33,2832529
FTRA,FutureCorp Space Acquisition 1 Class A Ordinary Shares,Other,,,0.0,9.865,1324
FTRE,Fortrea Holdings Inc. Common Stock,Health Care,Medical Specialities,United States,1907706000.0,20.06,1624739
FTS,Fortis Inc. Common Shares,Utilities,Electric Utilities: Central,United States,27139008000.0,53.12,944243
FTV,Fortive Corporation Common Stock,Industrials,Industrial Machinery/Components,United States,16840470820.0,55.76,1921161
FTW,Presidio Production Company Class A Common Stock,Energy,Oil & Gas Production,,317957022.0,10.15,68994
FUBO,FuboTV Inc. Class A Common Stock,Consumer Discretionary,Movies/Entertainment,United States,1031909713.0,9.45,689618
FUFU,BitFuFu Inc. Class A Ordinary Shares,Finance,Finance: Consumer Services,Singapore,228315429.0,1.37,42873
FUFUW,BitFuFu Inc. Warrant,Finance,Finance: Consumer Services,Singapore,33314054.0,0.1999,2606
FUL,H. B. Fuller Company Common Stock,Industrials,Home Furnishings,United States,2657543605.0,49.37,1496208
FULC,Fulcrum Therapeutics Inc. Common Stock,Health Care,Biotechnology: Pharmaceutical Preparations,United States,283825796.0,3.72,901251
FULT,Fulton Financial Corporation Common Stock,Finance,Major Banks,United States,4385307512.0,22.97,1805416
FULTP,Fulton Financial Corporation Depositary Shares Each Representing a 1/40th Interest in a Share of Fixed Rate Non-Cumulative Perpetual Preferred Stock Series A,Finance,Major Banks,United States,3312367668.0,17.35,6802
FUN,Six Flags Entertainment Corporation Common Stock New,Consumer Discretionary,Services-Misc. Amusement & Recreation,United States,1180730240.0,11.54,2161113
FUNC,First United Corporation Common Stock,Finance,Major Banks,United States,282936170.0,43.84,30716
FUND,Sprott Focus Trust Inc. Common Stock,Finance,Investment Managers,United States,286852832.0,9.68,45331
FURY,Fury Gold Mines Limited Common Shares,Basic Materials,Precious Metals,,100789077.0,0.5301,90057
FUSB,First US Bancshares Inc. Common Stock,Finance,Major Banks,United States,90552463.0,16.45,8823
FUSE,Fusemachines Inc. Common stock,Technology,EDP Services,United States,18840446.0,0.65,53476810
FUSEW,Fusemachines Inc. Warrants,Technology,EDP Services,United States,1449265.0,0.05,23011
FUTU,Futu Holdings Limited American Depositary Shares,Finance,Investment Bankers/Brokers/Service,Hong Kong,15736619483.0,112.27,872177
FVAV,Fortress Value Acquisition Corp. V Class A Ordinary Shares,Other,,United States,0.0,10.28,10
FVCB,FVCBankcorp Inc. Common Stock,Finance,Major Banks,United States,320107139.0,17.75,45304
FVN,Future Vision II Acquisition Corporation Ordinary shares,Other,,China,0.0,9.66,4126
FVNNR,Future Vision II Acquisition Corporation Right,Finance,Blank Checks,China,0.0,0.19,18
FVNNU,Future Vision II Acquisition Corporation Units,Other,,China,0.0,11.0,4346
FVR,FrontView REIT Inc. Common Stock,Real Estate,Real Estate Investment Trusts,United States,431403011.0,17.64,130386
FVRR,Fiverr International Ltd. Ordinary Shares no par value,Consumer Discretionary,Business Services,,307738232.0,8.56,570548
FWAC,Futurewave Acquisition Corporation Ordinary Shares,Finance,Blank Checks,United States,0.0,9.94,6223
FWACR,Futurewave Acquisition Corporation Rights,Finance,Blank Checks,United States,0.0,0.1325,6300
FWACW,Futurewave Acquisition Corporation Warrants,Finance,Blank Checks,United States,0.0,0.04,9378
FWDI,Forward Industries Inc. Common Stock,Finance,Finance: Consumer Services,United States,614120131.0,8.05,1738444
FWONA,Liberty Media Corporation Series A Common Stock,Industrials,Broadcasting,United States,21716368971.0,86.62,160752
FWONK,Liberty Media Corporation Series C Common Stock,Industrials,Broadcasting,United States,23782206887.0,94.86,1109933
FWRD,Forward Air Corporation Common Stock,Industrials,Integrated Freight & Logistics,United States,515833763.0,15.27,923449
FWRG,First Watch Restaurant Group Inc. Common Stock,Consumer Discretionary,Restaurants,United States,626381215.0,10.15,862022
FXAC,FortuneX Acquisition Corporation Ordinary shares,Finance,Blank Checks,United States,0.0,10.08,612
FXACU,FortuneX Acquisition Corporation Units,Finance,Blank Checks,United States,0.0,10.35,4858
FXACW,FortuneX Acquisition Corporation Warrant,Finance,Blank Checks,United States,0.0,0.16,41
FXHO,UTime Limited Class A Ordinary Shares,Technology,Consumer Electronics/Appliances,China,259943434.0,9.53,57774
FXNC,First National Corporation Common Stock,Finance,Major Banks,United States,271098017.0,29.98,70962
G,Genpact Limited Common Stock,Consumer Discretionary,Professional Services,Bermuda,5477921668.0,32.6,1357424
GAB,Gabelli Equity Trust Inc. (The) Common Stock,Finance,Investment Managers,United States,1557231229.0,5.3,1508383
GAB^G,Gabelli Equity Trust Inc. (The) Series G Cumulative Preferred Stock,Other,,United States,,18.3,11898
GAB^H,Gabelli Equity Trust Inc. (The) Pfd Ser H,Other,,United States,,18.25,17653
GAB^K,Gabelli Equity Trust Inc. (The) 5.00% Series K Cumulative Preferred Stock,Other,,United States,,18.26,10199
GABC,German American Bancorp Inc. Common Stock,Finance,Major Banks,United States,1854514175.0,49.35,115324
GAIA,Gaia Inc. Class A Common Stock,Consumer Discretionary,Movies/Entertainment,United States,36104626.0,1.42,181337
GAIN,Gladstone Investment Corporation Business Development Company,Finance,Finance: Consumer Services,United States,625603102.0,15.71,122298
GAING,Gladstone Investment Corporation 7.125% Notes due 2031,Finance,Finance: Consumer Services,United States,0.0,25.05,2289
GAINI,Gladstone Investment Corporation 7.875% Notes due 2030,Finance,Finance: Consumer Services,United States,0.0,25.392,6125
GAINZ,Gladstone Investment Corporation 4.875% Notes due 2028,Finance,Finance: Consumer Services,United States,925669751.0,24.22,4565
GALT,Galectin Therapeutics Inc. Common Stock,Health Care,Biotechnology: Pharmaceutical Preparations,United States,396339101.0,3.93,168764
GAM,General American Investors Inc. Common Stock,Finance,Investment Managers,United States,1533959528.0,63.98,12672
GAM^B,General American Investors Company Inc. Cumulative Preferred Stock,Other,,United States,,22.6384,40210
GAME,GameSquare Holdings Inc. Common Stock,Consumer Discretionary,Services-Misc. Amusement & Recreation,United States,40630041.0,3.11,54761
GANX,Gain Therapeutics Inc. Common Stock,Health Care,Biotechnology: Pharmaceutical Preparations,United States,77249206.0,1.77,548044
GAP,Gap Inc. (The) Common Stock,Consumer Discretionary,Clothing/Shoe/Accessory Stores,United States,8061649644.0,22.95,10440134
GASS,StealthGas Inc. Common Stock,Consumer Discretionary,Marine Transportation,Greece,329837035.0,8.87,65191
GATX,GATX Corporation Common Stock,Consumer Discretionary,Transportation Services,United States,6398478000.0,181.26,307212
GAU,Galiano Gold Inc.,Industrials,Mining & Quarrying of Nonmetallic Minerals (No Fuels),Canada,504872105.0,1.93,2462650
GAUZ,Gauzy Ltd. Ordinary Shares,Miscellaneous,Industrial Machinery/Components,Israel,6769860.0,5.89,55098
GBAB,Guggenheim Taxable Municipal Bond & Investment Grade Debt Trust Common Shares of Beneficial Interest,Finance,Investment Managers,United States,280857189.0,12.54,166815
GBCI,Glacier Bancorp Inc. Common Stock,Finance,Major Banks,United States,5737138649.0,44.06,871187
GBDC,Golub Capital BDC Inc. Common Stock,Finance,Finance: Consumer Services,United States,3243048347.0,12.49,1252966
GBFH,GBank Financial Holdings Inc. Common Stock,Finance,Major Banks,United States,277409493.0,19.11,53084
GBLI,Global Indemnity Group LLC Class A Common Stock,Finance,Property-Casualty Insurers,United States,358695043.0,24.5,20628
GBR,New Concept Energy Inc Common Stock,Energy,Oil & Gas Production,United States,3685755.0,0.7182,14130
GBX,Greenbrier Companies Inc. (The) Common Stock,Industrials,Railroads,United States,1302251384.0,42.09,287965
GCBC,Greene County Bancorp Inc. Common Stock,Finance,Banks,United States,584144390.0,34.31,24395
GCDT,Green Circle Decarbonize Technology Limited Class A Ordinary Shares,Industrials,Industrial Machinery/Components,,6514064.0,0.4807,1095803
GCGR,General Catalyst Global Resilience Merger Corp. Class A Ordinary Shares,Other,,United States,0.0,10.12,19
GCGRW,General Catalyst Global Resilience Merger Corp. Warrants,Other,,United States,0.0,0.65,401
GCL,GCL Global Holdings Ltd Ordinary Shares,Technology,Computer Software: Prepackaged Software,Singapore,98902928.0,0.76,150796
GCMG,GCM Grosvenor Inc. Class A Common Stock,Finance,Investment Managers,United States,2620073932.0,12.92,437984
GCO,Genesco Inc. Common Stock,Consumer Discretionary,Clothing/Shoe/Accessory Stores,United States,377515103.0,34.89,123444
GCT,GigaCloud Technology Inc Class A Ordinary Shares,Consumer Discretionary,Catalog/Specialty Distribution,United States,1879072671.0,52.62,459520
GCTK,GlucoTrack Inc. Common Stock,Health Care,Medical/Dental Instruments,United States,1527532.0,1.8,519702
GCTS,GCT Semiconductor Holding Inc. Common Stock,Technology,Semiconductors,United States,200494003.0,2.18,1436289
GCV,Gabelli Convertible and Income Securities Fund Inc. (The) Common Stock,Finance,Finance/Investors Services,United States,79396921.0,4.17,93871
GD,General Dynamics Corporation Common Stock,Industrials,Marine Transportation,United States,90409392281.0,334.16,1889384
GDC,GD Culture Group Limited Common Stock,Industrials,Steel/Iron Ore,United States,5244750.0,1.26,386491
GDDY,GoDaddy Inc. Class A Common Stock,Technology,EDP Services,United States,11868156342.0,93.71,2273151
GDEV,GDEV Inc. Ordinary Shares,Technology,EDP Services,Cyprus,194210232.0,10.7,978
GDHG,Golden Heaven Group Holdings Ltd. Class A Ordinary Shares,Consumer Discretionary,Services-Misc. Amusement & Recreation,China,77279262.0,1.18,39103
GDL,GDL Fund The Common Shares of Beneficial Interest,Finance,Investment Managers,United States,0.0,8.3401,17401
GDO,Western Asset Global Corporate Opportunity Fund Inc. Common Stock,Finance,Finance Companies,United States,0.0,9.39,55269
GDOT,Green Dot Corporation Class A Common Stock $0.001 par value,Finance,Finance: Consumer Services,United States,701487553.0,12.31,496629
GDRX,GoodRx Holdings Inc. Class A Common Stock,Technology,EDP Services,United States,1129191234.0,3.31,694248
GDS,GDS Holdings Limited ADS,Technology,Computer Software: Programming Data Processing,China,6343955228.0,31.66,780204
GDTC,CytoMed Therapeutics Limited Ordinary Shares,Health Care,Biotechnology: Pharmaceutical Preparations,Singapore,10941302.0,0.925,8483
GDV,Gabelli Dividend & Income Trust Common Shares of Beneficial Interest,Finance,Investment Managers,United States,2578488958.0,28.59,87343
GDV^H,The Gabelli Dividend & Income Trust 5.375% Series H Cumulative Preferred Shares,Other,,United States,,20.5,42347
GDV^K,The Gabelli Dividend & Income Trust 4.250% Series K Cumulative Preferred Shares,Other,,United States,,16.07,23675
GDYN,Grid Dynamics Holdings Inc. Class A Common Stock,Technology,Computer Software: Prepackaged Software,United States,615753027.0,7.59,574797
GE,GE Aerospace Common Stock,Technology,Consumer Electronics/Appliances,United States,330193894137.0,318.24,4173602
GECC,Great Elm Capital Corp. Common Stock,Finance,Finance: Consumer Services,United States,71671110.0,5.16,34320
GECCG,Great Elm Capital Corp. 7.75% Notes Due 2030,Finance,Finance: Consumer Services,United States,0.0,24.48,802
GECCH,Great Elm Capital Corp. 8.125% Notes Due 2029,Other,,United States,0.0,24.85,156
GECCI,Great Elm Capital Corp. 8.50% NOTES DUE 2029,Finance,Finance Companies,United States,0.0,24.99,1020
GEF,Greif Inc. Class A Common Stock,Other,,United States,3768258360.0,81.62,374594
GEG,Great Elm Group Inc. Common Stock,Technology,Computer Software: Prepackaged Software,United States,66854014.0,2.15,14169
GEGGL,Great Elm Group Inc.  7.25% Notes due 2027,Technology,Computer Software: Prepackaged Software,United States,710421282.0,24.5,4705
GEHC,GE HealthCare Technologies Inc. Common Stock,Health Care,Medical Electronics,United States,30163607909.0,66.78,4166167
GEL,Genesis Energy L.P. Common Units,Energy,Oil Refining/Marketing,United States,1717770953.0,14.06,224163
GELS,Gelteq Limited Ordinary Shares,Health Care,Biotechnology: Pharmaceutical Preparations,Australia,5857878.0,0.5469,96334
GEMI,Gemini Space Station Inc. Class A Common Stock,Finance,Finance: Consumer Services,United States,674191450.0,5.2,2015247
GEN,Gen Digital Inc. Common Stock,Technology,Computer Software: Prepackaged Software,United States,12480539617.0,20.85,18419513
GENB,Generate Biomedicines Inc. Common Stock,Health Care,Biotechnology: Pharmaceutical Preparations,United States,1913734821.0,14.91,1135586
GENC,Gencor Industries Inc. Common Stock,Industrials,Construction/Ag Equipment/Trucks,United States,253724822.0,17.31,42008
GENI,Genius Sports Limited Ordinary Shares,Consumer Discretionary,Services-Misc. Amusement & Recreation,Guernsey,1645905786.0,6.15,7048859
GENK,GEN Restaurant Group Inc. Class A Common Stock,Consumer Discretionary,Restaurants,United States,56369497.0,1.71,16349
GENVR,Gen Digital Inc. Contingent Value Rights,Technology,Computer Software: Prepackaged Software,United States,430982663.0,0.72,104599
GEO,Geo Group Inc (The) REIT,Consumer Discretionary,Homebuilding,United States,3977543828.0,30.22,2590734
GEOS,Geospace Technologies Corporation Common Stock (Texas),Industrials,Industrial Machinery/Components,United States,63255099.0,4.89,85593
GERN,Geron Corporation Common Stock,Health Care,Biotechnology: Pharmaceutical Preparations,United States,803091761.0,1.25,9974100
GETY,Getty Images Holdings Inc. Class A Common Stock,Consumer Discretionary,Business Services,United States,34387857.0,0.0829,27985432
GEV,GE Vernova Inc. Common Stock,Technology,Consumer Electronics/Appliances,United States,252955645226.0,949.77,1658533
GEVO,Gevo Inc. Common Stock,Industrials,Major Chemicals,United States,331297719.0,1.34,2876977
GF,New Germany Fund Inc. (The) Common Stock,Finance,Investment Managers,United States,0.0,10.72,15770
GFAI,Guardforce AI Co. Limited Ordinary Shares,Consumer Discretionary,Diversified Commercial Services,Singapore,10140048.0,0.323,72266
GFAIW,Guardforce AI Co. Limited Warrant,Consumer Discretionary,Diversified Commercial Services,Singapore,232311.0,0.0074,2167
GFF,Griffon Corporation Common Stock,Industrials,Building Products,United States,4351916313.0,96.08,306500
GFI,Gold Fields Limited American Depositary Shares,Basic Materials,Precious Metals,South Africa,31486953009.0,35.18,7086365
GFL,GFL Environmental Inc. Subordinate voting shares no par value,Utilities,Environmental Services,Canada,18591926863.0,41.4,2673595
GFR,Greenfire Resources Ltd. Common Shares,Energy,Oil & Gas Production,Canada,1384782866.0,5.76,506435
GFS,GlobalFoundries Inc. Ordinary Shares,Technology,Semiconductors,United States,26633460851.0,47.78,3190689
GFUZ,General Fusion Group Ltd. Common Shares,Utilities,Electric Utilities: Central,United States,493138075.0,7.76,53638
GFUZW,General Fusion Group Ltd. Warrant,Utilities,Electric Utilities: Central,United States,85790773.0,1.35,4506
GGAL,Grupo Financiero Galicia S.A. American Depositary Shares,Finance,Commercial Banks,Argentina,5939926294.0,36.98,1079597
GGB,Gerdau S.A. Common Stock,Industrials,Steel/Iron Ore,Brazil,9454926274.0,4.78,9776689
GGG,Graco Inc. Common Stock,Industrials,Fluid Controls,United States,12672886728.0,78.25,1387182
GGN,GAMCO Global Gold Natural Resources & Income Trust,Finance,Finance/Investors Services,United States,0.0,5.29,758422
GGN^B,GAMCO Global Gold Natural Reources & Income Trust 5.00% Series B Cumulative 25.00 Liquidation Preference,Other,,United States,,18.05,19080
GGR,Gogoro Inc. Ordinary Shares,Industrials,Auto Manufacturing,Taiwan,65145034.0,3.16,20206
GGROW,Gogoro Inc. Warrant,Industrials,Auto Manufacturing,Taiwan,47416.0,0.0023,100000
GGT,Gabelli Multi-Media Trust Inc. (The) Common Stock,Finance,Trusts Except Educational Religious and Charitable,United States,109592289.0,3.98,190337
GGT^E,Gabelli Multi-Media Trust Inc. (The) 5.125% Series E Cumulative Preferred Stock,Other,,United States,,19.9801,580
GGT^G,Gabelli Multi-Media Trust Inc. (The) 5.125% Series G Cumulative Preferred Shares,Other,,United States,,20.03,8049
GGZ,Gabelli Global Small and Mid Cap Value Trust (The) Common Shares of Beneficial Interest,Finance,Investment Managers,,136835009.0,15.4233,8076
GH,Guardant Health Inc. Common Stock,Health Care,Medical Specialities,United States,23797006826.0,177.33,1318925
GHC,Graham Holdings Company Common Stock,Real Estate,Other Consumer Services,United States,4827860269.0,1140.01,31121
GHG,GreenTree Hospitality Group Ltd. American depositary shares each representing one Class A ordinary share,Consumer Discretionary,Hotels/Resorts,,101906298.0,1.01,10213
GHI,Greystone Housing Impact Investors LP Beneficial Unit Certificates representing assignments of limited partnership interests,Finance,Finance: Consumer Services,United States,138076309.0,5.86,37208
GHM,Graham Corporation Common Stock,Industrials,Industrial Machinery/Components,United States,1023821389.0,87.23,124450
GHRS,GH Research PLC Ordinary Shares,Health Care,Biotechnology: Pharmaceutical Preparations,Ireland,1605609015.0,23.42,609752
GHXI,Gores Holdings XI Inc. Class A Ordinary Shares,Other,,United States,0.0,9.9901,1381
GHXIU,Gores Holdings XI Inc. Units,Other,,United States,0.0,10.18,44
GHY,PGIM Global High Yield Fund Inc.,Finance,Trusts Except Educational Religious and Charitable,United States,0.0,10.91,279135
GIB,CGI Inc. Common Stock,Consumer Discretionary,Professional Services,Canada,15701162278.0,67.71,375936
GIBO,GIBO Holdings Limited Class A Ordinary Shares,Technology,Computer Software: Prepackaged Software,Hong Kong,84600818.0,32.48,125069
GIC,Global Industrial Company Common Stock,Industrials,Industrial Machinery/Components,United States,1612744991.0,42.32,185594
GIFT,Giftify Inc. Common Stock,Consumer Discretionary,Catalog/Specialty Distribution,United States,21651868.0,0.6112,42588
GIGM,GigaMedia Limited Ordinary Shares,Technology,Computer Software: Programming Data Processing,Taiwan,15915218.0,1.44,989
GIII,G-III Apparel Group LTD. Common Stock,Consumer Discretionary,Apparel,United States,1163239662.0,27.13,659302
GIL,Gildan Activewear Inc. Class A Sub. Vot. Common Stock,Consumer Discretionary,Apparel,Canada,7892876562.0,42.62,3049381
GILD,Gilead Sciences Inc. Common Stock,Health Care,Biotechnology: Biological Products (No Diagnostic Substances),United States,188733574143.0,152.21,5081994
GILT,Gilat Satellite Networks Ltd. Ordinary Shares,Technology,Radio And Television Broadcasting And Communications Equipment,Israel,755464189.0,10.01,364840
GIPR,Generation Income Properties Inc. Common Stock,Real Estate,Real Estate Investment Trusts,United States,2873450.0,0.404,1435957
GIS,General Mills Inc. Common Stock,Consumer Staples,Packaged Foods,United States,17965488038.0,33.6,10934391
GITS,Global Interactive Technologies Inc. Common Stock,Technology,Computer Software: Programming Data Processing,South Korea,8658394.0,2.06,10412
GIW,GigCapital8 Corp. Class A Ordinary Shares,Finance,Blank Checks,United States,0.0,10.17,6155
GIX,GigCapital9 Corp. Class A Ordinary Share,Finance,Blank Checks,United States,0.0,10.005,11
GIXI,Gix Internet Ltd. Ordinary Shares,Technology,Computer Software: Prepackaged Software,Israel,11913438.0,4.78,15975
GIXXR,GigCapital9 Corp. Rights,Finance,Blank Checks,United States,0.0,0.23,4395
GJH,Synthetic Fixed-Income Securities Inc 6.375% (STRATS) Cl A-1,Finance,Finance: Consumer Services,United States,0.0,9.36,4360
GJO,Synthetic Fixed-Income Securities Inc. on behalf of STRATS(SM) Trust for Wal-Mart Stores Inc. Securities Series 2004-5,Finance,Finance: Consumer Services,United States,0.0,24.62,309
GJP,Synthetic Fixed-Income Securities Inc. on behalf of STRATS (SM) Trust for Dominion Resources Inc. Securities Series 2005-6 Floating Rate Structured Repackaged Asset-Backed Trust Securities (STRATS) Certificates,Finance,Finance: Consumer Services,United States,0.0,24.22,200
GJR,Synthetic Fixed-Income Securities Inc. STRATS Trust for Procter&Gamble Securities Series 2006-1,Finance,Finance: Consumer Services,United States,0.0,24.6,5
GJS,Goldman Sachs Group Securities STRATS Trust for Goldman Sachs Group Securities Series 2006-2,Finance,Finance: Consumer Services,United States,7214342443.0,23.12,1567
GJT,Synthetic Fixed-Income Securities Inc. Floating Rate Structured Repackaged Asset-Backed Trust Securities Certificates Series 2006-3,Finance,Finance: Consumer Services,United States,0.0,23.22,1681
GKOS,Glaukos Corporation Common Stock,Health Care,Medical/Dental Instruments,United States,9352493051.0,158.56,1400681
GL,Globe Life Inc. Common Stock,Finance,Life Insurance,United States,12810034320.0,166.69,540842
GL^D,Globe Life Inc. 4.25% Junior Subordinated Debentures due 2061,Other,,United States,,14.5999,12823
GLAD,Gladstone Capital Corporation Common Stock,Consumer Discretionary,Textiles,United States,435142509.0,19.26,184072
GLAS,Glass House Brands Inc. Subordinate Voting Shares,Health Care, Medicinal Chemicals and Botanical Products ,,602786190.0,6.85,1585157
GLBE,Global-E Online Ltd. Ordinary Shares,Technology,Computer Software: Prepackaged Software,Israel,6582082353.0,39.28,1706000
GLBS,Globus Maritime Limited Common Stock,Consumer Discretionary,Marine Transportation,Greece,75538054.0,3.5,267735
GLDG,GoldMining Inc. Common Shares,Basic Materials,Precious Metals,,205541950.0,0.96,843765
GLE,Global Engine Group Holding Limited Class A Ordinary Shares,Technology,EDP Services,Hong Kong,9071310.0,0.4957,57699
GLED,GalaxyEdge Acquisition Corporation Ordinary Shares,Finance,Blank Checks,,0.0,10.02,16655
GLIBA,Liberty Capital Corporation Series A GCI Group Common Stock,Telecommunications,Cable & Other Pay Television Services,United States,935772109.0,23.45,28795
GLIBK,Liberty Capital Corporation Series C GCI Group Common Stock,Telecommunications,Cable & Other Pay Television Services,United States,931382560.0,23.34,302691
GLND,Greenland Energy Company Common Stock,Energy,Oil & Gas Production,United States,196348571.0,4.49,27602164
GLNDW,Greenland Energy Company Warrant,Energy,Oil & Gas Production,United States,53346464.0,1.2199,891833
GLNG,Golar Lng Ltd,Consumer Discretionary,Marine Transportation,Bermuda,4956540386.0,48.79,1244349
GLO,Clough Global Opportunities Fund Common Stock,Finance,Finance/Investors Services,United States,0.0,5.27,232209
GLOB,Globant S.A. Common Shares,Technology,EDP Services,United States,1459037197.0,33.79,750390
GLOO,Gloo Holdings Inc. Class A Common Stock,Technology,EDP Services,United States,426534651.0,4.66,1246199
GLOP^A,GasLog Partners LP 8.625% Series A Cumulative Redeemable Perpetual Fixed to Floating Rate Preference Units,Other,,Greece,,25.25,1891
GLOP^B,GasLog Partners LP 8.200% Series B Cumulative Redeemable Perpetual Fixed to Floating Rate Preference Units,Other,,Greece,,25.65,3322
GLOP^C,GasLog Partners LP 8.500% Series C Cumulative Redeemable Perpetual Fixed to Floating Rate Preference Units,Other,,Greece,,25.58,1731
GLP,Global Partners LP Common Units representing Limited Partner Interests,Energy,Oil Refining/Marketing,United States,1603570707.0,47.17,45424
GLPI,Gaming and Leisure Properties Inc. Common Stock,Real Estate,Real Estate Investment Trusts,United States,11238241261.0,38.63,2840631
GLQ,Clough Global Equity Fund Clough Global Equity Fund Common Shares of Beneficial Interest,Finance,Finance/Investors Services,United States,0.0,7.5,81164
GLRE,Greenlight Capital Re Ltd. Class A Ordinary Shares,Finance,Property-Casualty Insurers,Cayman Islands,483418305.0,14.81,115495
GLSI,Greenwich LifeSciences Inc. Common Stock,Health Care,Biotechnology: Pharmaceutical Preparations,United States,272867887.0,18.59,82978
GLU,Gabelli Global Utility Common Shares of Beneficial Ownership,Finance,Finance/Investors Services,United States,106186927.0,17.79,2928
GLU^A,The Gabelli Global Utility and Income Trust Series A Cumulative Puttable and Callable Preferred Shares,Other,,United States,,50.5,6
GLUE,Monte Rosa Therapeutics Inc. Common Stock,Health Care,Biotechnology: Biological Products (No Diagnostic Substances),United States,999019926.0,11.71,772672
GLV,Clough Global Dividend and Income Fund Common Shares of beneficial interest,Finance,Finance/Investors Services,United States,73588486.0,5.79,21228
GLW,Corning Incorporated Common Stock,Industrials,Telecommunications Equipment,United States,130577857096.0,151.59,7331098
GLXG,Galaxy Payroll Group Limited Class A Ordinary Shares,Industrials,Diversified Commercial Services,Hong Kong,6021130.0,1.01,56847
GLXY,Galaxy Digital Inc. Class A Common Stock,Finance,Investment Bankers/Brokers/Service,United States,9072535779.0,23.21,3829322
GM,General Motors Company Common Stock,Industrials,Auto Manufacturing,United States,70757692266.0,80.64,8626726
GMAB,Genmab A/S ADS,Health Care,Biotechnology: Pharmaceutical Preparations,Denmark,4542940214.0,35.36,2794721
GME,GameStop Corporation Common Stock,Consumer Discretionary,Electronics Distribution,United States,12087843720.0,23.96,9549351
GMED,Globus Medical Inc. Class A Common Stock,Health Care,Medical/Dental Instruments,United States,10040105929.0,74.78,1732395
GMEX,GMEX ROBOTICS CORPORATION Class A Ordinary Shares,Consumer Discretionary,Recreational Games/Products/Toys,Australia,2438187.0,3.24,146320
GMHS,Gamehaus Holdings Inc. Class A Ordinary Shares,Technology,EDP Services,China,39760805.0,0.7,1383
GMM,Global Mofy AI Limited Class A Ordinary Shares,Technology,Computer Software: Programming Data Processing,China,18868199.0,1.935,17887
GMRS,GMR Solutions Inc. Class A Common Stock,Consumer Discretionary,Transportation Services,,541297544.0,10.02,1086905
GMTL,Guardian Metal Resources PLC ADS,Basic Materials,Metal Mining,,364196122.0,9.16,324766
GNE,Genie Energy Ltd. Class B Common Stock Stock,Utilities,Power Generation,United States,421113968.0,16.0,74940
GNK,Genco Shipping & Trading Limited Ordinary Shares New (Marshall Islands),Consumer Discretionary,Marine Transportation,United States,1130200668.0,25.93,247756
GNL,Global Net Lease Inc. Common Stock,Real Estate,Real Estate Investment Trusts,United States,1963888606.0,8.49,3176919
GNL^A,Global Net Lease Inc. 7.25% Series A Cumulative Redeemable Preferred Stock $0.01 par value per share,Other,,United States,,22.4,1972
GNL^B,Global Net Lease Inc. 6.875% Series B Cumulative Redeemable Perpetual Preferred Stock,Other,,United States,,21.1899,341
GNL^D,Global Net Lease Inc. 7.50% Series D Cumulative Redeemable Perpetual Preferred Stock,Other,,United States,,22.4999,4079
GNL^E,Global Net Lease Inc. 7.375% Series E Cumulative Redeemable Perpetual Preferred Stock,Other,,United States,,22.34,2129
GNLN,Greenlane Holdings Inc. Class A Common Stock,Consumer Discretionary,Durable Goods,United States,1882214.0,2.71,31997
GNLX,Genelux Corporation Common Stock,Health Care,Biotechnology: Pharmaceutical Preparations,United States,111755977.0,2.47,103758
GNPX,Genprex Inc. Common Stock,Health Care,Biotechnology: Pharmaceutical Preparations,United States,2303382.0,2.81,568377
GNRC,Generac Holdlings Inc. Common Stock,Consumer Discretionary,Metal Fabrications,United States,12108695341.0,205.21,961920
GNS,Genius Group Limited Ordinary Shares,Technology,Computer Software: Prepackaged Software,Singapore,28792126.0,0.15,7239284
GNSS,Genasys Inc. Common Stock,Consumer Staples,Consumer Electronics/Appliances,United States,66035913.0,1.45,116354
GNT,GAMCO Natural Resources Gold & Income Trust,Finance,Finance/Investors Services,United States,159627793.0,8.64,59254
GNT^A,GAMCO Natural Resources Gold & Income Tust  5.20% Series A Cumulative Preferred Shares (Liquidation Preference $25.00 per share),Other,,United States,,19.4,508
GNTA,Genenta Science S.p.A. American Depositary Shares,Health Care,Biotechnology: Biological Products (No Diagnostic Substances),Italy,33284097.0,0.6903,51321
GNTX,Gentex Corporation Common Stock,Consumer Discretionary,Auto Parts:O.E.M.,United States,4706665615.0,22.34,2699387
GNW,Genworth Financial Inc Common Stock,Finance,Life Insurance,United States,3544242727.0,9.38,2759133
GO,Grocery Outlet Holding Corp. Common Stock,Consumer Staples,Food Chains,United States,1099837861.0,11.1,2096460
GOAI,Eva Live Inc. Common Stock,Technology,Computer Software: Programming Data Processing,United States,77588632.0,1.94,117539
GOF,Guggenheim Strategic Opportunities Fund Common Shares of Beneficial Interest,Finance,Finance/Investors Services,United States,0.0,8.49,3078771
GOGO,Gogo Inc. Common Stock,Consumer Discretionary,Telecommunications Equipment,United States,300827454.0,2.22,893132
GOLD,Gold.com Inc. Common Stock,Industrials,Other Specialty Stores,United States,1249281295.0,42.85,400850
GOLF,Acushnet Holdings Corp. Common Stock,Consumer Discretionary,Recreational Games/Products/Toys,United States,4893758637.0,83.79,299523
GOOD,Gladstone Commercial Corporation Real Estate Investment Trust,Real Estate,Real Estate,United States,603641537.0,12.47,485209
GOODN,Gladstone Commercial Corporation 6.625% Series E Cumulative Redeemable Preferred Stock,Real Estate,Real Estate,United States,1035765617.0,21.3968,6436
GOODO,Gladstone Commercial Corporation 6.00% Series G Cumulative Redeemable Preferred Stock par value $0.001 per share,Real Estate,Real Estate,United States,938621444.0,19.39,20105
GOOG,Alphabet Inc. Class C Capital Stock,Technology,Computer Software: Programming Data Processing,United States,4147926800000.0,339.16,13870817
GOOGL,Alphabet Inc. Class A Common Stock,Technology,Computer Software: Programming Data Processing,United States,4191832500000.0,342.75,19318464
GOOGM,Alphabet Inc. Depositary Shares representing a 1/20th Interest in a Share of Series A Mandatory Convertible Preferred Stock,Technology,Computer Software: Programming Data Processing,United States,597435500000.0,48.85,543920
GOOGN,Alphabet Inc. Depositary Shares representing a 1/20th Interest in a Share of Series B Mandatory Convertible Preferred Stock,Technology,Computer Software: Programming Data Processing,United States,593888800000.0,48.56,536613
GOOS,Canada Goose Holdings Inc. Subordinate Voting Shares,Consumer Discretionary,Apparel,,749065239.0,7.67,737265
GORO,Goldgroup Mining Inc. Common Shares,Basic Materials,Precious Metals,Canada,567930535.0,3.36,1001382
GOSS,Gossamer Bio Inc. Common Stock,Health Care,Biotechnology: Pharmaceutical Preparations,United States,70460824.0,11.52,516581
GOTU,Gaotu Techedu Inc. American Depositary Shares,Real Estate,Other Consumer Services,China,584182513.0,2.45,583391
GOVX,GeoVax Labs Inc. Common Stock,Health Care,Biotechnology: Pharmaceutical Preparations,United States,3492563.0,0.3457,170762
GOW,GOWell Energy Technology Ordinary shares,Consumer Discretionary,Oil and Gas Field Machinery,Singapore,93012958.0,1.99,515399
GP,GreenPower Motor Company Inc. Common Shares,Consumer Discretionary,Construction/Ag Equipment/Trucks,Canada,5537957.0,0.6299,418865
GPAC,General Purpose Acquisition Corp. Class A Ordinary Shares,Other,,United States,0.0,10.09,543
GPAT,GP-Act III Acquisition Corp. Class A Ordinary Share,Other,,United States,0.0,11.02,541
GPATU,GP-Act III Acquisition Corp. Units,Other,,United States,0.0,10.99,6
GPC,Genuine Parts Company Common Stock,Consumer Discretionary,Automotive Aftermarket,United States,17663970793.0,128.13,741384
GPCR,Structure Therapeutics Inc. American Depositary Shares,Health Care,Biotechnology: Pharmaceutical Preparations,United States,2500480136.0,35.065,1282616
GPGI,GPGI Inc. Class A Common Stock,Finance,Finance: Consumer Services,United States,3371421654.0,11.63,1743726
GPI,Group 1 Automotive Inc. Common Stock,Consumer Discretionary,Retail-Auto Dealers and Gas Stations,United States,2887920562.0,242.23,431156
GPJA,Georgia Power Company Series 2017A 5.00% Junior Subordinated Notes due October 1 2077,Utilities,Electric Utilities: Central,United States,178006030.0,19.22,35067
GPK,Graphic Packaging Holding Company,Consumer Discretionary,Containers/Packaging,United States,2738662050.0,9.25,4851152
GPMT,Granite Point Mortgage Trust Inc. Common Stock,Real Estate,Real Estate Investment Trusts,United States,43368710.0,0.8998,124271
GPMT^A,Granite Point Mortgage Trust Inc. 7.00% Series A Fixed-to-Floating Rate Cumulative Redeemable Preferred Stock,Other,,United States,,14.42,24898
GPN,Global Payments Inc. Common Stock,Consumer Discretionary,Business Services,United States,22413177633.0,84.7,1889540
GPOR,Gulfport Energy Corporation Common Shares,Energy,Oil & Gas Production,United States,2689539180.0,152.09,282434
GPRE,Green Plains Inc. Common Stock,Industrials,Major Chemicals,United States,1037410854.0,14.8,863406
GPRK,Geopark Ltd Common Shares,Energy,Oil & Gas Production,Bermuda,693086642.0,10.68,1551710
GPRO,GoPro Inc. Class A Common Stock,Consumer Discretionary,Industrial Machinery/Components,United States,245390864.0,1.33,10334083
GPUS,Hyperscale Data Inc. Common Stock,Technology,Industrial Machinery/Components,United States,29941146.0,0.1692,21906650
GPUS^D,Hyperscale Data Inc. 13.00% Series D Cumulative Redeemable Perpetual Preferred Stock,Other,,United States,,19.05,6700
GRAB,Grab Holdings Limited Class A Ordinary Shares,Consumer Discretionary,Business Services,Singapore,12690991118.0,3.095,67034032
GRABW,Grab Holdings Limited Warrant,Consumer Discretionary,Business Services,Singapore,93080936.0,0.0227,7135
GRAL,GRAIL Inc. Common Stock,Health Care,Medical Specialities,United States,5924082615.0,132.63,1110437
GRAN,Grande Group Limited Class A Ordinary Shares,Finance,Finance: Consumer Services,Hong Kong,25404375.0,1.02,60837
GRBK,Green Brick Partners Inc. Common Stock,Consumer Discretionary,Homebuilding,United States,2936770323.0,68.28,281215
GRBK^A,Green Brick Partners Inc. Depositary Shares (each representing a 1/1000th fractional interest in a share of 5.75% Series A Cumulative Perpetual Preferred Stock),Other,,United States,,20.7,2344
GRC,Gorman-Rupp Company (The) Common Stock,Industrials,Fluid Controls,United States,2008763083.0,76.06,201867
GRCE,Grace Therapeutics Inc. Common Stock,Health Care,Biotechnology: Pharmaceutical Preparations,Canada,44596172.0,2.12,58759
GRDN,Guardian Pharmacy Services Inc. Class A Common Stock,Consumer Staples,Retail-Drug Stores and Proprietary Stores,United States,2580565465.0,40.74,621554
GRDX,GridAI Technologies Corp. Common Stock,Health Care,Biotechnology: Pharmaceutical Preparations,United States,24744997.0,3.47,36398
GREEL,Vulcan Infrastructure and Power Inc. 8.50% Senior Notes due 2026,Finance,Finance: Consumer Services,United States,397319554.0,25.3499,4715
GRF,Eagle Capital Growth Fund Inc. Common Stock,Finance,Finance/Investors Services,United States,0.0,9.7238,7985
GRFS,Grifols S.A. American Depositary Shares,Health Care,Biotechnology: Pharmaceutical Preparations,Spain,5094781868.0,7.41,597137
GRI,GRI Bio Inc. Common Stock,Health Care,Biotechnology: Pharmaceutical Preparations,United States,4590842.0,2.1,118272
GRML,Greenland Mines Ltd. Common Stock,Health Care,Biotechnology: Biological Products (No Diagnostic Substances),United States,104601514.0,11.85,9128171
GRMLW,Greenland Mines Ltd Warrant,Health Care,Biotechnology: Biological Products (No Diagnostic Substances),United States,8266609.0,0.9365,490353
GRMN,Garmin Ltd. Common Stock (Switzerland),Industrials,Industrial Machinery/Components,Switzerland,56708288211.0,294.05,703575
GRND,Grindr Inc. Common Stock,Technology,Computer Software: Programming Data Processing,Singapore,2713339987.0,15.61,1100526
GRNQ,Greenpro Capital Corp. Common Stock,Consumer Discretionary,Professional Services,China,17529641.0,9.67,7877
GRNT,Granite Ridge Resources Inc. Common Stock,Energy,Oil & Gas Production,United States,568490043.0,4.31,1241093
GRO,Brazil Potash Corp. Common Shares,Industrials,Mining & Quarrying of Nonmetallic Minerals (No Fuels),,137520597.0,2.22,135802
GROV,Grove Collaborative Holdings Inc. Class A Common Stock,Consumer Discretionary,Catalog/Specialty Distribution,,45690119.0,1.07,224467
GROW,U.S. Global Investors Inc. Class A Common Stock,Finance,Investment Managers,United States,35910732.0,2.92,6459
GROY,Gold Royalty Corp. Common Shares,Basic Materials,Precious Metals,Canada,699351879.0,3.03,1419534
GRPN,Groupon Inc. Common Stock,Consumer Discretionary,Advertising,United States,802732943.0,19.74,1081699
GRRR,Gorilla Technology Group Inc. Ordinary shares,Technology,Computer Software: Prepackaged Software,Taiwan,380554969.0,13.71,279260
GRRRW,Gorilla Technology Group Inc. Warrant,Technology,Computer Software: Prepackaged Software,Taiwan,3919355.0,0.1412,15190
GRSD,Grandstand Limited Ordinary Shares,Consumer Discretionary,Services-Misc. Amusement & Recreation,Jersey,54400645.0,1.55,98160
GRVY,GRAVITY Co. Ltd. American Depository Shares,Technology,EDP Services,South Korea,464256009.0,66.81,17295
GRWG,GrowGeneration Corp. Common Stock,Consumer Discretionary,RETAIL: Building Materials,United States,92505105.0,1.57,500375
GRX,The Gabelli Healthcare & Wellness Trust Common Shares of Beneficial Interest,Finance,Finance/Investors Services,United States,164263471.0,9.61,7672
GS,Goldman Sachs Group Inc. (The) Common Stock,Finance,Investment Bankers/Brokers/Service,United States,266794537722.0,916.28,1825533
GS^A,Goldman Sachs Group Inc. (The) Depositary Shares each representing 1/1000th Interest in a Share of Floating Rate Non-Cumulative Preferred Stock Series A,Other,,United States,,19.125,41846
GS^C,Goldman Sachs Group Inc. (The) Depositary Share repstg 1/1000th Preferred Series C,Other,,United States,,19.4,21082
GS^D,Goldman Sachs Group Inc. (The) Dep Shs repstg 1/1000 Pfd Ser D Fltg,Other,,United States,,18.9,87506
GSAT,Globalstar Inc. Common Stock,Consumer Discretionary,Telecommunications Equipment,United States,10668249533.0,82.34,610111
GSBC,Great Southern Bancorp Inc. Common Stock,Finance,Major Banks,United States,849896571.0,77.99,56960
GSBD,Goldman Sachs BDC Inc. Common Stock,Finance,Investment Managers,United States,1064903374.0,9.46,1065995
GSHD,Goosehead Insurance Inc. Class A Common Stock,Finance,Specialty Insurers,United States,1576551023.0,44.39,398805
GSHR,Gesher Acquisition Corp. II Class A Ordinary Shares,Other,,United States,0.0,10.57,8
GSIT,GSI Technology Common Stock,Technology,Semiconductors,United States,208688964.0,5.43,287554
GSIW,Garden Stage Limited Class A Ordinary Shares,Finance,Investment Bankers/Brokers/Service,Hong Kong,139261187.0,13.0,57453
GSK,GSK plc American Depositary Shares (Each representing two Ordinary Shares),Health Care,Biotechnology: Pharmaceutical Preparations,United Kingdom,100528469463.0,49.7,3586712
GSL,Global Ship Lease Inc New Class A Common Shares,Consumer Discretionary,Marine Transportation,United Kingdom,1570704810.0,43.73,387884
GSL^B,Global Ship Lease Inc. Depository Shares Representing 1/100th Perpetual Preferred Series B% (Marshall Island),Other,,United Kingdom,,26.0,6134
GSM,Ferroglobe PLC Ordinary Shares,Basic Materials,Metal Mining,United Kingdom,745573463.0,3.99,895860
GSRF,GSR IV Acquisition Corp. Class A ordinary share,Other,,United States,0.0,10.23,38
GSRFU,GSR IV Acquisition Corp. Units,Other,,United States,0.0,10.58,16
GSRV,GSR V Acquisition Corp. Class A ordinary shares,Finance,Blank Checks,United States,0.0,9.89,28
GSUN,Golden Sun Technology Group Limited Class A Ordinary Shares,Real Estate,Other Consumer Services,China,2306640.0,0.23,394557
GT,The Goodyear Tire & Rubber Company Common Stock,Consumer Discretionary,Automotive Aftermarket,United States,1445251660.0,5.02,7501417
GTBP,GT Biopharma Inc. Common Stock,Health Care,Biotechnology: Pharmaceutical Preparations,United States,12269777.0,6.8,36993
GTE,Gran Tierra Energy Inc. Common Stock,Energy,Oil & Gas Production,Canada,341421140.0,9.65,533480
GTEC,Greenland Technologies Holding Corporation Class A Ordinary Shares,Industrials,Industrial Machinery/Components,China,23889800.0,0.9,582227
GTEN,Gores Holdings X Inc. Class A ordinary shares,Other,,United States,0.0,10.49,22
GTERA,Globa Terra Acquisition Corporation Class A Ordinary Shares,Finance,Blank Checks,Mexico,0.0,10.45,1740
GTERR,Globa Terra Acquisition Corporation Rights,Finance,Blank Checks,Mexico,0.0,0.0502,19
GTERU,Globa Terra Acquisition Corporation Units,Finance,Blank Checks,Mexico,0.0,10.45,1019
GTERW,Globa Terra Acquisition Corporation Warrants,Finance,Blank Checks,Mexico,0.0,0.037,9700
GTES,Gates Industrial Corporation Ltd. Common Shares,Industrials,Industrial Machinery/Components,United Kingdom,6751541704.0,26.67,1516433
GTIM,Good Times Restaurants Inc. Common Stock,Consumer Discretionary,Restaurants,United States,15625686.0,1.48,53815
GTLB,GitLab Inc. Class A Common Stock,Technology,Computer Software: Prepackaged Software,United States,7698586000.0,46.21,5206237
GTM,ZoomInfo Technologies Inc Common Stock,Technology,Computer Software: Prepackaged Software,United States,1045085065.0,3.59,5051160
GTN,Gray Media Inc. Common Stock,Industrials,Broadcasting,United States,472698318.0,4.59,936293
GTX,Garrett Motion Inc. Common Stock,Consumer Discretionary,Auto Parts:O.E.M.,Switzerland,4822719686.0,25.86,2034421
GTY,Getty Realty Corporation Common Stock,Finance,Real Estate,United States,1761985287.0,28.45,924026
GUAC,Berto Acquisition Corp. II Ordinary Shares,Finance,Blank Checks,United States,0.0,9.91,31839
GUG,Guggenheim Active Allocation Fund Common Shares of Beneficial Interest,Finance,Trusts Except Educational Religious and Charitable,United States,0.0,13.82,175289
GURE,Gulf Resources Inc. (NV) Common Stock,Industrials,Major Chemicals,China,5712623.0,3.15,80075
GUT,Gabelli Utility Trust (The) Common Stock,Finance,Trusts Except Educational Religious and Charitable,United States,430118310.0,5.86,314980
GUT^C,Gabelli Utility Trust (The) 5.375% Series C Cumulative Preferred Shares,Other,,United States,,19.9523,5908
GUTS,Fractyl Health Inc. Common Stock,Health Care,Medical/Dental Instruments,United States,74973708.0,0.471,1400148
GVA,Granite Construction Incorporated Common Stock,Industrials,Military/Government/Technical,United States,5066617323.0,115.77,704545
GVH,Globavend Holdings Limited Ordinary Shares,Industrials,Integrated Freight & Logistics,Australia,4648510.0,1.08,37243
GWAV,Greenwave Technology Solutions Inc. Common Stock,Industrials,Metal Fabrications,United States,7008837.0,2.35,123290
GWH,ESS Tech Inc. Common Stock,Miscellaneous,Industrial Machinery/Components,United States,7108387.0,0.1765,2445058
GWRE,Guidewire Software Inc. Common Stock,Technology,Computer Software: Prepackaged Software,United States,11903695685.0,145.18,1132921
GWRS,Global Water Resources Inc. Common Stock,Utilities,Water Supply,United States,237906103.0,7.95,68835
GWW,W.W. Grainger Inc. Common Stock,Industrials,Office Equipment/Supplies/Services,United States,59144181860.0,1255.69,367797
GXAI,Gaxos.ai Inc. Common Stock,Technology,Computer Software: Prepackaged Software,United States,6083179.0,0.5504,175521
GXO,GXO Logistics Inc. Common Stock,Consumer Discretionary,Transportation Services,United States,5134428602.0,44.77,1376601
GYGY,Game Your Game Inc. Common Stock,Technology,Computer Software: Prepackaged Software,United States,12557020.0,0.8725,113659581
GYRE,Gyre Therapeutics Inc. Common Stock,Health Care,Biotechnology: Pharmaceutical Preparations,United States,835208769.0,7.49,137060
GYRO,Gyrodyne LLC Common Stock,Real Estate,Building operators,United States,10402727.0,4.73,452
H,Hyatt Hotels Corporation Class A Common Stock,Consumer Discretionary,Hotels/Resorts,United States,15184356065.0,161.19,728032
HACQ,HCM IV Acquisition Corp. Class A Ordinary Share,Finance,Blank Checks,United States,0.0,10.035,26
HACQU,HCM IV Acquisition Corp. Unit,Other,,United States,0.0,10.15,2
HAE,Haemonetics Corporation Common Stock,Health Care,Medical/Dental Instruments,United States,4813133025.0,105.79,472186
HAFC,Hanmi Financial Corporation Common Stock,Finance,Major Banks,United States,936916458.0,31.6,194894
HAFN,Hafnia Limited Common Shares,Consumer Discretionary,Transportation Services,,4563560007.0,9.13,2747007
HAIN,Hain Celestial Group Inc. (The) Common Stock,Consumer Staples,Packaged Foods,United States,44582012.0,0.4899,519540
HAL,Halliburton Company Common Stock,Energy,Oilfield Services/Equipment,United States,27018417802.0,32.43,10552199
HALO,Halozyme Therapeutics Inc. Common Stock,Health Care,Biotechnology: Biological Products (No Diagnostic Substances),United States,12812789220.0,112.89,2236895
HAO,Haoxi Health Technology Limited Class A Ordinary Shares,Consumer Discretionary,Advertising,China,1058104.0,2.89,32374
HAPN,Happen Inc. Common Stock,Finance,Finance: Consumer Services,United States,1719571214.0,14.9,1616670
HAS,Hasbro Inc. Common Stock,Consumer Discretionary,Recreational Games/Products/Toys,United States,12616427573.0,89.45,1822206
HASI,HA Sustainable Infrastructure Capital Inc. Common Stock,Finance,Finance/Investors Services,United States,4657972388.0,36.25,729736
HAVA,Harvard Ave Acquisition Corporation Class A Ordinary Share,Finance,Blank Checks,South Korea,0.0,10.24,57504
HAVAU,Harvard Ave Acquisition Corporation Unit,Finance,Blank Checks,South Korea,0.0,10.3,21603
HAWK,HawkEye 360 Inc. Common Stock,Technology,EDP Services,United States,1519445712.0,15.51,682044
HAYW,Hayward Holdings Inc. Common Stock,Industrials,Industrial Machinery/Components,United States,2655737167.0,12.52,5063464
HBAN,Huntington Bancshares Incorporated Common Stock,Finance,Major Banks,United States,30912346838.0,15.3,30524309
HBANL,Huntington Bancshares Incorporated Depositary Shares Each Representing a 1/40th Interest in a Share of 6.875% Series J Non-Cumulative Perpetual Preferred Stock,Finance,Major Banks,United States,50874045319.0,25.18,56491
HBANM,Huntington Bancshares Incorporated Depositary Shares each representing a 1/1000th interest in a share of Huntington Series I Preferred Stock,Finance,Major Banks,United States,40388092372.0,19.99,21009
HBANP,Huntington Bancshares Incorporated Depositary Shares 4.500% Series H Non-Cumulative Perpetual Preferred Stock,Finance,Major Banks,United States,31760921065.0,15.72,47858
HBANZ,Huntington Bancshares Incorporated Depositary Shares Each Representing a 1/1000th Interest in a Share of 5.50% Series L Non-Cumulative Perpetual Preferred Stock,Finance,Major Banks,United States,38327269249.0,18.97,7105
HBB,Hamilton Beach Brands Holding Company Class A Common Stock,Consumer Discretionary,Home Furnishings,United States,505431683.0,37.6,99737
HBCP,Home Bancorp Inc. Common Stock,Finance,Banks,United States,527812495.0,67.06,110159
HBIO,Harvard Bioscience Inc. Common Stock,Industrials,Biotechnology: Laboratory Analytical Instruments,United States,36327394.0,7.98,32329
HBM,Hudbay Minerals Inc. Ordinary Shares (Canada),Basic Materials,Metal Mining,Canada,11934169701.0,26.87,6529484
HBNB,Hotel101 Global Holdings Corp. Class A Ordinary Shares,Consumer Discretionary,Hotels/Resorts,Singapore,1099952214.0,4.7,2894
HBNC,Horizon Bancorp Inc. Common Stock,Finance,Major Banks,United States,977599642.0,19.04,569868
HBT,HBT Financial Inc. Common Stock,Finance,Major Banks,United States,1305525471.0,35.9,119666
HCA,HCA Healthcare Inc. Common Stock,Health Care,Hospital/Nursing Management,United States,93658548900.0,432.6,1106218
HCAC,Hall Chadwick Acquisition Corp Class A Ordinary Shares,Consumer Discretionary,Auto Parts:O.E.M.,Cayman Islands,0.0,10.11,47076
HCAI,Huachen AI Parking Management Technology Holding Co. Ltd. Class A Ordinary Shares,Consumer Discretionary,Miscellaneous manufacturing industries,China,5991389.0,0.549,613165
HCAT,Health Catalyst Inc Common Stock,Technology,Computer Software: Programming Data Processing,United States,133203794.0,1.77,532893
HCC,Warrior Met Coal Inc. Common Stock,Energy,Coal Mining,United States,4844591482.0,91.75,982321
HCI,HCI Group Inc. Common Stock,Finance,Property-Casualty Insurers,United States,2180408996.0,175.29,163613
HCIC,Hennessy Capital Investment Corp. VIII Class A Ordinary Shares,Other,,United States,0.0,9.98,114
HCICR,Hennessy Capital Investment Corp. VIII Share Rights,Other,,United States,0.0,0.0959,15546
HCKT,Hackett Group Inc (The). Common Stock,Consumer Discretionary,Professional Services,United States,243305598.0,9.78,224106
HCM,HUTCHMED (China) Limited American Depositary Shares,Health Care,Biotechnology: Pharmaceutical Preparations,Hong Kong,2465197854.0,14.13,29684
HCMA,HCM III Acquisition Corp. Class A Ordinary Share,Consumer Discretionary,Hotels/Resorts,United States,399380625.0,10.29,120316
HCMAU,HCM III Acquisition Corp. Units,Other,,United States,0.0,10.47,100
HCMAW,HCM III Acquisition Corp. Warrants,Consumer Discretionary,Hotels/Resorts,United States,47434784.0,0.5986,707
HCSG,Healthcare Services Group Inc. Common Stock,Health Care,Hospital/Nursing Management,United States,1426177158.0,20.78,573152
HCTI,Healthcare Triangle Inc. Common Stock,Technology,EDP Services,United States,11226249.0,0.7497,473076
HCWB,HCW Biologics Inc. Common Stock,Health Care,Biotechnology: Pharmaceutical Preparations,United States,3342110.0,1.82,104537
HCXY,Hercules Capital Inc. 6.25% Notes due 2033,Finance,Investment Managers,United States,4538258561.0,24.98,356
HD,Home Depot Inc. (The) Common Stock,Consumer Discretionary,RETAIL: Building Materials,United States,289220245681.0,289.89,5415589
HDB,HDFC Bank Limited Common Stock,Finance,Commercial Banks,India,114988461410.0,22.41,7709778
HDL,SUPER HI INTERNATIONAL HOLDING LTD. American Depositary Shares,Consumer Discretionary,Restaurants,Singapore,760199531.0,11.69,129
HDRN,Hadron Energy Inc. Common Stock,Utilities,Electric Utilities: Central,United States,92948495.0,1.3,105714
HDRNW,Hadron Energy Inc. Warrant,Utilities,Electric Utilities: Central,United States,10002688.0,0.1399,22323
HDSN,Hudson Technologies Inc. Common Stock,Consumer Discretionary,Industrial Specialties,United States,214651590.0,5.1,261545
HE,Hawaiian Electric Industries Inc. Common Stock,Utilities,Electric Utilities: Central,United States,1545915636.0,8.95,3404809
HEI,Heico Corporation Common Stock,Industrials,Aerospace,United States,42571503137.0,304.61,580207
HEI-A,Heico Corporation,Other,,United States,,230.63,223852
HELE,Helen of Troy Limited Common Stock,Consumer Discretionary,Home Furnishings,Bermuda,679196499.0,29.16,433555
HELP,Cybin Inc. Common Stock,Health Care,Biotechnology: Pharmaceutical Preparations,Canada,919846639.0,12.59,986695
HEPS,D-Market Electronic Services & Trading American Depositary Shares,Consumer Discretionary,Catalog/Specialty Distribution,Turkey,900207504.0,2.52,247442
HEQ,John Hancock Diversified Income Fund Common Shares of Beneficial Interest,Finance,Investment Managers,United States,0.0,11.2,14352
HERE,Here Group Limited American Depositary Shares,Consumer Discretionary,Recreational Games/Products/Toys,China,90550384.0,1.665,7507
HERZ,Herzfeld Credit Income Fund Inc. Common Stock,Finance,Investment Managers,United States,0.0,15.4,18888
HESM,Hess Midstream LP Class A Representing Limited Partner Interests,Energy,Oil & Gas Production,United States,4938941901.0,38.48,1862612
HFBL,Home Federal Bancorp Inc. of Louisiana Common Stock,Finance,Savings Institutions,United States,75764850.0,25.0,3350
HFFG,HF Foods Group Inc. Common Stock,Consumer Discretionary,Food Distributors,United States,87852449.0,1.58,36947
HFRO,Highland Opportunities and Income Fund Common Shares of Beneficial Interest,Finance,Finance/Investors Services,United States,0.0,6.64,157704
HFRO^A,Highland Opportunities and Income Fund 5.375% Series A Cumulative Preferred Shares,Other,,United States,,15.6101,19373
HFRO^B,Highland Opportunities and Income Fund 5.375% Series B Cumulative Preferred Shares,Other,,United States,,15.5564,11749
HFWA,Heritage Financial Corporation Common Stock,Finance,Banks,United States,1152182113.0,28.16,370711
HG,Hamilton Insurance Group Ltd. Class B Common Shares,Finance,Property-Casualty Insurers,Bermuda,2765092791.0,33.23,309337
HGBL,Heritage Global Inc. Common Stock,Consumer Discretionary,Business Services,United States,45377673.0,1.31,93948
HGLB,Highland Global Allocation Fund Common Stock,Finance,Trusts Except Educational Religious and Charitable,,0.0,6.62,269744
HGTY,Hagerty Inc. Class A Common Stock,Finance,Specialty Insurers,United States,4649214847.0,13.53,480367
HGV,Hilton Grand Vacations Inc. Common Stock,Consumer Discretionary,Hotels/Resorts,United States,2793405771.0,35.94,1759361
HHH,Howard Hughes Holdings Inc. Common Stock,Real Estate,Real Estate Investment Trusts,United States,4416370612.0,73.95,1896759
HHS,Harte Hanks Inc. Common Stock,Consumer Discretionary,Advertising,United States,34289504.0,4.6,16936
HIFS,Hingham Institution for Savings Common Stock,Finance,Banks,United States,635372712.0,295.88,37824
HIG,The Hartford Insurance Group Inc. Common Stock,Finance,Property-Casualty Insurers,United States,34140707132.0,126.04,2062941
HIG^G,The Hartford Insurance Group Inc. Depositary Shares each representing a 1/1000th interest in a share of 6.000% Non-Cumulative Preferred Stock Series G,Other,,United States,,22.16,35012
HIHO,Highway Holdings Limited Common Stock,Industrials,Metal Fabrications,Hong Kong,4147352.0,0.8964,45103
HII,Huntington Ingalls Industries Inc. Common Stock,Industrials,Marine Transportation,United States,10128951916.0,257.05,617203
HIMS,Hims & Hers Health Inc. Class A Common Stock,Health Care,Medical/Nursing Services,United States,6714760026.0,28.78,6524616
HIMX,Himax Technologies Inc. American Depositary Shares,Technology,Semiconductors,Taiwan,2434985759.0,13.96,758423
HIND,Vyome Holdings Inc. Common Stock,Health Care,Biotechnology: Pharmaceutical Preparations,United States,14247612.0,2.03,5148
HIO,Western Asset High Income Opportunity Fund Inc. Common Stock,Finance,Finance/Investors Services,United States,0.0,3.27,974159
HIPO,Hippo Holdings Inc. Common Stock,Finance,Property-Casualty Insurers,United States,814112404.0,30.85,210475
HIT,Health In Tech Inc. Class A Common Stock,Finance,Specialty Insurers,United States,57626274.0,0.8811,15558
HITI,High Tide Inc. Common Shares,Consumer Discretionary,Other Specialty Stores,Canada,250490745.0,2.81,839026
HIVE,HIVE Digital Technologies Ltd. Common Shares,Finance,Finance: Consumer Services,Canada,833803108.0,3.04,9409625
HIW,Highwoods Properties Inc. Common Stock,Real Estate,Real Estate Investment Trusts,United States,3244105666.0,29.41,931126
HIX,Western Asset High Income Fund II Inc. Common Stock,Finance,Finance/Investors Services,United States,0.0,3.52,690688
HKD,AMTD Digital Inc. American Depositary Shares (every five of which represent two Class A Ordinary Shares),Finance,Finance: Consumer Services,,213217111.0,1.69,77651
HKIT,Hitek Global Inc. Class A Ordinary Share,Technology,Computer Software: Prepackaged Software,China,23109080.0,2.57,76855
HKPD,Cellyan Biotechnology Co. Ltd Class A Ordinary Shares,Health Care,Other Pharmaceuticals,Hong Kong,5334995.0,0.11,496336
HL,Hecla Mining Company Common Stock,Industrials,Mining & Quarrying of Nonmetallic Minerals (No Fuels),United States,11426781011.0,17.01,39832518
HL^B,Hecla Mining Company Preferred Stock,Other,,United States,,72.0,13
HLF,Herbalife Ltd. Common Shares,Health Care,Other Pharmaceuticals,Cayman Islands,1320522588.0,12.6,1197934
HLI,Houlihan Lokey Inc. Class A Common Stock,Finance,Investment Managers,United States,9053097210.0,129.54,730481
HLIO,Helios Technologies Inc. Common Stock,Industrials,Metal Fabrications,United States,2270624261.0,68.91,359205
HLIT,Harmonic Inc. Common Stock,Technology,Radio And Television Broadcasting And Communications Equipment,United States,1153922988.0,10.58,960086
HLLY,Holley Inc. Common Stock,Consumer Discretionary,Auto Parts:O.E.M.,United States,293386626.0,2.42,757716
HLMN,Hillman Solutions Corp. Common Stock,Consumer Discretionary,Industrial Machinery/Components,United States,1383214943.0,7.11,1735555
HLN,Haleon plc American Depositary Shares (Each representing two Ordinary Shares),Consumer Discretionary,Package Goods/Cosmetics,United Kingdom,40332176175.0,9.17,15714586
HLNE,Hamilton Lane Incorporated Class A Common Stock,Finance,Investment Managers,United States,4682199804.0,84.96,418478
HLP,Hongli Group Inc. Class A Ordinary Shares,Industrials,Industrial Machinery/Components,China,178625613.0,2.39,176975
HLSQ,Tessera Defense and Homeland Security Inc. Common Stock,Health Care,Biotechnology: Biological Products (No Diagnostic Substances),,1358786.0,0.4751,540067
HLT,Hilton Worldwide Holdings Inc. Common Stock,Consumer Discretionary,Hotels/Resorts,United States,72083789375.0,320.28,1913001
HLXC,Helix Acquisition Corp. III Class A Ordinary Shares,Other,,United States,0.0,10.75,27979
HMC,Honda Motor Company Ltd. Common Stock,Industrials,Auto Manufacturing,Japan,42156646187.0,32.49,535197
HMH,HMH Holding Inc. Class A Common Stock,Consumer Discretionary,Oil and Gas Field Machinery,United States,847052861.0,19.28,331443
HMN,Horace Mann Educators Corporation Common Stock,Finance,Property-Casualty Insurers,United States,1821332398.0,44.97,376250
HMR,Heidmar Maritime Holdings Corp. Common Stock,Consumer Discretionary,Marine Transportation,Greece,101466235.0,1.72,116666
HMY,Harmony Gold Mining Company Limited,Basic Materials,Precious Metals,South Africa,11260779424.0,17.74,3738444
HNGE,Hinge Health Inc. Class A Common Stock,Technology,EDP Services,United States,7460198852.0,92.45,1276711
HNI,HNI Corporation Common Stock,Consumer Discretionary,Office Equipment/Supplies/Services,United States,3382439148.0,46.86,599620
HNNA,Hennessy Advisors Inc. Common Stock,Finance,Investment Managers,United States,79281232.0,10.03,9024
HNRG,Hallador Energy Company Common Stock,Utilities,Electric Utilities: Central,United States,678392907.0,14.39,611565
HNST,The Honest Company Inc. Common Stock,Consumer Discretionary,Catalog/Specialty Distribution,United States,568607209.0,5.3,1702725
HNVR,Hanover Bancorp Inc. Common Stock,Finance,Major Banks,United States,181536060.0,25.73,17531
HODO,House of Doge Inc. Common Stock,Finance,Finance: Consumer Services,United States,14897464.0,0.1671,364088
HOFT,Hooker Furnishings Corporation Common Stock,Consumer Discretionary,Home Furnishings,United States,140174703.0,13.11,31543
HOG,Harley-Davidson Inc. Common Stock,Consumer Discretionary,Motor Vehicles,United States,2567468748.0,24.67,1749765
HOLO,MicroCloud Hologram Inc. Ordinary Shares,Technology,Computer Software: Programming Data Processing,United States,37118023.0,1.62,174898
HOLOW,MicroCloud Hologram Inc. Warrant,Technology,Computer Software: Programming Data Processing,United States,916494.0,0.04,238
HOMB,Home BancShares Inc. Common Stock,Finance,Major Banks,United States,5773432322.0,28.86,1202458
HON,Honeywell International Inc. Common Stock,Industrials,Aerospace,United States,67039150915.0,211.52,2198682
HONA,Honeywell Aerospace Inc. Common Stock,Industrials,Aerospace,United States,48278239072.0,152.32,3701075
HOOD,Robinhood Markets Inc. Class A Common Stock,Finance,Investment Bankers/Brokers/Service,United States,104707121514.0,116.46,12901371
HOPE,Hope Bancorp Inc. Common Stock,Finance,Major Banks,United States,1742398643.0,13.64,712676
HOS,Hornbeck Offshore Services Inc. Common Stock,Energy,Oilfield Services/Equipment,United States,1764002701.0,7.94,2190939
HOST,Host Digital Inc. Class A Common Stock,Consumer Staples,Food Chains,,139591589.0,4.95,171902
HOUR,Hour Loop Inc. Common Stock,Consumer Discretionary,Catalog/Specialty Distribution,United States,67407655.0,1.915,142479
HOV,Hovnanian Enterprises Inc. Class A Common Stock,Consumer Discretionary,Homebuilding,United States,676328317.0,113.48,93021
HOVNP,Hovnanian Enterprises Inc Dep Shr Srs A Pfd,Consumer Discretionary,Homebuilding,United States,106980026.0,17.95,11777
HOVR,New Horizon Aircraft Ltd. Class A Ordinary Share,Industrials,Aerospace,United States,114110700.0,1.7,354476
HOVRW,New Horizon Aircraft Ltd. Warrant,Industrials,Aerospace,United States,21479661.0,0.32,2013
HOWL,Werewolf Therapeutics Inc. Common Stock,Health Care,Biotechnology: Pharmaceutical Preparations,United States,45197131.0,0.93,701253
HP,Helmerich & Payne Inc. Common Stock,Energy,Oil & Gas Production,United States,3744712269.0,37.47,1724855
HPAI,Helport AI Limited Ordinary Shares,Technology,Computer Software: Prepackaged Software,Singapore,11802306.0,0.3135,99251
HPAIW,Helport AI Limited Warrants,Technology,Computer Software: Prepackaged Software,Singapore,376469.0,0.01,260645
HPE,Hewlett Packard Enterprise Company Common Stock,Technology,Retail: Computer Software & Peripheral Equipment,United States,83139119109.0,62.63,15030774
HPE^C,Hewlett Packard Enterprise Company 7.625% Series C Mandatory Convertible Preferred Stock,Other,,United States,,160.5,15156
HPF,John Hancock Pfd Income Fund II Pfd Income Fund II,Finance,Finance Companies,United States,0.0,13.38,85247
HPI,John Hancock Preferred Income Fund Common Shares of Beneficial Interest,Finance,Trusts Except Educational Religious and Charitable,United States,0.0,13.87,144376
HPK,HighPeak Energy Inc. Common Stock,Energy,Oil & Gas Production,United States,959776782.0,7.59,415737
HPP,Hudson Pacific Properties Inc. Common Stock,Finance,Real Estate,United States,624090522.0,11.5,729790
HPP^C,Hudson Pacific Properties Inc. 4.750% Series C Cumulative Redeemable Preferred Stock,Other,,United States,,14.25,3274
HPQ,HP Inc. Common Stock,Technology,Computer Manufacturing,United States,28244093149.0,31.32,13325402
HPS,John Hancock Preferred Income Fund III Preferred Income Fund III,Finance,Investment Managers,United States,0.0,12.1,103968
HQ,Horizon Quantum Holdings Ltd. Class A Ordinary Shares,Technology,EDP Services,Singapore,770181582.0,14.27,80854
HQH,abrdn Healthcare Investors Shares of Beneficial Interest,Finance,Finance Companies,United States,1006054178.0,21.25,111808
HQI,HireQuest Inc. Common Stock (DE),Consumer Discretionary,Professional Services,United States,274247000.0,19.73,29775
HQL,abrdn Life Sciences Investors Shares of Beneficial Interest,Finance,Investment Managers,United States,485345120.0,18.9,105597
HQWWW,Horizon Quantum Holdings Ltd. Warrant,Technology,EDP Services,Singapore,349199358.0,6.47,5627
HQY,HealthEquity Inc. Common Stock,Consumer Discretionary,Business Services,United States,7315340778.0,88.44,1495843
HR,Healthcare Realty Trust Incorporated Common Stock,Real Estate,Real Estate Investment Trusts,United States,6162101285.0,17.98,5146015
HRB,H&R Block Inc. Common Stock,Consumer Discretionary,Other Consumer Services,United States,4972547293.0,40.34,1647707
HRI,Herc Holdings Inc. Common Stock,Industrials,Misc Corporate Leasing Services,United States,4476470352.0,133.9,476420
HRL,Hormel Foods Corporation Common Stock,Consumer Staples,Meat/Poultry/Fish,United States,10990505476.0,19.97,5433577
HRMY,Harmony Biosciences Holdings Inc. Common Stock,Health Care,Biotechnology: Pharmaceutical Preparations,United States,2330038084.0,40.01,874439
HROW,Harrow Inc. Common Stock,Health Care,Biotechnology: Pharmaceutical Preparations,United States,1184616060.0,31.6,852507
HRTG,Heritage Insurance Holdings Inc. Common Stock,Finance,Property-Casualty Insurers,United States,988900156.0,33.26,171059
HRTX,Heron Therapeutics Inc. Common Stock,Health Care,Biotechnology: Pharmaceutical Preparations,United States,55398903.0,0.2918,1124459
HRZN,Horizon Technology Finance Corporation Common Stock,Finance,Finance: Consumer Services,United States,303998777.0,4.535,273777
HSAI,Hesai Group American Depositary Share,Industrials,Industrial Machinery/Components,China,2449847069.0,15.59,982567
HSBC,HSBC Holdings plc. Common Stock,Finance,Savings Institutions,United Kingdom,347385174961.0,101.18,1336903
HSCS,HeartSciences Inc. Common Stock,Health Care,Industrial Specialties,United States,21458521.0,4.43,100298
HSCSW,HeartSciences Inc. Warrant,Health Care,Industrial Specialties,United States,211679.0,0.0437,9
HSDT,Solana Company Class A Common Stock (DE),Health Care,Biotechnology: Electromedical & Electrotherapeutic Apparatus,United States,171702717.0,2.84,222909
HSHP,Himalaya Shipping Ltd. Common Shares,Consumer Discretionary,Marine Transportation,,810177500.0,17.33,411763
HSIC,Henry Schein Inc. Common Stock,Health Care,Medical Specialities,United States,9583288147.0,85.99,984381
HSLV,Highlander Silver Corp. Common Shares,Other,,,1042039900.0,5.12,889843
HST,Host Hotels & Resorts Inc. Common Stock,Real Estate,Real Estate Investment Trusts,United States,15524918881.0,22.66,9418502
HSTM,HealthStream Inc. Common Stock,Technology,Computer Software: Programming Data Processing,United States,891564147.0,29.14,144604
HSY,The Hershey Company Common Stock,Consumer Staples,Specialty Foods,United States,33034187267.0,164.41,1401395
HTB,HomeTrust Bancshares Inc. Common Stock,Finance,Savings Institutions,United States,759539690.0,45.5,149733
HTCO,High-Trend International Group Class A Ordinary Shares,Consumer Discretionary,Marine Transportation,Singapore,15199479.0,2.25,12181
HTCR,Heartcore Enterprises Inc. Common Stock,Technology,EDP Services,Japan,3212495.0,2.12,21963
HTD,John Hancock Tax Advantaged Dividend Income Fund Common Shares of Beneficial Interest,Finance,Finance Companies,United States,0.0,22.11,111538
HTFC,Horizon Technology Finance Corporation 6.25% Notes due 2027,Finance,Finance: Consumer Services,United States,1057090934.0,24.846,3091
HTFL,Heartflow Inc. Common Stock,Health Care,Medical/Dental Instruments,United States,4340725060.0,49.92,1121153
HTGC,Hercules Capital Inc. Common Stock,Finance,Investment Managers,United States,3164943240.0,16.91,851476
HTH,Hilltop Holdings Inc.,Finance,Major Banks,United States,2183758216.0,38.12,248902
HTHT,H World Group Limited American Depositary Shares,Consumer Discretionary,Hotels/Resorts,China,13312706125.0,43.29,2566660
HTLD,Heartland Express Inc. Common Stock,Industrials,Trucking Freight/Courier Services,United States,884685070.0,11.44,635902
HTLM,HomesToLife Ltd Ordinary Shares,Consumer Discretionary,Other Specialty Stores,Singapore,156953125.0,1.75,2104
HTO,H2O America Common Stock,Utilities,Water Supply,United States,2568752061.0,61.37,300866
HTOO,Fusion Fuel Green PLC Class A Ordinary Shares,Technology,Industrial Machinery/Components,Ireland,15483494.0,2.06,80532
HTT,High Templar Tech Limited American depositary shares each representing one Class A ordinary share,Finance,Finance: Consumer Services,China,371127575.0,2.39,83049
HTZ,Hertz Global Holdings Inc Common Stock,Consumer Discretionary,Rental/Leasing Companies,United States,602402854.0,1.69,9242546
HTZWW,Hertz Global Holdings Inc Warrant,Consumer Discretionary,Rental/Leasing Companies,United States,326830282.0,0.9169,215858
HUBB,Hubbell Inc Common Stock,Technology,Electrical Products,United States,24605184966.0,465.72,429898
HUBC,Hub Cyber Security Ltd. Ordinary Shares,Telecommunications,Computer Communications Equipment,Israel,1992199.0,1.49,397423
HUBCW,Hub Cyber Security Ltd. Warrant 2/27/28,Telecommunications,Computer Communications Equipment,Israel,12702.0,0.0095,38308
HUBCZ,Hub Cyber Security Ltd. Warrant,Telecommunications,Computer Communications Equipment,Israel,15510.0,0.0116,2
HUBG,Hub Group Inc. Class A Common Stock,Industrials,Integrated Freight & Logistics,United States,1848059072.0,30.22,2242083
HUBS,HubSpot Inc. Common Stock,Technology,Computer Software: Prepackaged Software,United States,10114860211.0,202.84,2477370
HUCK,Huckleberry.ai Inc. Class B Common Stock,Technology,Computer Software: Prepackaged Software,United States,155689693.0,3.31,1097151
HUDI,Huadi International Group Co. Ltd. Ordinary Shares,Industrials,Steel/Iron Ore,China,10599059.0,0.7402,23671
HUHU,HUHUTECH International Group Inc. Ordinary Shares,Telecommunications,Metal Fabrications,China,146334119.0,5.74,76567
HUIZ,Huize Holding Limited American Depositary Shares,Finance,Specialty Insurers,China,13137899.0,1.3,26284
HUM,Humana Inc. Common Stock,Health Care,Medical Specialities,United States,46786890406.0,389.63,1492915
HUMA,Humacyte Inc. Common Stock,Health Care,Biotechnology: Biological Products (No Diagnostic Substances),United States,152011123.0,0.5472,4959213
HUN,Huntsman Corporation Common Stock,Industrials,Major Chemicals,United States,1513517456.0,8.63,2273944
HURA,TuHURA Biosciences Inc. Common Stock,Health Care,Biotechnology: Pharmaceutical Preparations,United States,133188630.0,2.09,375407
HURC,Hurco Companies Inc. Common Stock,Industrials,Industrial Machinery/Components,United States,142414321.0,21.99,25706
HURN,Huron Consulting Group Inc. Common Stock,Consumer Discretionary,Professional Services,United States,2507745549.0,157.62,159929
HUT,Hut 8 Corp. Common Stock,Finance,Finance: Consumer Services,United States,11427385278.0,92.71,2142415
HUYA,HUYA Inc. American depositary shares each  representing one Class A ordinary share,Technology,Computer Software: Programming Data Processing,United States,538943979.0,2.36,1013939
HVMC,Highview Merger Corp. Class A Ordinary Share,Other,,United States,0.0,10.26,15
HVMCW,Highview Merger Corp. Warrants,Other,,United States,0.0,0.22,120600
HVT,Haverty Furniture Companies Inc. Common Stock,Consumer Discretionary,Other Specialty Stores,United States,433970612.0,27.83,111060
HVT-A,Haverty Furniture Companies Inc.,Other,,United States,,28.09,26
HWBK,Hawthorn Bancshares Inc. Common Stock,Finance,Major Banks,United States,265952130.0,38.54,12335
HWC,Hancock Whitney Corporation Common Stock,Finance,Major Banks,United States,5842645314.0,72.83,854514
HWCPZ,Hancock Whitney Corporation 6.25% Subordinated Notes due 2060,Finance,Major Banks,United States,1792567785.0,21.15,5924
HWKN,Hawkins Inc. Common Stock,Consumer Discretionary,Specialty Chemicals,United States,2668466206.0,127.83,148943
HWM,Howmet Aerospace Inc. Common Stock,Industrials,Metal Fabrications,United States,91054335420.0,228.32,1818921
HXHX,Haoxin Holdings Limited Class A Ordinary Shares,Industrials,Trucking Freight/Courier Services,China,6222144.0,0.4227,17450
HXL,Hexcel Corporation Common Stock,Industrials,Major Chemicals,United States,6362957251.0,84.14,894481
HY,Hyster-Yale Inc. Class A common stock,Industrials,Construction/Ag Equipment/Trucks,United States,571441434.0,31.87,221966
HYFM,Hydrofarm Holdings Group Inc. Common Stock,Consumer Discretionary,Consumer Specialties,United States,4689201.0,0.973,17561
HYFT,MindWalk Holdings Corp. Common Stock,Health Care,Biotechnology: Pharmaceutical Preparations,Canada,63129635.0,1.34,64250
HYI,Western Asset High Yield Opportunity Fund Inc. Common Stock,Finance,Investment Managers,,0.0,9.83,50678
HYLN,Hyliion Holdings Corp. Class A Common Stock,Consumer Discretionary,Construction/Ag Equipment/Trucks,United States,707244983.0,3.96,1454880
HYMC,Hycroft Mining Holding Corporation Class A Common Stock,Basic Materials,Precious Metals,United States,1826360948.0,19.6,2276917
HYNE,Hoyne Bancorp Inc. Common Stock,Finance,Banks,United States,132789783.0,16.4,11310
HYPD,Hyperion DeFi Inc. Common Stock,Health Care,Biotechnology: Pharmaceutical Preparations,United States,60836884.0,3.915,744142
HYPR,Hyperfine Inc. Class A Common Stock,Health Care,Biotechnology: Electromedical & Electrotherapeutic Apparatus,United States,88646082.0,0.8359,613450
HYT,Blackrock Corporate High Yield Fund Inc. Common Stock,Finance,Finance Companies,United States,0.0,7.77,1319651
HZO,MarineMax Inc.  (FL) Common Stock,Consumer Discretionary,Auto & Home Supply Stores,United States,1156682888.0,52.37,702970
IA,Innovative Solutions and Support Inc. Common Stock,Technology,EDP Services,United States,338294370.0,18.9,247261
IACO,Idea Acquisition Corp. Class A Ordinary Shares,Finance,Blank Checks,United States,0.0,10.0,448
IACOU,Idea Acquisition Corp. Units,Finance,Blank Checks,United States,0.0,10.05,1000
IACOW,Idea Acquisition Corp. Warrants,Finance,Blank Checks,United States,0.0,0.275,20
IACQ,Irenic Acquisition Corp. Class A Ordinary Shares,Finance,Blank Checks,United States,0.0,9.9181,556
IAE,Voya Asia Pacific High Dividend Equity Income Fund ING Asia Pacific High Dividend Equity Income Fund Common Shares of Beneficial Interest,Finance,Trusts Except Educational Religious and Charitable,United States,0.0,8.85,73063
IAF,abrdn Australia Equity Fund Inc. Common Stock,Finance,Finance/Investors Services,United States,0.0,12.68,17298
IAG,Iamgold Corporation Ordinary Shares,Basic Materials,Precious Metals,Canada,10666280000.0,18.68,4500932
IART,Integra LifeSciences Holdings Corporation Common Stock,Health Care,Medical/Dental Instruments,United States,1265358673.0,16.27,479056
IAUX,i-80 Gold Corp. Common Shares,Basic Materials,Precious Metals,Canada,1428737777.0,1.65,4598129
IBAC,IB Acquisition Corp. Common Stock,Finance,Blank Checks,United States,0.0,11.3,49
IBACR,IB Acquisition Corp. Right,Finance,Blank Checks,United States,0.0,0.12,23908
IBCP,Independent Bank Corporation Common Stock,Finance,Major Banks,United States,790072909.0,35.59,165540
IBEX,IBEX Limited Common Shares,Technology,EDP Services,Bermuda,588641845.0,44.33,110359
IBG,Innovation Beverage Group Limited Ordinary Shares,Consumer Staples,Beverages (Production/Distribution),Australia,3946188.0,0.935,7420
IBIO,iBio Inc. Common Stock,Health Care,Biotechnology: Pharmaceutical Preparations,United States,75239490.0,1.17,297228
IBKR,Interactive Brokers Group Inc. Class A Common Stock,Finance,Investment Bankers/Brokers/Service,United States,39454047131.0,87.08,3832600
IBM,International Business Machines Corporation Common Stock,Technology,Computer Manufacturing,United States,207900795841.0,220.67,5291544
IBN,ICICI Bank Limited Common Stock,Finance,Commercial Banks,India,97735536581.0,27.3,5367046
IBO,Impact BioMedical Inc. Common Stock,Health Care,Biotechnology: Pharmaceutical Preparations,,47930039.0,5.61,9275
IBOC,International Bancshares Corporation Common Stock,Finance,Major Banks,United States,4324175968.0,69.53,374815
IBP,Installed Building Products Inc. Common Stock,Consumer Discretionary,Homebuilding,United States,5211910818.0,196.09,276321
IBRX,ImmunityBio Inc. Common Stock,Health Care,Biotechnology: Biological Products (No Diagnostic Substances),United States,9029805046.0,8.52,10413690
IBTA,Ibotta Inc. Class A Common Stock,Consumer Discretionary,Advertising,United States,928406433.0,40.07,249244
ICCC,ImmuCell Corporation Common Stock,Health Care,Biotechnology: In Vitro & In Vivo Diagnostic Substances,United States,89732106.0,9.88,4457
ICCM,IceCure Medical Ltd. Ordinary Shares,Health Care,Medical/Dental Instruments,Israel,5584991.0,1.63,87130
ICE,Intercontinental Exchange Inc. Common Stock,Finance,Investment Bankers/Brokers/Service,United States,85842831007.0,152.91,2350893
ICFI,ICF International Inc. Common Stock,Consumer Discretionary,Professional Services,United States,1488512372.0,83.0,140518
ICG,Intchains Group Limited American Depositary Shares,Technology,Semiconductors,China,106288954.0,0.88,10557
ICHR,Ichor Holdings Ordinary Shares,Technology,Semiconductors,United States,2225530287.0,59.42,699649
ICL,ICL Group Ltd. Ordinary Shares,Industrials,Agricultural Chemicals,Israel,6479177100.0,5.02,889207
ICLR,ICON plc Ordinary Shares,Health Care,Biotechnology: Commercial Physical & Biological Resarch,Ireland,13442925250.0,175.57,1342209
ICMB,Investcorp Credit Management BDC Inc. Common Stock,Finance,Finance: Consumer Services,United States,12339764.0,0.855,14681
ICON,Icon Energy Corp. Common stock,Consumer Discretionary,Marine Transportation,Greece,3495786.0,0.9299,18489
ICR^A,InPoint Commercial Real Estate Income Inc. 6.75% Series A Cumulative Redeemable Preferred Stock,Other,,,,21.82,2586
ICU,SeaStar Medical Holding Corporation Common Stock,Health Care,Medical/Dental Instruments,United States,14983259.0,3.4,10828
ICUCW,SeaStar Medical Holding Corporation Warrant,Health Care,Medical/Dental Instruments,United States,67865.0,0.0154,16
ICUI,ICU Medical Inc. Common Stock,Health Care,Medical/Dental Instruments,United States,4101904443.0,164.03,290653
IDA,IDACORP Inc. Common Stock,Utilities,Electric Utilities: Central,United States,7450633559.0,128.81,649028
IDAC,Iron Dome Acquisition I Corp. Class A Ordinary Shares,Other,,United States,0.0,9.99,429
IDACW,Iron Dome Acquisition I Corp. Warrant,Other,,United States,0.0,0.32,22
IDAI,T Stamp Inc. Class A Common Stock,Technology,Computer Software: Prepackaged Software,United States,17650981.0,3.13,28641
IDCC,InterDigital Inc. Common Stock,Miscellaneous,Multi-Sector Companies,United States,8442177130.0,327.14,113019
IDE,Voya Infrastructure Industrials and Materials Fund Common Shares of Beneficial Interest,Finance,Finance/Investors Services,United States,0.0,12.15,74806
IDN,Intellicheck Inc. Common Stock,Technology,Computer Software: Prepackaged Software,United States,47424179.0,2.34,154879
IDR,Idaho Strategic Resources Inc. Common Stock,Basic Materials,Precious Metals,United States,455160649.0,28.76,202841
IDT,IDT Corporation Class B Common Stock,Telecommunications,Telecommunications Equipment,United States,1729857451.0,69.56,373092
IDXX,IDEXX Laboratories Inc. Common Stock,Health Care,Biotechnology: In Vitro & In Vivo Diagnostic Substances,United States,41679937231.0,529.06,391988
IDYA,IDEAYA Biosciences Inc. Common Stock,Health Care,Biotechnology: Pharmaceutical Preparations,United States,3687828078.0,38.22,1053777
IE,Ivanhoe Electric Inc. Common Stock,Basic Materials,Metal Mining,Canada,1698040356.0,10.64,2950439
IEAG,Infinite Eagle Acquisition Corp. Class A Ordinary Shares,Finance,Blank Checks,United States,0.0,10.22,10
IEAGR,Infinite Eagle Acquisition Corp. Rights,Finance,Blank Checks,United States,0.0,0.2,22
IEAGU,Infinite Eagle Acquisition Corp. Unit,Other,,United States,0.0,10.37,100
IEP,Icahn Enterprises L.P. Common Stock,Energy,Integrated oil Companies,United States,4880432113.0,6.865,711398
IESC,IES Holdings Inc. Common Stock,Industrials,Engineering & Construction,United States,12834871648.0,322.09,145902
IEX,IDEX Corporation Common Stock,Industrials,Fluid Controls,United States,17040353960.0,231.15,680504
IFBD,Infobird Co. Ltd Ordinary Shares,Technology,Computer Software: Prepackaged Software,China,10399489.0,1.27,197033
IFF,International Flavors & Fragrances Inc. Common Stock,Industrials,Major Chemicals,United States,21871454828.0,85.72,1863586
IFN,Aberdeen India Fund Inc. Common Stock,Finance,Finance/Investors Services,United States,0.0,10.65,339570
IFRX,InflaRx N.V. Common Stock,Health Care,Biotechnology: Pharmaceutical Preparations,Germany,268210162.0,1.82,426398
IFS,Intercorp Financial Services Inc. Common Shares,Finance,Commercial Banks,,6129280582.0,55.52,244182
IGA,Voya Global Advantage and Premium Opportunity Fund Common Shares of Beneficial Interest,Finance,Investment Managers,United States,0.0,10.13,75843
IGAC,Invest Green Acquisition Corporation Class A Ordinary Shares,Finance,Blank Checks,United States,0.0,10.11,381
IGACU,Invest Green Acquisition Corporation Units,Finance,Blank Checks,United States,0.0,10.1801,2
IGC,IGC Pharma Inc. Common Stock,Health Care,Biotechnology: Pharmaceutical Preparations,United States,28327218.0,0.274,1103971
IGD,Voya Global Equity Dividend and Premium Opportunity Fund,Finance,Trusts Except Educational Religious and Charitable,United States,0.0,6.27,270582
IGI,Western Asset Investment Grade Opportunity Trust Inc. Common Stock,Finance,Investment Managers,United States,0.0,15.8,2694
IGIC,International General Insurance Holdings Ltd. Ordinary Share,Finance,Property-Casualty Insurers,Jordan,1046206915.0,24.42,316578
IGR,CBRE Global Real Estate Income Fund Common Shares of Beneficial Interest,Finance,Finance Companies,United States,0.0,11.73,406326
IH,iHuman Inc. American depositary shares each representing five Class A ordinary shares,Real Estate,Other Consumer Services,United States,58779791.0,1.15,4146
IHD,Voya Emerging Markets High Income Dividend Equity Fund Common Shares,Finance,Investment Managers,United States,0.0,7.64,50839
IHG,Intercontinental Hotels Group American Depositary Shares (Each representing one Ordinary Share),Consumer Discretionary,Hotels/Resorts,United Kingdom,22995283627.0,161.11,162352
IHRT,iHeartMedia Inc. Class A Common Stock,Consumer Discretionary,Broadcasting,United States,296812062.0,2.22,543730
IHS,IHS Holding Limited Ordinary Shares,Telecommunications,Telecommunications Equipment,Cayman Islands,2811667840.0,8.38,827630
IHT,InnSuites Hospitality Trust Shares of Beneficial Interest,Real Estate,Real Estate Investment Trusts,United States,15433782.0,1.375,16603
IIF,Morgan Stanley India Investment Fund Inc. Common Stock,Finance,Trusts Except Educational Religious and Charitable,United States,0.0,21.69,48891
III,Information Services Group Inc. Common Stock,Consumer Discretionary,Professional Services,United States,259980291.0,5.37,539176
IIIN,Insteel Industries Inc. Common Stock,Industrials,Steel/Iron Ore,United States,567003055.0,29.29,129688
IIIV,i3 Verticals Inc. Class A Common Stock,Technology,Computer Software: Prepackaged Software,United States,379300150.0,14.41,324314
IIM,Invesco Value Municipal Income Trust Common Stock,Finance,Investment Managers,United States,502220244.0,10.67,553597
IIPR,Innovative Industrial Properties Inc. Common Stock,Finance,Real Estate,United States,1522214178.0,55.21,349052
IIPR^A,Innovative Industrial Properties Inc. 9.00% Series A Cumulative Redeemable Preferred Stock,Other,,United States,,24.845,27061
IKT,Inhibikase Therapeutics Inc. Common Stock,Health Care,Biotechnology: Biological Products (No Diagnostic Substances),United States,286048595.0,2.05,765118
ILAG,Intelligent Living Application Group Inc. Ordinary Shares,Consumer Discretionary,Office Equipment/Supplies/Services,Hong Kong,5773915.0,2.78,1364
ILLR,Triller Group Inc. Common Stock,Finance,Investment Managers,United States,6949320.0,0.3392,212120
ILLRW,Triller Group Inc. Warrant,Finance,Investment Managers,United States,801057.0,0.0391,49
ILLU,Illumination Acquisition Corp I Class A Ordinary Shares,Finance,Blank Checks,United States,102442145.0,9.98,329
ILMN,Illumina Inc. Common Stock,Health Care,Medical Specialities,United States,41056900000.0,271.9,2980166
ILPT,Industrial Logistics Properties Trust Common Shares of Beneficial Interest,Real Estate,Real Estate Investment Trusts,United States,485242555.0,7.27,421352
IMA,ImageneBio Inc. Common Stock,Health Care,Biotechnology: Biological Products (No Diagnostic Substances),United States,52670756.0,4.64,2196
IMAX,Imax Corporation Common Stock,Consumer Discretionary,Industrial Machinery/Components,Canada,3078287859.0,56.13,1395803
IMC,IMC Rare Earths Ltd Ordinary Shares,Basic Materials,Metal Mining,,788250000.0,7.5,128209
IMCC,IM Cannabis Corp. Common Shares,Health Care, Medicinal Chemicals and Botanical Products ,Canada,2461385.0,2.48,322616
IMCR,Immunocore Holdings plc American Depositary Shares,Health Care,Biotechnology: Biological Products (No Diagnostic Substances),United Kingdom,1577917625.0,30.64,266633
IMDX,Insight Molecular Diagnostics Inc. Common Stock,Health Care,Biotechnology: In Vitro & In Vivo Diagnostic Substances,United States,104063223.0,3.18,590539
IMKTA,Ingles Markets Incorporated Class A Common Stock,Consumer Staples,Food Chains,United States,1616231454.0,85.09,82650
IMMP,Immutep Limited American Depositary Shares,Health Care,Biotechnology: Pharmaceutical Preparations,Australia,35958802.0,4.88,49405
IMMR,Immersion Corporation Common Stock,Technology,Computer peripheral equipment,United States,240743797.0,7.25,365671
IMMX,Immix Biopharma Inc. Common Stock,Health Care,Biotechnology: Pharmaceutical Preparations,United States,820555932.0,11.47,995953
IMNM,Immunome Inc. Common Stock,Health Care,Biotechnology: Pharmaceutical Preparations,United States,2462362997.0,21.68,945237
IMNN,Imunon Inc. Common Stock,Health Care,Biotechnology: Pharmaceutical Preparations,United States,7743736.0,1.38,108612
IMO,Imperial Oil Limited Common Stock,Energy,Integrated oil Companies,Canada,59162767620.0,122.34,1109831
IMOS,ChipMOS TECHNOLOGIES INC. American Depositary Shares,Technology,Semiconductors,Taiwan,2505239586.0,71.58,94986
IMPP,Imperial Petroleum Inc. Common Shares,Consumer Discretionary,Marine Transportation,Greece,225616153.0,4.99,551928
IMPPP,Imperial Petroleum Inc. 8.75% Series A Cumulative Redeemable Perpetual Preferred Shares,Consumer Discretionary,Marine Transportation,Greece,1177815791.0,26.05,506
IMRN,Immuron Limited American Depositary Shares,Health Care,Biotechnology: Pharmaceutical Preparations,Australia,9362594.0,1.16,38844
IMRX,Immuneering Corporation Class A Common Stock,Health Care,Biotechnology: Pharmaceutical Preparations,United States,269141192.0,4.16,598738
IMSR,Terrestrial Energy Inc. Common Stock,Industrials,Metal Fabrications,United States,436453246.0,4.12,1243217
IMSRW,Terrestrial Energy Inc. Warrant,Industrials,Metal Fabrications,United States,156784176.0,1.48,3707
IMTE,Integrated Media Technology Limited Ordinary Shares,Consumer Staples,Consumer Electronics/Appliances,Australia,1654288.0,0.48,4332
IMTX,Immatics N.V. Ordinary Shares,Health Care,Biotechnology: Biological Products (No Diagnostic Substances),Germany,1271869246.0,8.5,1467612
IMUX,Immunic Inc. Common Stock,Health Care,Biotechnology: Pharmaceutical Preparations,United States,129758881.0,9.51,660529
IMVT,Immunovant Inc. Common Stock,Health Care,Biotechnology: Biological Products (No Diagnostic Substances),United States,6917449320.0,33.49,1229341
IMXI,International Money Express Inc. Common Stock,Consumer Discretionary,Business Services,United States,351965455.0,11.65,739986
INAB,IN8bio Inc. Common Stock,Health Care,Biotechnology: Biological Products (No Diagnostic Substances),United States,12224395.0,1.24,74353
INAC,Indigo Acquisition Corp. Ordinary Shares,Other,,United States,0.0,10.33,10
INACR,Indigo Acquisition Corp. Right,Other,,United States,0.0,0.1,12
INBK,First Internet Bancorp Common Stock,Finance,Major Banks,United States,228470296.0,26.16,47390
INBKZ,First Internet Bancorp 6.0% Fixed-to-Floating Rate Subordinated Notes Due 2029,Finance,Major Banks,United States,219134314.0,25.15,1073
INBS,Intelligent Bio Solutions Inc. Common Stock,Health Care,Medical/Dental Instruments,United States,5472725.0,1.65,24885
INBX,Inhibrx Biosciences Inc. Common Stock,Health Care,Biotechnology: Biological Products (No Diagnostic Substances),United States,1496933199.0,101.71,188918
INCR,Intercure Ltd. Ordinary Shares,Health Care,Biotechnology: Pharmaceutical Preparations,Israel,60294669.0,5.09,2094
INCY,Incyte Corp. Common Stock,Health Care,Biotechnology: Commercial Physical & Biological Resarch,United States,25300732656.0,124.82,1436584
INDB,Independent Bank Corp. Common Stock,Finance,Major Banks,United States,3767738134.0,79.54,359463
INDI,indie Semiconductor Inc. Class A Common Stock,Technology,Semiconductors,United States,672245761.0,2.9,3710855
INDO,Indonesia Energy Corporation Limited Ordinary Shares,Energy,Oil & Gas Production,,40775126.0,2.65,369162
INDP,Indaptus Therapeutics Inc. Common Stock,Health Care,Biotechnology: Pharmaceutical Preparations,United States,438367246.0,3.29,584313
INDV,Indivior Pharmaceuticals Inc. Common Stock,Health Care,Biotechnology: Pharmaceutical Preparations,United Kingdom,4353017726.0,36.88,1173523
INEO,INNEOVA Holdings Limited Class A Ordinary Shares,Consumer Discretionary,Motor Vehicles,Singapore,9540668.0,0.59,16430
INFQ,Infleqtion Inc. Common Stock,Technology,EDP Services,,3184295145.0,14.13,6327654
INFU,InfuSystems Holdings Inc. Common Stock,Health Care,Medical/Dental Instruments,United States,256334119.0,12.87,108494
INFY,Infosys Limited American Depositary Shares,Technology,EDP Services,India,42672908157.0,10.52,13016111
ING,ING Group N.V. Common Stock,Finance,Commercial Banks,Netherlands,105590683089.0,36.38,2092611
INGM,Ingram Micro Holding Corporation Common Stock,Technology,Retail: Computer Software & Peripheral Equipment,United States,6103313980.0,26.46,1890715
INGN,Inogen Inc Common Stock,Health Care,Industrial Specialties,United States,144368553.0,5.44,301890
INGR,Ingredion Incorporated Common Stock,Consumer Staples,Packaged Foods,United States,6082520775.0,96.45,753360
INHD,Inno Holdings Inc. Common Stock,Industrials,Steel/Iron Ore,United States,7536537.0,2.99,28703
INIO,INNIO N.V. Ordinary Shares,Consumer Discretionary,Metal Fabrications,Germany,13620000000.0,18.16,4338639
INKT,MiNK Therapeutics Inc. Common Stock,Health Care,Biotechnology: Biological Products (No Diagnostic Substances),United States,61797354.0,12.11,13888
INLF,INLIF LIMITED Class A Ordinary Shares,Industrials,Industrial Machinery/Components,China,5702259.0,5.23,1143019
INLX,Intellinetics Inc. Common Stock,Technology,Computer Software: Prepackaged Software,,23149219.0,5.15,400
INM,InMed Pharmaceuticals Inc. Common Shares,Health Care,Biotechnology: Pharmaceutical Preparations,Canada,7471480.0,1.36,17398
INMB,INmune Bio Inc. Common stock,Health Care,Biotechnology: Biological Products (No Diagnostic Substances),United States,55507578.0,2.0,191606
INMD,InMode Ltd. Ordinary Shares,Health Care,Biotechnology: Electromedical & Electrotherapeutic Apparatus,Israel,816514366.0,14.205,201738
INN,Summit Hotel Properties Inc. Common Stock,Real Estate,Real Estate Investment Trusts,United States,627707155.0,5.82,960643
INN^E,Summit Hotel Properties Inc. 6.250% Series E Cumulative Redeemable Preferred Stock,Other,,United States,,16.9446,6417
INN^F,Summit Hotel Properties Inc. 5.875% Series F Cumulative Redeemable Preferred Stock $0.01 par value per share,Other,,United States,,16.39,12110
INNV,InnovAge Holding Corp. Common Stock,Health Care,Medical/Nursing Services,United States,1213053168.0,8.89,725535
INO,Inovio Pharmaceuticals Inc. Common Stock,Health Care,Biotechnology: Pharmaceutical Preparations,United States,120975096.0,1.17,1896545
INOD,Innodata Inc. Common Stock,Technology,EDP Services,United States,2296417260.0,66.79,1286285
INR,Infinity Natural Resources Inc. Class A Common Stock,Energy,Oil & Gas Production,United States,794680893.0,12.53,247310
INSE,Inspired Entertainment Inc. Common Stock,Technology,Computer Software: Prepackaged Software,United States,105169904.0,3.99,695758
INSG,Inseego Corp. Common Stock,Telecommunications,Telecommunications Equipment,United States,59196234.0,3.605,185458
INSM,Insmed Incorporated Common Stock,Health Care,Biotechnology: Pharmaceutical Preparations,United States,25696951458.0,117.67,1744371
INSP,Inspire Medical Systems Inc. Common Stock,Health Care,Medical/Dental Instruments,United States,2023726250.0,70.0,442311
INSW,International Seaways Inc. Common Stock,Consumer Discretionary,Marine Transportation,United States,5364736294.0,108.31,678961
INTA,Intapp Inc. Common Stock,Technology,Computer Software: Prepackaged Software,United States,2707729528.0,35.39,288852
INTC,Intel Corporation Common Stock,Technology,Semiconductors,United States,613226615361.0,116.03,112437161
INTG,Intergroup Corporation (The) Common Stock,Real Estate,Building operators,United States,70695915.0,32.9,75811
INTJ,Intelligent Group Limited Class A Ordinary Shares,Consumer Discretionary,Professional Services,Hong Kong,4612494.0,3.0,76699
INTR,Inter & Co. Inc. Class A Common Shares,Finance,Commercial Banks,Brazil,2224261182.0,5.04,6703867
INTS,Intensity Therapeutics Inc. Common stock,Health Care,Biotechnology: Biological Products (No Diagnostic Substances),United States,11916808.0,3.65,36190
INTT,inTest Corporation Common Stock,Industrials,Electrical Products,United States,150189954.0,11.71,62929
INTU,Intuit Inc. Common Stock,Technology,Computer Software: Prepackaged Software,United States,71993378400.0,269.4,3819796
INTZ,Intrusion Inc. Common Stock,Telecommunications,Computer Communications Equipment,United States,16520137.0,0.6741,81703
INUV,Inuvo Inc.,Consumer Discretionary,Advertising,United States,9362389.0,0.568,68695
INV,Innventure Inc. Common Stock,Finance,Blank Checks,United States,58399656.0,0.6902,3585784
INVA,Innoviva Inc. Common Stock,Health Care,Biotechnology: Pharmaceutical Preparations,United States,1533771647.0,21.23,854654
INVE,INVE Technologies Inc. Common Stock,Technology,Computer peripheral equipment,United States,57923450.0,2.39,116703
INVH,Invitation Homes Inc. Common Stock,Finance,Real Estate,United States,15675140418.0,26.54,5777724
INVX,Innovex International Inc. Common Stock,Consumer Discretionary,Oil and Gas Field Machinery,United States,2018347967.0,28.86,415244
INVZ,Innoviz Technologies Ltd. Ordinary shares,Consumer Discretionary,Auto Parts:O.E.M.,Israel,134076097.0,0.378,2397921
IOND,Ionic Digital Inc. Class A Common Stock,Finance,Finance: Consumer Services,United States,3681587039.0,81.82,369706
IONQ,IonQ Inc. Common Stock,Technology,EDP Services,United States,16985083158.0,44.58,35027514
IONR,ioneer Ltd American Depositary Shares,Industrials,Mining & Quarrying of Nonmetallic Minerals (No Fuels),Australia,240590107.0,3.13,106217
IONS,Ionis Pharmaceuticals Inc. Common Stock,Health Care,Biotechnology: Pharmaceutical Preparations,United States,7573019554.0,45.57,3742304
IOR,Income Opportunity Realty Investors Inc. Common Stock,Real Estate,Real Estate Investment Trusts,United States,74126425.0,18.23,26
IOSP,Innospec Inc. Common Stock,Industrials,Major Chemicals,United States,2410886880.0,97.88,300028
IOT,Samsara Inc. Class A Common Stock,Technology,EDP Services,United States,22212005577.0,37.93,4501245
IOTR,iOThree Limited Ordinary Shares,Consumer Discretionary,Telecommunications Equipment,Singapore,12310728.0,2.03,2767
IOVA,Iovance Biotherapeutics Inc. Common Stock,Health Care,Biotechnology: Biological Products (No Diagnostic Substances),United States,4978156038.0,10.99,12233420
IP,International Paper Company Common Stock,Basic Materials,Paper,United States,18005376430.0,34.0,5571220
IPAR,Interparfums Inc. Common Stock,Consumer Discretionary,Package Goods/Cosmetics,United States,3777120611.0,117.94,194345
IPDN,Professional Diversity Network Inc. Common Stock,Technology,Computer Software: Programming Data Processing,United States,2590005.0,3.89,164425
IPFX,Inflection Point Acquisition Corp. VI Class A Ordinary Shares,Finance,Blank Checks,United States,0.0,10.055,16601
IPFXW,Inflection Point Acquisition Corp. VI Warrant,Finance,Blank Checks,United States,0.0,0.7769,5156
IPGP,IPG Photonics Corporation Common Stock,Technology,Semiconductors,United States,3284942447.0,77.23,323807
IPHA,Innate Pharma S.A. ADS,Health Care,Biotechnology: Biological Products (No Diagnostic Substances),France,189890590.0,1.7,42271
IPHXU,Inflection Point Acquisition Corp. VIII Unit,Other,,United States,0.0,10.07,5285
IPI,Intrepid Potash Inc Common Stock,Industrials,Mining & Quarrying of Nonmetallic Minerals (No Fuels),United States,435188837.0,32.34,186264
IPM,Intelligent Protection Management Corp. Common Stock,Technology,Computer Software: Programming Data Processing,United States,16354669.0,1.81,5988
IPSC,Century Therapeutics Inc. Common Stock,Health Care,Biotechnology: Biological Products (No Diagnostic Substances),United States,302395786.0,1.67,409151
IPST,IP Strategy Holdings Inc. Common Stock,Consumer Staples,Beverages (Production/Distribution),United States,2467797.0,3.42,288210
IPVV,InterPrivate Investment Partners V Inc. Class A Ordinary Shares,Finance,Blank Checks,United States,0.0,9.86,84
IPW,iPower Inc. Common Stock,Consumer Discretionary,RETAIL: Building Materials,United States,1468211.0,1.26,59219
IPWR,Ideal Power Inc. Common Stock,Technology,Semiconductors,United States,64916887.0,3.95,129114
IPX,IperionX Limited American Depositary Share,Basic Materials,Other Metals and Minerals,United States,636345131.0,18.75,196912
IPXG,Inflection Point Acquisition Corp. VII Class A Ordinary Shares,Finance,Blank Checks,United States,0.0,10.045,1748
IPXGW,Inflection Point Acquisition Corp. VII Warrant,Finance,Blank Checks,United States,0.0,0.672,17908
IQ,iQIYI Inc. American Depositary Shares,Consumer Discretionary,Consumer Electronics/Video Chains,China,993975477.0,1.03,2925548
IQI,Invesco Quality Municipal Income Trust Common Stock,Finance,Finance Companies,United States,460089034.0,8.7,357049
IQMX,IQM Quantum Computers Oyj American Depositary Shares,Technology,Computer Software: Prepackaged Software,Finland,1942336235.0,10.25,160828
IQMXW,IQM Quantum Computers Oyj Warrants to purchase American Depositary Shares,Technology,Computer Software: Prepackaged Software,Finland,341093192.0,1.8,559
IQST,iQSTEL Inc. Common Stock,Telecommunications,Telecommunications Equipment,United States,10806700.0,0.99,124966
IQV,IQVIA Holdings Inc. Common Stock,Health Care,Biotechnology: Commercial Physical & Biological Resarch,United States,44601662000.0,270.97,1620940
IR,Ingersoll Rand Inc. Common Stock,Industrials,Industrial Machinery/Components,United States,29635396387.0,76.38,5600244
IRAB,Iris Acquisition Corp II Class A Ordinary Shares,Other,,,0.0,10.0,45
IRD,Opus Genetics Inc. Common Stock,Health Care,Biotechnology: Pharmaceutical Preparations,United States,420138906.0,5.05,1162276
IRDM,Iridium Communications Inc Common Stock,Consumer Discretionary,Telecommunications Equipment,United States,5121065310.0,48.33,1750776
IREN,IREN Limited Ordinary Shares,Finance,Finance: Consumer Services,Australia,16440126795.0,41.72,26585852
IRHO,Iron Horse Acquisitions II Corp. Common Stock,Finance,Blank Checks,United States,0.0,10.07,168
IRHOR,Iron Horse Acquisitions Corp. II Rights,Finance,Blank Checks,United States,0.0,0.1583,679
IRIX,IRIDEX Corporation Common Stock,Health Care,Biotechnology: Electromedical & Electrotherapeutic Apparatus,United States,10892002.0,0.6201,23173
IRM,Iron Mountain Incorporated (Delaware)Common Stock REIT,Real Estate,Real Estate Investment Trusts,United States,33059897273.0,111.05,1321325
IRMD,iRadimed Corporation Common Stock,Health Care,Medical/Dental Instruments,United States,1108120640.0,86.66,150710
IRON,Disc Medicine Inc. Common Stock,Health Care,Biotechnology: Pharmaceutical Preparations,United States,2492463432.0,64.92,480569
IRS,IRSA Inversiones Y Representaciones S.A. Global Depositary Shares (Each representing ten shares of Common Stock),Real Estate,Homebuilding,Argentina,1154575099.0,14.24,125302
IRT,Independence Realty Trust Inc. Common Stock,Real Estate,Real Estate Investment Trusts,United States,3465445135.0,14.7,4052144
IRTC,iRhythm Holdings Inc. Common Stock,Health Care,Medical/Dental Instruments,United States,3711634138.0,112.6,454873
IRWD,Ironwood Pharmaceuticals Inc. Class A Common Stock,Health Care,Biotechnology: Pharmaceutical Preparations,United States,680788582.0,4.12,1962740
ISBA,Isabella Bank Corporation Common stock,Finance,Major Banks,United States,288981709.0,37.88,32259
ISD,PGIM High Yield Bond Fund Inc.,Finance,Trusts Except Educational Religious and Charitable,United States,0.0,11.61,186472
ISNR,Snow Rothschild Acquisition Corp. Class A Ordinary Shares,Finance,Blank Checks,United States,0.0,9.83,9
ISNRU,Snow Rothschild Acquisition Corp. Units,Finance,Blank Checks,United States,0.0,9.92,1002
ISNRW,Snow Rothschild Acquisition Corp. Warrants,Finance,Blank Checks,United States,0.0,0.26,131
ISOU,IsoEnergy Ltd. Common Shares,Other,,,606092225.0,9.29,182107
ISPC,iSpecimen Inc. Common Stock,Health Care,Biotechnology: Commercial Physical & Biological Resarch,United States,3047494.0,1.21,447163
ISPR,Ispire Technology Inc. Common Stock,Health Care, Medicinal Chemicals and Botanical Products ,United States,76524674.0,1.325,8881
ISRG,Intuitive Surgical Inc. Common Stock,Health Care,Industrial Specialties,United States,146536197382.0,414.79,2570798
ISTR,Investar Holding Corporation Common Stock,Finance,Major Banks,United States,404080173.0,29.33,104360
IT,Gartner Inc. Common Stock,Consumer Discretionary,Other Consumer Services,United States,11728659312.0,185.73,903602
ITG,ITG Inc. Class A Common Stock,Industrials,Water Sewer Pipeline Comm & Power Line Construction,United States,877170752.0,7.065,1143854
ITGR,Integer Holdings Corporation Common Stock,Health Care,Biotechnology: Electromedical & Electrotherapeutic Apparatus,United States,4295915026.0,126.38,1681831
ITHA,ITHAX Acquisition Corp III Class A Ordinary Shares,Other,,United States,0.0,10.06,8
ITIC,Investors Title Company Common Stock,Finance,Specialty Insurers,United States,546518202.0,289.47,53042
ITOC,iTonic Holdings Ltd Class A Ordinary Shares,Health Care,Biotechnology: Electromedical & Electrotherapeutic Apparatus,China,33300725.0,0.2845,203285
ITP,IT Tech Packaging Inc. Common Stock,Consumer Discretionary,Containers/Packaging,China,2409090.0,0.142,199442
ITRG,Integra Resources Corp. Common Shares,Basic Materials,Precious Metals,,525441251.0,2.59,2013476
ITRI,Itron Inc. Common Stock,Industrials,Electrical Products,United States,3874689773.0,88.49,486881
ITRN,Ituran Location and Control Ltd. Ordinary Shares,Technology,Electronic Components,Israel,1029094893.0,51.73,68686
ITT,ITT Inc. Common Stock,Industrials,Fluid Controls,United States,18521892000.0,207.18,871743
ITUB,Itau Unibanco Banco Holding SA American Depositary Shares (Each repstg 500 Preferred shares),Finance,Major Banks,Brazil,88101930995.0,7.99,21535327
ITW,Illinois Tool Works Inc. Common Stock,Industrials,Industrial Machinery/Components,United States,77986784000.0,273.83,813652
IVA,Inventiva S.A. American Depository Shares,Health Care,Biotechnology: Pharmaceutical Preparations,France,834069113.0,3.53,3484297
IVDA,Iveda Solutions Inc. Common Stock,Technology,Computer Software: Prepackaged Software,United States,3734426.0,0.2983,170964
IVF,INVO Fertility Inc. Common Stock,Health Care,Medical/Dental Instruments,United States,2340506.0,0.9336,92384
IVR,INVESCO MORTGAGE CAPITAL INC Common Stock,Real Estate,Real Estate Investment Trusts,United States,672752606.0,6.25,4008965
IVR^C,INVESCO MORTGAGE CAPITAL INC 7.5% Fixed-to-Floating Series C Cumulative Redeemable Preferred Stock Liquation Preference $25.00 per Share,Other,,United States,,24.02,14059
IVT,InvenTrust Properties Corp. Common Stock,Real Estate,Real Estate Investment Trusts,United States,2395497400.0,30.72,534236
IVVD,Invivyd Inc. Common Stock,Health Care,Biotechnology: Biological Products (No Diagnostic Substances),United States,280020809.0,0.95,11005238
IVZ,Invesco Ltd Common Stock,Finance,Investment Managers,United States,13434838305.0,30.43,5481253
IX,ORIX Corporation American Depositary Shares,Finance,Diversified Financial Services,Japan,43873881535.0,39.03,264670
IXHL,Incannex Healthcare Inc. Common Stock,Health Care,Biotechnology: Pharmaceutical Preparations,Australia,39515575.0,3.15,131394
IZEA,IZEA Worldwide Inc. Common Stock,Consumer Discretionary,Advertising,United States,43889041.0,2.52,52880
IZM,ICZOOM Group Inc. Class A Ordinary Shares,Consumer Discretionary,Consumer Electronics/Video Chains,China,3028564.0,1.26,50252
J,Jacobs Solutions Inc. Common Stock,Industrials,Military/Government/Technical,United States,16194632604.0,138.37,975417
JACK,Jack In The Box Inc. Common Stock,Consumer Discretionary,Restaurants,United States,262756821.0,13.7,641391
JACS,Jackson Acquisition Company II Class A Ordinary Shares,Other,,,0.0,10.83,246
JAGU,Jaguar Uranium Corp. Class A Common Shares,Basic Materials,Metal Mining,Canada,28271288.0,1.4,240304
JAGX,Jaguar Health Inc. Common Stock,Health Care,Biotechnology: Pharmaceutical Preparations,United States,7716671.0,6.02,1413439
JAKK,JAKKS Pacific Inc. Common Stock,Consumer Discretionary,Recreational Games/Products/Toys,United States,288986553.0,25.25,89044
JAN,Janus Living Inc. Class A-1 Common Stock,Real Estate,Real Estate Investment Trusts,,9321134911.0,30.04,1916949
JANX,Janux Therapeutics Inc. Common Stock,Health Care,Biotechnology: Pharmaceutical Preparations,United States,1013647696.0,16.58,473062
JATT,JATT II Acquisition Corp Ordinary Shares,Finance,Blank Checks,United States,0.0,11.25,391589
JAZZ,Jazz Pharmaceuticals plc Common Stock (Ireland),Health Care,Biotechnology: Pharmaceutical Preparations,Ireland,15467845408.0,238.28,788286
JBDI,JBDI Holdings Limited Ordinary Shares,Other,,Singapore,11322293.0,1.19,2213
JBGS,JBG SMITH Properties Common Shares,Real Estate,Real Estate Investment Trusts,United States,758869616.0,10.17,1002035
JBHT,J.B. Hunt Transport Services Inc. Common Stock,Industrials,Trucking Freight/Courier Services,United States,21231350260.0,226.07,958823
JBI,Janus International Group Inc. Common Stock,Industrials,Building Products,United States,588038255.0,4.31,3155687
JBIO,Jade Biosciences Inc. Common Stock,Health Care,Biotechnology: Pharmaceutical Preparations,United States,912622503.0,14.35,598641
JBK,Lehman ABS 3.50 3.50% Adjustable Corp Backed Tr Certs GS Cap I,Finance,Finance: Consumer Services,United States,0.0,25.32,440
JBL,Jabil Inc. Common Stock,Technology,Electrical Products,United States,33419746295.0,318.93,1753405
JBLU,JetBlue Airways Corporation Common Stock,Consumer Discretionary,Air Freight/Delivery Services,United States,1592257404.0,4.22,21740017
JBS,JBS N.V. Class A Common Shares,Consumer Staples,Meat/Poultry/Fish,,12422778569.0,11.6,4586585
JBSS,John B. Sanfilippo & Son Inc. Common Stock,Consumer Staples,Specialty Foods,United States,790128511.0,67.57,116910
JBTM,JBT Marel Corporation Common Stock,Industrials,Industrial Machinery/Components,United States,5766108210.0,111.15,559759
JCAP,Jefferson Capital Inc. Common Stock,Finance,Finance Companies,United States,1109461356.0,19.32,332652
JCE,Nuveen Core Equity Alpha Fund Common Shares of Beneficial Interest,Finance,Trusts Except Educational Religious and Charitable,United States,0.0,16.79,6830
JCI,Johnson Controls International plc Ordinary Share,Industrials,Industrial Machinery/Components,Switzerland,90188847468.0,148.89,3085509
JCSE,JE Cleantech Holdings Limited Class A Ordinary Shares,Consumer Discretionary,Miscellaneous manufacturing industries,Singapore,7563917.0,1.44,4620
JCTC,Jewett-Cameron Trading Company Common Shares,Consumer Discretionary,RETAIL: Building Materials,United States,10384333.0,2.95,1029
JD,JD.com Inc. American Depositary Shares,Consumer Discretionary,Other Specialty Stores,China,35763840000.0,26.61,5601344
JDZG,JIADE LIMITED Class A Ordinary Shares,Real Estate,Other Consumer Services,China,24333044.0,4.48,2377429
JEF,Jefferies Financial Group Inc. Common Stock,Finance,Investment Bankers/Brokers/Service,United States,9131092980.0,47.13,4158540
JELD,JELD-WEN Holding Inc. Common Stock,Basic Materials,Forest Products,United States,153571186.0,1.77,685607
JEM,707 Cayman Holdings Limited Ordinary Shares,Consumer Discretionary,Clothing/Shoe/Accessory Stores,China,2565808.0,3.69,8878
JENA,Jena Acquisition Corporation II Class A Ordinary Shares,Finance,Blank Checks,,0.0,10.43,314
JF,J and Friends Holdings Limited American Depositary Shares,Technology,Computer Software: Programming Data Processing,China,17278259.0,0.9421,22939
JFIN,Jiayin Group Inc. American Depositary Shares,Finance,Finance: Consumer Services,China,75354546.0,1.44,27274
JFR,Nuveen Floating Rate Income Fund Common Stock,Finance,Trusts Except Educational Religious and Charitable,United States,0.0,7.26,925868
JFU,9F Inc. American Depositary Shares,Finance,Finance: Consumer Services,China,30258643.0,2.5701,2678
JG,Aurora Mobile Limited American Depositary Shares,Technology,Computer Software: Programming Data Processing,China,40538764.0,6.8,2171
JGH,Nuveen Global High Income Fund Common Shares of Beneficial Interest,Finance,Investment Managers,United States,0.0,11.53,103320
JHI,John Hancock Investors Trust Common Stock,Finance,Trusts Except Educational Religious and Charitable,United States,105983910.0,12.12,17600
JHS,John Hancock Income Securities Trust Common Stock,Finance,Finance Companies,United States,121357416.0,10.42,18866
JHX,James Hardie Industries plc. Ordinary Shares,Industrials,Building Materials,Ireland,14739465970.0,25.39,14985904
JILL,J. Jill Inc. Common Stock,Consumer Discretionary,Apparel,United States,359981303.0,24.22,211718
JJSF,J & J Snack Foods Corp. Common Stock,Consumer Staples,Specialty Foods,United States,1452495022.0,77.75,202831
JKHY,Jack Henry & Associates Inc. Common Stock,Technology,EDP Services,United States,10364045715.0,147.82,912462
JKS,JinkoSolar Holding Company Limited American Depositary Shares (each representing 4 Common Shares),Technology,Semiconductors,China,481805730.0,9.2,800320
JL,J-Long Group Limited Class A Ordinary Shares,Consumer Discretionary,Clothing/Shoe/Accessory Stores,Hong Kong,16613837.0,4.66,1679
JLHL,Julong Holding Limited Class A Ordinary Shares,Consumer Discretionary,Military/Government/Technical,China,126975901.0,5.92,41550
JLL,Jones Lang LaSalle Incorporated Common Stock,Finance,Real Estate,United States,14394173380.0,314.1,443799
JLS,Nuveen Mortgage and Income Fund,Finance,Investment Managers,United States,0.0,16.13,43301
JMIA,Jumia Technologies AG American Depositary Shares each representing two Ordinary Shares,Consumer Discretionary,Catalog/Specialty Distribution,,895293135.0,6.7,971675
JMKE,Jersey Mike's Subs Inc. Class A Common Stock,Consumer Discretionary,Restaurants,,5295040463.0,16.67,3288847
JMM,Nuveen Multi-Market Income Fund (MA),Finance,Trusts Except Educational Religious and Charitable,United States,0.0,5.48,19367
JMSB,John Marshall Bancorp Inc. Common Stock,Finance,Major Banks,United States,325990295.0,23.1,56779
JNJ,Johnson & Johnson Common Stock,Health Care,Biotechnology: Pharmaceutical Preparations,United States,655371923454.0,271.95,7188879
JOB,GEE Group Inc. Common Stock,Consumer Discretionary,Diversified Commercial Services,United States,25160387.0,0.229,83271
JOBY,Joby Aviation Inc. Common Stock,Industrials,Aerospace,United States,6072572859.0,6.11,22605913
JOE,St. Joe Company (The) Common Stock,Real Estate,Homebuilding,United States,3756840461.0,65.99,191423
JOF,Japan Smaller Capitalization Fund Inc Common Stock,Finance,Trusts Except Educational Religious and Charitable,United States,0.0,12.65,33112
JONE,Jones Ventures INTL Acquisition1 Corp Class A Ordinary Shares,Finance,Blank Checks,United States,0.0,9.82,1130
JONER,Jones Ventures INTL Acquisition1 Corp Rights,Finance,Blank Checks,United States,0.0,0.15,1535
JONEU,Jones Ventures INTL Acquisition1 Corp Units,Other,,United States,0.0,9.99,128
JOUT,Johnson Outdoors Inc. Class A Common Stock,Consumer Discretionary,Recreational Games/Products/Toys,United States,463620601.0,44.24,48324
JOYY,JOYY Inc. American Depositary Shares,Technology,EDP Services,Singapore,4168275335.0,80.59,228463
JPC,Nuveen Preferred & Income Opportunities Fund,Finance,Investment Managers,United States,0.0,6.76,2201613
JPM,JP Morgan Chase & Co. Common Stock,Finance,Major Banks,United States,894718891375.0,336.59,10483765
JPM^C,J P Morgan Chase & Co Depositary Shares each representing a 1/400th interest in a share of 6.00% Non-Cumulative  Preferred Stock Series EE,Other,,United States,,22.88,534680
JPM^D,J P Morgan Chase & Co Depositary Shares each representing a 1/400th  interest in a share of 5.75% Non-Cumulative  Preferred Stock Series DD,Other,,United States,,21.68,244778
JPM^J,J P Morgan Chase & Co Depositary Shares each representing a 1/400th interest in a share of JPMorgan Chase & Co. 4.75% Non-Cumulative Preferred Stock Series GG,Other,,United States,,17.6,224790
JPM^K,J P Morgan Chase & Co Depositary Shares each representing a 1/400th interest in a share of 4.55% Non-Cumulative Preferred Stock Series JJ,Other,,United States,,16.91,251991
JPM^L,J P Morgan Chase & Co Depositary Shares each representing a 1/400th interest in a share of 4.625% Non-Cumulative Preferred Stock Series LL,Other,,United States,,17.2,234199
JPM^M,J P Morgan Chase & Co Depositary Shares each representing a 1/400th interest in a share of 4.20% Non-Cumulative Preferred Stock Series MM,Other,,United States,,15.97,404303
JQC,Nuveen Credit Strategies Income Fund Shares of Beneficial Interest,Finance,Finance Companies,United States,0.0,4.69,1058565
JRI,Nuveen Real Asset Income and Growth Fund Common Shares of Beneficial Interest,Finance,Finance Companies,United States,0.0,10.77,327388
JRS,Nuveen Real Estate Income Fund Common Shares of Beneficial Interest,Finance,Finance/Investors Services,United States,0.0,7.29,102576
JRSH,Jerash Holdings (US) Inc. Common Stock,Consumer Discretionary,Apparel,United States,74929646.0,5.9,139065
JRVR,James River Group Holdings Inc. Common Stock,Finance,Property-Casualty Insurers,Bermuda,159096691.0,3.44,337144
JSM,Navient Corporation 6% Senior Notes due December 15 2043,Finance,Investment Bankers/Brokers/Service,United States,1699276439.0,17.09,22798
JSPR,Jasper Therapeutics Inc. Common Stock,Health Care,Biotechnology: Biological Products (No Diagnostic Substances),United States,20829875.0,0.626,251130
JTAI,Jet.AI Inc. Common Stock,Consumer Discretionary,Transportation Services,United States,5692034.0,1.6,94437
JTTT,JATT III Acquisition Corp Ordinary Shares,Finance,Blank Checks,United States,0.0,10.88,728
JUNS,Jupiter Neurosciences Inc. Common Stock,Health Care,Biotechnology: Pharmaceutical Preparations,United States,3309488.0,2.51,53056
JVA,Coffee Holding Co. Inc. Common Stock,Consumer Staples,Packaged Foods,United States,22377708.0,3.92,81150
JWEL,Jowell Global Ltd. Ordinary Shares,Consumer Discretionary,Other Consumer Services,China,6059134.0,2.55,13851
JXG,JX Luxventure Group Inc. Common Stock,Industrials,Office Equipment/Supplies/Services,China,83213151.0,6.9,9275
JXN,Jackson Financial Inc. Class A Common Stock,Finance,Life Insurance,United States,8927325747.0,131.81,946678
JXN^A,Jackson Financial Inc. Depositary Shares each representing a 1/1000th interest in a share of Fixed-Rate Reset Noncumulative Perpetual Preferred Stock Series A,Other,,United States,,25.45,21245
JYD,Jayud Global Logistics Limited Class A Ordinary Shares,Industrials,Integrated Freight & Logistics,China,7718807.0,0.9301,6519
JYNT,The Joint Corp. Common Stock,Miscellaneous,Multi-Sector Companies,United States,114559547.0,8.1,56409
JZ,Jianzhi Education Technology Group Company Limited American Depositary Shs,Real Estate,Other Consumer Services,China,1036538.0,0.4304,394536
JZXN,Jiuzi Holdings Inc. Ordinary Shares,Consumer Discretionary,Retail-Auto Dealers and Gas Stations,China,58724545.0,1.14,80487
KAI,Kadant Inc Common Stock,Industrials,Industrial Machinery/Components,United States,3186572131.0,269.84,264702
KALA,KALA BIO Inc. Common Stock,Health Care,Biotechnology: Pharmaceutical Preparations,United States,8706772.0,0.4502,576748
KALU,Kaiser Aluminum Corporation Common Stock,Industrials,Metal Fabrications,United States,2478031874.0,151.57,185379
KAPA,Kairos Pharma Ltd. Common Stock,Health Care,Biotechnology: Pharmaceutical Preparations,,5687443.0,1.68,53518
KARD,Kardigan Inc. Common Stock,Health Care,Biotechnology: Pharmaceutical Preparations,United States,1381984671.0,14.78,364868
KARO,Karooooo Ltd. Ordinary Shares,Technology,Computer Software: Prepackaged Software,Singapore,1879548372.0,60.84,86242
KAZR,Skyline Builders Group Holding Limited Class A Ordinary Shares,Consumer Discretionary,Engineering & Construction,Hong Kong,51673231.0,2.88,217096
KB,KB Financial Group Inc,Finance,Commercial Banks,South Korea,45601600607.0,127.17,125428
KBDC,Kayne Anderson BDC Inc. Common Stock,Other,,United States,860472664.0,13.03,553032
KBH,KB Home Common Stock,Consumer Discretionary,Homebuilding,United States,2935509777.0,47.88,1474147
KBON,Karbon Capital Partners Corp. Class A Ordinary Shares,Finance,Blank Checks,United States,0.0,10.07,1539
KBONU,Karbon Capital Partners Corp. Units,Finance,Blank Checks,United States,0.0,10.3,1
KBONW,Karbon Capital Partners Corp. Warrant,Finance,Blank Checks,United States,0.0,0.62,8875
KBR,KBR Inc. Common Stock,Industrials,Military/Government/Technical,United States,4392200584.0,34.84,1968287
KBSX,FST Corp. Ordinary Shares,Consumer Discretionary,Recreational Games/Products/Toys,Taiwan,70730285.0,1.58,31924
KC,Kingsoft Cloud Holdings Limited American Depositary Shares,Technology,Computer Software: Prepackaged Software,China,2739232426.0,9.15,2701767
KCHV,Kochav Defense Acquisition Corp. Class A Ordinary Shares,Other,,United States,0.0,10.45,15
KCHVR,Kochav Defense Acquisition Corp. Right,Finance,Blank Checks,United States,0.0,0.1,660
KCHVU,Kochav Defense Acquisition Corp. Units,Other,,United States,0.0,10.52,5
KD,Kyndryl Holdings Inc. Common Stock,Technology,EDP Services,United States,2446099093.0,11.23,3964467
KDK,Kodiak AI Inc. Common Stock,Technology,EDP Services,United States,455403246.0,2.27,5885043
KDKRW,Kodiak AI Inc. Warrants,Technology,EDP Services,United States,66444738.0,0.3312,50006
KDP,Keurig Dr Pepper Inc. Common Stock,Consumer Staples,Beverages (Production/Distribution),United States,42811587155.0,31.46,9923511
KE,Kimball Electronics Inc. Common Stock,Technology,Electrical Products,United States,660499622.0,27.53,191678
KEEL,Keel Infrastructure Corp. Common Stock,Finance,Finance: Consumer Services,Canada,2223263563.0,3.6,20277162
KELYA,Kelly Services Inc. Class A Common Stock,Consumer Discretionary,Professional Services,United States,574466337.0,16.54,230478
KELYB,Kelly Services Inc. Class B Common Stock,Consumer Discretionary,Professional Services,United States,784594592.0,22.59,13256
KEN,Kenon Holdings Ltd. Ordinary Shares,Utilities,Electric Utilities: Central,Singapore,3340148248.0,64.1,12568
KEP,Korea Electric Power Corporation Common Stock,Utilities,Electric Utilities: Central,South Korea,14213084665.0,11.07,777696
KEQU,Kewaunee Scientific Corporation Common Stock,Industrials,Medical Specialities,United States,98499705.0,34.02,1267
KEX,Kirby Corporation Common Stock,Consumer Discretionary,Marine Transportation,United States,6947952000.0,131.59,506192
KEY,KeyCorp Common Stock,Finance,Major Banks,United States,21769422502.0,20.4,18480471
KEY^I,KeyCorp Depositary Shares Each Representing a 1/40th Ownership Interest in a Share of Fixed-to-Floating Rate Perpetual Non-Cumulative Preferred Stock Series E,Other,,United States,,24.98,57281
KEY^J,KeyCorp Depositary Shares each representing a 1/40th ownership interest in a share of Fixed Rate Perpetual Non-Cumulative Preferred Stock Series F,Other,,United States,,19.59,43325
KEY^K,KeyCorp Depositary Shares each representing a 1/40th ownership interest in a share of Fixed Rate Perpetual Non-Cumulative Preferred Stock Series G,Other,,United States,,19.565,28565
KEY^L,KeyCorp Depositary Shares each representing a 1/40th ownership interest in a share of Fixed Rate Perpetual Non-Cumulative Preferred Stock Series H,Other,,United States,,24.75,46972
KEYS,Keysight Technologies Inc. Common Stock,Industrials,Industrial Machinery/Components,United States,61243844566.0,359.74,862562
KEYY,Keystone Acquisition Corp. Class A Ordinary Shares,Finance,Blank Checks,United States,0.0,9.915,1893
KEYYW,Keystone Acquisition Corp. Warrants,Finance,Blank Checks,United States,0.0,0.37,1100
KF,Korea Fund Inc. (The) New Common Stock,Finance,Investment Managers,United States,0.0,65.82,28747
KFFB,Kentucky First Federal Bancorp Common Stock,Finance,Savings Institutions,United States,45582386.0,5.6367,5288
KFII,K&F Growth Acquisition Corp. II Class A Ordinary shares,Finance,Blank Checks,United States,0.0,10.67,9
KFIIR,K&F Growth Acquisition Corp. II Rights,Other,,United States,0.0,0.1,186
KFRC,Kforce Inc. Common Stock,Consumer Discretionary,Professional Services,United States,918373520.0,51.28,150871
KFY,Korn Ferry Common Stock,Consumer Discretionary,Diversified Commercial Services,United States,3890591665.0,71.31,563955
KG,Kestrel Group Ltd.,Finance,Property-Casualty Insurers,Bermuda,40137274.0,5.13,24451
KGC,Kinross Gold Corporation Common Stock,Basic Materials,Precious Metals,Canada,28789751000.0,24.11,10023171
KGEI,Kolibri Global Energy Inc. Common stock,Energy,Oil & Gas Production,United States,231168113.0,6.43,240695
KGS,Kodiak Gas Services Inc. Common Stock,Utilities,Natural Gas Distribution,United States,5330204514.0,52.72,2096307
KHC,The Kraft Heinz Company Common Stock,Consumer Staples,Packaged Foods,United States,27938007738.0,23.56,9708414
KIDS,OrthoPediatrics Corp. Common Stock,Health Care,Medical/Dental Instruments,United States,589559013.0,22.58,157950
KIDZ,KIDZ AI Inc. Class B Common Stock,Real Estate,Other Consumer Services,United States,2211940.0,2.57,73221
KIDZW,KIDZ AI Inc. Warrants,Real Estate,Other Consumer Services,United States,7832.0,0.0091,10062
KIM,Kimco Realty Corporation (HC) Common Stock,Real Estate,Real Estate Investment Trusts,United States,15086052999.0,22.49,5311279
KIM^L,Kimco Realty Corporation Class L Depositary Shares each of which represents a one-one thousandth fractional interest in a share of 5.125% Class L Cumulative Redeemable Preferred Stock liquidation preference $25000.00 per share,Other,,United States,,19.73,24241
KIM^M,Kimco Realty Corporation Class M Depositary Shares each of which represents a one-one thousandth fractional interest in a share of 5.25% Class M Cumulative Redeemable Preferred Stock liquidation preference $25000.00 per share,Other,,United States,,19.9,8611
KIM^N,Kimco Realty Corporation Depositary Shares each representing 1/1000th interest in a share of 7.25% Class N Cumulative Convertible Perpetual Preferred Stock,Other,,United States,,61.08,110
KINS,Kingstone Companies Inc. Common Stock,Finance,Property-Casualty Insurers,United States,260280871.0,17.98,86522
KIO,KKR Income Opportunities Fund Common Shares,Finance,Investment Managers,United States,0.0,10.22,316644
KITT,Nauticus Robotics Inc. Common stock,Industrials,Industrial Machinery/Components,United States,2254042.0,1.81,924345
KITTW,Nauticus Robotics Inc. Warrant,Industrials,Industrial Machinery/Components,United States,15567.0,0.0125,11506
KKR,KKR & Co. Inc. Common Stock,Finance,Investment Managers,United States,83695543437.0,93.24,6005333
KKR^D,KKR & Co. Inc. 6.25% Series D Mandatory Convertible Preferred Stock,Other,,United States,,41.54,56864
KKRS,KKR Group Finance Co. IX LLC 4.625% Subordinated Notes due 2061,Finance,Investment Managers,United States,13760753763.0,15.33,21807
KKRT,KKR & Co. Inc. 6.875% Subordinated Notes due 2065,Finance,Investment Managers,United States,0.0,22.79,78467
KLAC,KLA Corporation Common Stock,Technology,Electronic Components,United States,246868078092.0,189.17,8707239
KLAR,Klarna Group plc Ordinary Shares,Finance,Finance: Consumer Services,,8757048233.0,12.41,4499690
KLC,KinderCare Learning Companies Inc. Common Stock,Consumer Discretionary,Other Consumer Services,United States,238219236.0,2.01,586177
KLIC,Kulicke and Soffa Industries Inc. Common Stock,Technology,Semiconductors,Singapore,4797533263.0,91.68,682009
KLRA,Kailera Therapeutics Inc. Common Stock,Health Care,Biotechnology: Pharmaceutical Preparations,United States,1441637677.0,11.12,1433511
KLRS,Kalaris Therapeutics Inc. Common Stock,Health Care,Biotechnology: Biological Products (No Diagnostic Substances),United States,67725171.0,2.845,92783
KLTR,Kaltura Inc. Common Stock,Technology,Computer Software: Prepackaged Software,United States,198316590.0,1.3,152711
KLXE,KLX Energy Services Holdings Inc. Common Stock,Energy,Oilfield Services/Equipment,United States,32335050.0,1.52,888474
KMB,Kimberly-Clark Corporation Common Stock,Consumer Discretionary,Containers/Packaging,United States,32848831583.0,98.77,3335494
KMDA,Kamada Ltd. Ordinary Shares,Health Care,Biotechnology: Pharmaceutical Preparations,Israel,497462829.0,8.62,147963
KMI,Kinder Morgan Inc. Common Stock,Utilities,Natural Gas Distribution,United States,68206947986.0,30.63,10418895
KMPB,Kemper Corporation 5.875% Fixed-Rate Reset Junior Subordinated Debentures due 2062,Finance,Property-Casualty Insurers,United States,1457169598.0,24.73,12835
KMPR,Kemper Corporation,Finance,Property-Casualty Insurers,United States,1492523491.0,25.33,726649
KMRK,K-Tech Solutions Company Limited Class A Ordinary Shares,Consumer Discretionary,Recreational Games/Products/Toys,Hong Kong,19644100.0,0.931,3656
KMT,Kennametal Inc. Common Stock,Industrials,Industrial Machinery/Components,United States,2429202986.0,31.8,1496627
KMTS,Kestra Medical Technologies Ltd. Common Stock,Health Care,Medical/Dental Instruments,United States,1675473293.0,28.13,292957
KMX,CarMax Inc,Consumer Discretionary,Retail-Auto Dealers and Gas Stations,United States,8025072479.0,56.55,6373820
KN,Knowles Corporation Common Stock,Consumer Staples,Consumer Electronics/Appliances,United States,3180680540.0,37.24,543017
KNDI,Kandi Technologies Group Inc. Ordinary Shares,Industrials,Auto Manufacturing,China,82340599.0,0.82,88485978
KNF,Knife Riv Holding Co. Common Stock,Industrials,Mining & Quarrying of Nonmetallic Minerals (No Fuels),United States,3029463725.0,53.37,1313335
KNOP,KNOT Offshore Partners LP Common Units representing Limited Partner Interests,Consumer Discretionary,Marine Transportation,United Kingdom,353096988.0,10.49,47085
KNRX,KNOREX LTD. Class A Ordinary Shares,Technology,Computer Software: Programming Data Processing,,37420429.0,1.23,291221822
KNSA,Kiniksa Pharmaceuticals International plc Class A Ordinary Shares,Health Care,Biotechnology: Pharmaceutical Preparations,United States,5937627389.0,76.1,734190
KNSL,Kinsale Capital Group Inc. Common Stock,Finance,Property-Casualty Insurers,United States,7401165851.0,324.92,267985
KNTK,Kinetik Holdings Inc. Class A Common Stock,Utilities,Natural Gas Distribution,United States,8315435196.0,51.21,1063126
KNX,Knight-Swift Transportation Holdings Inc.,Industrials,Trucking Freight/Courier Services,United States,10343143800.0,63.55,3517123
KO,Coca-Cola Company (The) Common Stock,Consumer Staples,Beverages (Production/Distribution),United States,375096243005.0,87.18,14497606
KOD,Kodiak Sciences Inc Common Stock,Health Care,Biotechnology: Biological Products (No Diagnostic Substances),United States,5651423173.0,89.92,38552007
KODK,Eastman Kodak Company Common New,Consumer Discretionary,Industrial Machinery/Components,United States,938861000.0,9.59,718728
KOF,Coca Cola Femsa S.A.B. de C.V.  American Depositary Shares each representing 10 Units (each Unit consists of 3 Series B Shares and 5 Series L Shares),Consumer Staples,Beverages (Production/Distribution),Mexico,5712688177.0,108.77,77328
KOP,Koppers Holdings Inc. Common Stock,Basic Materials,Forest Products,United States,873147095.0,46.17,102974
KOPN,Kopin Corporation Common Stock,Technology,Semiconductors,United States,882894917.0,4.75,2713837
KOS,Kosmos Energy Ltd. Common Shares (DE),Energy,Oil & Gas Production,Bermuda,1536358140.0,2.58,17888081
KOSS,Koss Corporation Common Stock,Consumer Staples,Consumer Electronics/Appliances,United States,38623067.0,4.08,100376
KOYN,CSLM Digital Asset Acquisition Corp III Class A Ordinary Shares,Other,,United States,0.0,10.245,73613
KOYNU,CSLM Digital Asset Acquisition Corp III Units,Other,,United States,0.0,10.33,1404
KOYNW,CSLM Digital Asset Acquisition Corp III Warrants,Other,,United States,0.0,0.18,1019
KPET,KPET Ultra Paceline Corporation Class A Ordinary Shares,Other,,,0.0,9.99,6
KPLT,Katapult Holdings Inc. Common Stock,Consumer Discretionary,Diversified Commercial Services,United States,392002634.0,4.62,385057
KPRX,Kiora Pharmaceuticals Inc.  Common Stock,Health Care,Biotechnology: Pharmaceutical Preparations,United States,11813113.0,2.67,6678
KPTI,Karyopharm Therapeutics Inc. Common Stock,Health Care,Biotechnology: Pharmaceutical Preparations,United States,36743965.0,1.62,331086
KR,Kroger Company (The) Common Stock,Consumer Staples,Food Chains,United States,35252239503.0,59.69,12358313
KRAQ,KRAKacquisition Corp Class A Ordinary Shares,Other,,United States,0.0,10.01,8678
KRAQW,KRAKacquisition Corp Warrants,Other,,United States,0.0,0.41,982
KRC,Kilroy Realty Corporation Common Stock,Real Estate,Real Estate Investment Trusts,United States,3945200873.0,33.92,1489095
KREF,KKR Real Estate Finance Trust Inc. Common Stock,Real Estate,Real Estate Investment Trusts,United States,366697954.0,6.26,827872
KREF^A,KKR Real Estate Finance Trust Inc. 6.50% Series A Cumulative Redeemable Preferred Stock,Other,,United States,,18.39,47958
KRG,Kite Realty Group Trust Common Stock,Real Estate,Real Estate Investment Trusts,United States,4968603938.0,24.8,1339597
KRKR,36Kr Holdings Inc. American Depositary Shares,Consumer Discretionary,Business Services,China,6039661.0,3.0599,354
KRMD,KORU Medical Systems Inc. Common Stock (DE),Health Care,Medical/Dental Instruments,United States,141286020.0,3.06,226937
KRMN,Karman Holdings Inc. Common Stock,Industrials,Military/Government/Technical,United States,4463735285.0,33.68,3687205
KRNT,Kornit Digital Ltd. Ordinary Shares,Industrials,Industrial Machinery/Components,Israel,687464544.0,16.0,260674
KRNY,Kearny Financial Corp Common Stock,Finance,Savings Institutions,United States,595402433.0,9.17,438120
KRO,Kronos Worldwide Inc Common Stock,Basic Materials,Major Chemicals,United States,935742805.0,8.13,322197
KROS,Keros Therapeutics Inc. Common Stock,Health Care,Biotechnology: Pharmaceutical Preparations,United States,223650681.0,11.28,208651
KRP,Kimbell Royalty Partners Common Units Representing Limited Partner Interests,Energy,Oil & Gas Production,United States,1658613911.0,14.46,659057
KRRO,Korro Bio Inc. Common Stock,Health Care,Biotechnology: Pharmaceutical Preparations,United States,140040893.0,9.51,132453
KRSA,Korsana Biosciences Inc. Common Stock,Health Care,Biotechnology: Pharmaceutical Preparations,United States,1404042133.0,30.83,51598
KRSP,Rice Acquisition Corporation 3 Class A Ordinary Shares,Other,,,0.0,10.8,25010
KRT,Karat Packaging Inc. Common Stock,Industrials,Plastic Products,United States,1061164826.0,53.24,134557
KRUS,Kura Sushi USA Inc. Class A Common Stock,Consumer Discretionary,Restaurants,United States,471656634.0,38.82,218009
KRYS,Krystal Biotech Inc. Common Stock,Health Care,Biotechnology: Biological Products (No Diagnostic Substances),United States,9977175639.0,337.08,299066
KSCP,Knightscope Inc. Class A Common Stock,Telecommunications,Telecommunications Equipment,United States,19341073.0,0.8189,788515
KSPI,Joint Stock Company Kaspi.kz American Depository Shares,Other,,Kazakhstan,18141932616.0,95.82,338639
KSS,Kohl's Corporation Common Stock,Consumer Discretionary,Department/Specialty Retail Stores,United States,2061183770.0,18.18,4533535
KT,KT Corporation Common Stock,Telecommunications,Telecommunications Equipment,South Korea,9238762814.0,19.16,835134
KTB,Kontoor Brands Inc. Common Stock,Industrials,Garments and Clothing,United States,3548659547.0,64.93,434900
KTCC,Key Tronic Corporation Common Stock,Technology,Electrical Products,United States,23238363.0,2.1,14742
KTF,DWS Municipal Income Trust,Finance,Finance Companies,United States,318377560.0,8.06,220043
KTH,Structures Products Cp 8% CorTS Issued by Peco Energy Cap Tr II Preferred Stock,Finance,Finance: Consumer Services,United States,0.0,28.4,551
KTN,Structured Products Corp 8.205% CorTS 8.205% Corporate Backed Trust Securities (CorTS),Finance,Finance: Consumer Services,United States,0.0,25.62,738
KTOS,Kratos Defense & Security Solutions Inc. Common Stock,Industrials,Military/Government/Technical,United States,8272878881.0,44.07,4558267
KTTA,Pasithea Therapeutics Corp. Common Stock,Health Care,Biotechnology: Pharmaceutical Preparations,United States,16038935.0,0.48,151165
KTWO,K2 Capital Acquisition Corporation Class A Ordinary Share,Health Care,Medical/Dental Instruments,Cayman Islands,202014893.0,10.08,8
KTWOR,K2 Capital Acquisition Corporation Rights,Other,,Cayman Islands,3908026.0,0.195,2079
KULR,KULR Technology Group Inc. Common Stock,Technology,Electrical Products,United States,113386789.0,2.45,493197
KURA,Kura Oncology Inc. Common Stock,Health Care,Biotechnology: Pharmaceutical Preparations,United States,943872168.0,10.61,1646336
KUST,Kustom Entertainment Inc. Common Stock,Technology,Radio And Television Broadcasting And Communications Equipment,United States,4077849.0,0.6267,105276
KVHI,KVH Industries Inc. Common Stock,Consumer Discretionary,Telecommunications Equipment,United States,132973251.0,7.33,65897
KVUE,Kenvue Inc. Common Stock,Consumer Discretionary,Package Goods/Cosmetics,United States,34343429590.0,17.88,16029698
KVYO,Klaviyo Inc. Series A Common Stock,Technology,Computer Software: Prepackaged Software,United States,4384802530.0,15.4,8985196
KWR,Quaker Houghton Common Stock,Industrials,Major Chemicals,United States,2759771247.0,160.38,104296
KWY,Kingsway Corporation Common Stock,Finance,Property-Casualty Insurers,Canada,266165200.0,9.2,46032
KXIN,Kaixin Holdings Ordinary Shares,Consumer Discretionary,Retail-Auto Dealers and Gas Stations,China,52844727.0,1.32,106175
KYIV,Kyivstar Group Ltd. Common Shares,Telecommunications,Telecommunications Equipment,United Arab Emirates,2958579842.0,12.76,596637
KYIVW,Kyivstar Group Ltd. Warrant,Telecommunications,Telecommunications Equipment,United Arab Emirates,1045704944.0,4.51,170
KYMR,Kymera Therapeutics Inc. Common Stock,Health Care,Biotechnology: Biological Products (No Diagnostic Substances),United States,9312869216.0,112.0,723691
KYN,Kayne Anderson Energy Infrastructure Fund Inc.,Finance,Finance/Investors Services,United States,1875892483.0,13.78,343041
KYNB,Kyntra Bio Inc. Common Stock,Health Care,Biotechnology: Pharmaceutical Preparations,United States,27938956.0,6.9,12232
KYTX,Kyverna Therapeutics Inc. Common Stock,Health Care,Biotechnology: Biological Products (No Diagnostic Substances),United States,421772288.0,6.82,997839
KZIA,Kazia Therapeutics Limited American Depositary Shares,Health Care,Biotechnology: Pharmaceutical Preparations,Australia,149269229.0,9.6,285504
L,Loews Corporation Common Stock,Finance,Property-Casualty Insurers,United States,21454689214.0,104.95,859711
LAB,Standard BioTools Inc. Common Stock,Industrials,Biotechnology: Laboratory Analytical Instruments,United States,285522567.0,0.7273,478996
LABT,Lakewood-Amedex Biotherapeutics Inc. Common Stock,Health Care,Biotechnology: Pharmaceutical Preparations,United States,2725141.0,1.15,35362860
LAC,Lithium Americas Corp. Common Shares,Basic Materials,Metal Mining,Canada,972955087.0,2.68,8652886
LAD,Lithia Motors Inc. Common Stock,Consumer Discretionary,Retail-Auto Dealers and Gas Stations,United States,6662422966.0,303.07,199568
LADR,Ladder Capital Corp Class A Common Stock,Real Estate,Real Estate Investment Trusts,United States,1140519074.0,8.99,1610310
LAES,SEALSQ Corp Ordinary Shares,Technology,Semiconductors,Switzerland,507924718.0,2.28,3689520
LAFA,LaFayette Acquisition Corp. Ordinary Share,Other,,France,0.0,10.2,136027
LAFAR,LaFayette Acquisition Corp. Rights,Other,,France,0.0,0.0702,12000
LAFAU,LaFayette Acquisition Corp. Unit,Other,,France,0.0,10.22,41
LAKE,Lakeland Industries Inc. Common Stock,Health Care,Industrial Specialties,United States,101994923.0,10.27,75086
LAMR,Lamar Advertising Company Class A Common Stock,Real Estate,Real Estate Investment Trusts,United States,14727750671.0,145.03,581530
LAND,Gladstone Land Corporation Common Stock,Real Estate,Real Estate Investment Trusts,United States,404189689.0,9.37,580563
LANDO,Gladstone Land Corporation 6.00% Series B Cumulative Redeemable Preferred Stock,Real Estate,Real Estate Investment Trusts,United States,855398243.0,19.83,27495
LANDP,Gladstone Land Corporation 6.00% Series C Cumulative Redeemable Preferred Stock,Real Estate,Real Estate Investment Trusts,United States,852702207.0,19.7675,18240
LANV,Lanvin Group Holdings Limited Ordinary Shares,Consumer Discretionary,Apparel,Cayman Islands,136271567.0,1.085,15000
LAR,Lithium Argentina AG Common Shares,Basic Materials,Metal Mining,Canada,887781000.0,5.41,1233614
LARK,Landmark Bancorp Inc. Common Stock,Finance,Major Banks,United States,194912061.0,31.95,8453
LASE,Laser Photonics Corporation Common Stock,Miscellaneous,Industrial Machinery/Components,United States,52650054.0,0.8677,809787
LASR,nLIGHT Inc. Common Stock,Technology,Semiconductors,United States,2281647291.0,39.55,562445
LATA,Galata Acquisition Corp. II Class A Ordinary Shares,Finance,Blank Checks,United States,0.0,10.19,4821
LATAU,Galata Acquisition Corp. II Units,Other,,United States,0.0,10.3,6
LATAW,Galata Acquisition Corp. II Warrant,Finance,Blank Checks,United States,0.0,0.215,6
LAUR,Laureate Education Inc. Common Stock,Real Estate,Other Consumer Services,United States,5182130923.0,37.62,999607
LAW,CS Disco Inc. Common Stock,Technology,Computer Software: Prepackaged Software,United States,270066222.0,4.16,199441
LAZ,Lazard Inc. Common Stock,Finance,Investment Managers,Bermuda,3487755972.0,35.79,1904702
LB,LandBridge Company LLC Class A Shares Representing Limited Liability Company Interests,Energy,Oil & Gas Production,,6222334457.0,80.72,201057
LBGJ,Li Bang International Corporation Class A Ordinary Shares,Industrials,Industrial Machinery/Components,China,1420852.0,2.0,71376
LBRT,Liberty Energy Inc. Class A common stock,Energy,Oilfield Services/Equipment,United States,3092477333.0,18.95,4189140
LBRX,LB Pharmaceuticals Inc Common Stock,Health Care,Biotechnology: Pharmaceutical Preparations,United States,1222300141.0,37.89,534598
LBTYA,Liberty Global Ltd. Class A Common Shares,Telecommunications,Cable & Other Pay Television Services,United Kingdom,3216455747.0,9.43,4589939
LBTYB,Liberty Global Ltd. Class B Common Shares,Telecommunications,Cable & Other Pay Television Services,United Kingdom,4110105170.0,12.05,126888
LBTYK,Liberty Global Ltd. Class C Common Shares,Telecommunications,Cable & Other Pay Television Services,United Kingdom,3114129478.0,9.13,2185674
LCCC,Lakeshore Acquisition III Corp. Ordinary Shares,Finance,Blank Checks,United States,0.0,10.52,37
LCFY,Locafy Limited Ordinary Share,Technology,Computer Software: Programming Data Processing,Australia,4427876.0,2.42,2429
LCID,Lucid Group Inc. Common Stock,Industrials,Auto Manufacturing,United States,1536873686.0,3.9,10228138
LCII,LCI Industries,Consumer Discretionary,Auto Parts:O.E.M.,United States,2079120079.0,85.52,332272
LCLN,Lincoln International Inc. Class A Common Stock,Finance,Investment Managers,,2383386247.0,23.0,544936
LCNB,LCNB Corporation Common Stock,Finance,Major Banks,United States,268278874.0,18.82,25030
LCTX,Lineage Cell Therapeutics Inc. Common Stock,Health Care,Biotechnology: Biological Products (No Diagnostic Substances),United States,245573148.0,0.971,1574188
LCUT,Lifetime Brands Inc. Common Stock,Consumer Discretionary,Industrial Machinery/Components,United States,211957068.0,9.22,170902
LDI,loanDepot Inc. Class A Common Stock,Finance,Finance: Consumer Services,United States,206207082.0,0.6098,3157930
LDOS,Leidos Holdings Inc. Common Stock,Technology,EDP Services,United States,15353971771.0,122.35,962546
LDP,Cohen & Steers Limited Duration Preferred and Income Fund Inc.,Finance,Finance Companies,United States,0.0,18.92,149996
LE,Lands' End Inc. Common Stock,Consumer Discretionary,Clothing/Shoe/Accessory Stores,United States,307850085.0,10.42,132330
LEA,Lear Corporation Common Stock,Consumer Discretionary,Auto Parts:O.E.M.,United States,5930809623.0,120.24,789171
LECO,Lincoln Electric Holdings Inc. Common Shares,Industrials,Industrial Machinery/Components,United States,14780871183.0,271.18,343767
LEDRU,Leader's Advantage Acquisition Corp. Units,Finance,Blank Checks,United States,0.0,9.97,1049
LEDS,SemiLEDS Corporation Common Stock,Technology,Semiconductors,Taiwan,18697891.0,2.26,14035
LEE,Lee Enterprises Incorporated Common Stock,Consumer Discretionary,Newspapers/Magazines,United States,151585899.0,6.8,25274
LEGH,Legacy Housing Corporation Common Stock (TX),Consumer Discretionary,Homebuilding,United States,692562067.0,29.12,92085
LEGN,Legend Biotech Corporation American Depositary Shares,Health Care,Biotechnology: Pharmaceutical Preparations,United States,3621374250.0,18.62,1715006
LEGO,Legato Merger Corp. IV Ordinary Shares,Industrials,Military/Government/Technical,,303070360.0,10.0,43
LEN,Lennar Corporation Class A Common Stock,Consumer Discretionary,Homebuilding,United States,19760628498.0,82.03,6782670
LENZ,LENZ Therapeutics Inc. Common Stock,Health Care,Biotechnology: Biological Products (No Diagnostic Substances),United States,124424558.0,3.96,712717
LEO,BNY Mellon Strategic Municipals Inc. Common Stock,Finance,Trusts Except Educational Religious and Charitable,United States,344468423.0,5.53,267810
LESL,Leslie's Inc. Common Stock,Consumer Discretionary,Other Specialty Stores,United States,2240222.0,0.2392,1880717
LEU,Centrus Energy Corp. Class A Common Stock,Industrials,Mining & Quarrying of Nonmetallic Minerals (No Fuels),United States,2770048666.0,140.37,582912
LEVI,Levi Strauss & Co Class A Common Stock,Consumer Discretionary,Apparel,United States,7623889633.0,19.81,1896645
LEXX,Lexaria Bioscience Corp. Common Stock,Health Care,Biotechnology: Pharmaceutical Preparations,Canada,6793421.0,3.225,41928
LFAC,Leapfrog Acquisition Corporation Class A Ordinary Shares,Finance,Blank Checks,United States,0.0,10.09,614
LFCR,Lifecore Biomedical Inc. Common Stock,Health Care,Biotechnology: Pharmaceutical Preparations,United States,246801951.0,6.52,4010765
LFMD,LifeMD Inc. Common Stock,Health Care,Medical/Nursing Services,United States,141228452.0,2.93,602544
LFMDP,LifeMD Inc. 8.875% Series A Cumulative Perpetual Preferred Stock,Health Care,Medical/Nursing Services,United States,1115801176.0,23.149,48
LFS,LEIFRAS Co. Ltd. American Depositary Shares,Real Estate,Other Consumer Services,Japan,55983725.0,2.14,76116
LFST,LifeStance Health Group Inc. Common Stock,Health Care,Medical/Nursing Services,United States,4524705100.0,11.84,3043513
LFT,Lument Finance Trust Inc. Common Stock,Real Estate,Real Estate Investment Trusts,United States,29444719.0,5.61,67933
LFT^A,Lument Finance Trust Inc. 7.875% Series A Cumulative Redeemable Preferred Stock,Other,,United States,,16.48,2949
LFTO,Liftoff Mobile Inc. Common Stock,Technology,EDP Services,United States,2651731713.0,15.66,485393
LFUS,Littelfuse Inc. Common Stock,Energy,Electrical Products,United States,10901396200.0,429.21,191206
LFVN,Lifevantage Corporation Common Stock (Delaware),Health Care,Biotechnology: Pharmaceutical Preparations,United States,77928658.0,6.19,32267
LFWD,Lifeward Ltd. Ordinary Shares,Health Care,Industrial Specialties,Israel,19597551.0,6.92,5970
LGCL,Lucas GC Limited Class A Ordinary Shares,Technology,Computer Software: Programming Data Processing,China,989313.0,2.89,30283
LGCY,Legacy Education Inc. Common Stock,Real Estate,Other Consumer Services,,116216069.0,9.07,76787
LGHL,Lion Group Holding Ltd. American Depositary Share,Finance,Investment Bankers/Brokers/Service,China,266712.0,5.78,44484
LGI,Lazard Global Total Return and Income Fund Common Stock,Other,,United States,0.0,17.09,22498
LGIH,LGI Homes Inc. Common Stock,Consumer Discretionary,Homebuilding,United States,1139630293.0,49.02,252622
LGL,LGL Group Inc. (The) Common Stock,Technology,Industrial Machinery/Components,United States,84635491.0,6.7101,8766
LGN,Legence Corp. Class A Common stock,Consumer Discretionary,Engineering & Construction,United States,5772311387.0,53.41,914386
LGND,Ligand Pharmaceuticals Incorporated Common Stock,Health Care,Biotechnology: Pharmaceutical Preparations,United States,6261774787.0,314.1,241830
LGO,Largo Inc. Common Shares,Industrials,Mining & Quarrying of Nonmetallic Minerals (No Fuels),Canada,51886715.0,0.5031,2293281
LGPS,LogProstyle Inc. Common Shares,Consumer Discretionary,Homebuilding,,17542876.0,0.743,5092729
LGVN,Longeveron Inc. Class A Common Stock,Health Care,Biotechnology: Pharmaceutical Preparations,United States,8384963.0,2.63,102040
LH,Labcorp Holdings Inc. Common Stock,Health Care,Medical Specialities,United States,25106127000.0,309.57,782783
LHAI,Linkhome Holdings Inc. Common stock,Finance,Real Estate,United States,17025900.0,1.03,46276
LHSW,Lianhe Sowell International Group Ltd Class A Ordinary Shares,Technology,Computer Software: Prepackaged Software,China,7416193.0,0.68,513109
LHX,L3Harris Technologies Inc. Common Stock,Industrials,Industrial Machinery/Components,United States,44263214223.0,237.7,1997239
LI,Li Auto Inc. American Depositary Shares,Industrials,Auto Manufacturing,China,10646293519.0,11.71,3223794
LICN,Lichen International Limited Class A Ordinary Shares,Consumer Discretionary,Professional Services,China,16929930.0,1.03,3439
LIDR,AEye Inc. Class A Common Stock,Consumer Discretionary,Auto Parts:O.E.M.,United States,55306520.0,1.185,471707
LIEN,Chicago Atlantic BDC Inc. Common Stock,Finance,Finance: Consumer Services,United States,218393046.0,9.57,112887
LIF,Life360 Inc. Common Stock,Technology,EDP Services,United States,3257585153.0,39.98,378506
LIFE,Ethos Technologies Inc. Class A Common Stock,Finance,Specialty Insurers,United States,2183123705.0,34.24,1294284
LII,Lennox International Inc. Common Stock,Industrials,Industrial Machinery/Components,United States,12732498277.0,368.41,461935
LILA,Liberty Latin America Ltd. Class A Common Stock,Telecommunications,Cable & Other Pay Television Services,United States,1663191000.0,8.49,419216
LILAK,Liberty Latin America Ltd. Class C Common Stock,Telecommunications,Cable & Other Pay Television Services,United States,1643601000.0,8.39,1449683
LILAP,Liberty Latin America Ltd. 9.0% Fixed Rate Cumulative Perpetual Redeemable Series A Preference Shares,Telecommunications,Cable & Other Pay Television Services,United States,3996360000.0,20.4,35280
LIME,Neutron Holdings Inc. Common Stock,Technology,Computer Software: Prepackaged Software,United States,1879342775.0,28.92,311208
LIMN,Liminatus Pharma Inc. Class A Common Stock,Health Care,Biotechnology: Biological Products (No Diagnostic Substances),United States,5735498.0,4.27,18562
LIN,Linde plc Ordinary Shares,Basic Materials,Major Chemicals,United States,217601076143.0,472.04,1871465
LINC,Lincoln Educational Services Corporation Common Stock,Real Estate,Other Consumer Services,United States,688990524.0,21.72,826369
LIND,Lindblad Expeditions Holdings Inc. Common Stock,Consumer Discretionary,Transportation Services,United States,1944967582.0,29.64,921308
LINE,Lineage Inc. Common Stock,Real Estate,Real Estate Investment Trusts,United States,8067765725.0,35.43,1318709
LINK,Interlink Electronics Inc. Common Stock,Technology,Computer peripheral equipment,United States,93417715.0,5.93,228414
LION,Lionsgate Studios Corp Common Shares,Consumer Discretionary,Movies/Entertainment,Canada,3264229690.0,10.97,2549508
LIQT,LiqTech International Inc. Common Stock,Technology,Industrial Machinery/Components,Denmark,19771999.0,0.6001,55881
LITB,LightInTheBox Holding Co. Ltd. American Depositary Shares each representing twelve ordinary shares,Consumer Discretionary,Catalog/Specialty Distribution,China,58982480.0,2.99,2635
LITE,Lumentum Holdings Inc. Common Stock,Telecommunications,Telecommunications Equipment,United States,82642404000.0,921.32,4461559
LITS,Lite Strategy Inc. Common Stock,Health Care,Biotechnology: Pharmaceutical Preparations,United States,43360401.0,1.36,952106
LIVE,Live Ventures Incorporated Common Stock,Consumer Discretionary,Other Specialty Stores,United States,23037420.0,7.5,4232
LIVN,LivaNova PLC Ordinary Shares,Health Care,Biotechnology: Electromedical & Electrotherapeutic Apparatus,United Kingdom,4253769675.0,77.21,570707
LKFN,Lakeland Financial Corporation Common Stock,Finance,Major Banks,United States,1460646678.0,58.76,157548
LKFT,Lakefront Biotherapeutics American Depositary Shares,Health Care,Biotechnology: Pharmaceutical Preparations,Belgium,1966368599.0,29.84,206627
LKQ,LKQ Corporation Common Stock,Consumer Discretionary,Motor Vehicles,United States,5874708437.0,23.22,3284076
LKSP,Lake Superior Acquisition Corp. Class A Ordinary Shares,Other,,United States,0.0,10.24,773
LKSPR,Lake Superior Acquisition Corp. Rights,Other,,United States,0.0,1.2,109
LKSPU,Lake Superior Acquisition Corp. Units,Other,,United States,0.0,10.37,1511
LLY,Eli Lilly and Company Common Stock,Health Care,Biotechnology: Pharmaceutical Preparations,United States,1115301023471.0,1184.78,1974252
LLYVA,Liberty Live Holdings Inc. Series A Liberty Live Group Common Stock,Consumer Discretionary,Services-Misc. Amusement & Recreation,United States,8930961848.0,97.07,139122
LLYVK,Liberty Live Holdings Inc. Series C Liberty Live Group Common Stock,Consumer Discretionary,Services-Misc. Amusement & Recreation,United States,9193177170.0,99.92,283947
LMAT,LeMaitre Vascular Inc. Common Stock,Health Care,Medical/Dental Instruments,United States,1883054621.0,82.34,238934
LMB,Limbach Holdings Inc. Common Stock,Consumer Discretionary,Engineering & Construction,United States,579077660.0,48.56,417457
LMND,Lemonade Inc. Common Stock,Finance,Property-Casualty Insurers,United States,3398485365.0,43.91,1139807
LMNR,Limoneira Co Common Stock,Consumer Staples,Farming/Seeds/Milling,United States,218490684.0,12.05,145129
LMRI,Lumexa Imaging Holdings Inc. Common Stock,Health Care,Medical Specialities,United States,974680632.0,10.145,165295
LMT,Lockheed Martin Corporation Common Stock,Industrials,Military/Government/Technical,United States,119572689129.0,518.1,1076522
LNAI,Lunai Bioworks Inc. Common Stock,Health Care,Biotechnology: Pharmaceutical Preparations,United States,8433035.0,1.86,41271
LNC,Lincoln National Corporation Common Stock,Finance,Life Insurance,United States,7826367096.0,40.88,1556101
LNC^D,Lincoln National Corporation Depositary Shares Each Representing a 1/1000th Interest in a Share of 9.000% Non-Cumulative Preferred Stock Series D,Other,,United States,,25.69,69493
LND,Brasilagro Brazilian Agric Real Estate Co Sponsored ADR (Brazil),Consumer Staples,Farming/Seeds/Milling,Brazil,360418888.0,3.51,82165
LNG,Cheniere Energy Inc. Common Stock,Utilities,Oil/Gas Transmission,United States,55691935705.0,269.65,1747140
LNKS,Linkers Industries Limited Class A Ordinary Shares,Technology,Electrical Products,Malaysia,1494471.0,0.9302,9615
LNN,Lindsay Corporation Common Stock,Industrials,Industrial Machinery/Components,United States,1158236002.0,113.9,96365
LNSR,LENSAR Inc. Common Stock,Health Care,Medical/Dental Instruments,United States,84526751.0,6.88,34778
LNT,Alliant Energy Corporation Common Stock,Utilities,Power Generation,United States,16389385824.0,63.21,4040599
LNTH,Lantheus Holdings Inc. Common Stock,Health Care,Biotechnology: In Vitro & In Vivo Diagnostic Substances,United States,6510266084.0,99.74,1248198
LNZA,LanzaTech Global Inc. Common Stock,Industrials,Major Chemicals,United States,77749628.0,5.94,30896
LNZAW,LanzaTech Global Inc. Warrant,Industrials,Major Chemicals,United States,181939.0,0.0139,20742
LOAN,Manhattan Bridge Capital Inc,Real Estate,Real Estate Investment Trusts,United States,44330975.0,3.88,34964
LOAR,Loar Holdings Inc. Common Stock,Industrials,Military/Government/Technical,United States,5955776101.0,63.57,646120
LOB,Live Oak Bancshares Inc. Common Stock,Finance,Major Banks,United States,1701848707.0,36.77,247128
LOB^A,Live Oak Bancshares Inc. Depositary Shares Each Representing a 1/40th Interest in a Share of 8.375% Fixed Rate Series A Non-Cumulative Perpetual Preferred Stock,Other,,United States,,25.015,4838
LOBO,LOBO TECHNOLOGIES LTD. Class A Ordinary Shares,Consumer Discretionary,Motor Vehicles,China,8013098.0,0.5789,823753
LOCL,Local Bounti Corporation Common Stock,Consumer Staples,Farming/Seeds/Milling,United States,24315324.0,1.04,21078
LOCO,El Pollo Loco Holdings Inc. Common Stock,Consumer Discretionary,Restaurants,United States,429104412.0,14.1,169400
LODE,Comstock Inc. Common Stock,Industrials,Major Chemicals,United States,183903174.0,2.42,1283106
LOGI,Logitech International S.A. Ordinary Shares,Technology,Computer peripheral equipment,United States,14366085350.0,100.33,466126
LOMA,Loma Negra Compania Industrial Argentina Sociedad Anonima ADS,Industrials,Building Materials,Argentina,1086445625.0,9.31,342722
LONA,LeonaBio Inc. Common Stock,Health Care,Biotechnology: Biological Products (No Diagnostic Substances),United States,27040173.0,2.87,949153
LOOP,Loop Industries Inc. Common Stock,Industrials,Major Chemicals,Canada,21485723.0,0.4441,63741
LOPE,Grand Canyon Education Inc. Common Stock,Real Estate,Other Consumer Services,United States,3815921417.0,146.4,252626
LOT,Lotus Technology Inc. American Depositary Shares,Industrials,Auto Manufacturing,China,558682400.0,0.8701,28360
LOVE,The Lovesac Company Common Stock,Consumer Discretionary,Other Specialty Stores,United States,222409337.0,15.42,189052
LOVIU,Live Oak Acquisition Corp. VI Units,Finance,Blank Checks,United States,0.0,10.01,92486
LOW,Lowe's Companies Inc. Common Stock,Consumer Discretionary,RETAIL: Building Materials,United States,105287397206.0,187.66,4121829
LPA,Logistic Properties of the Americas Ordinary Shares,Finance,Real Estate,,90975082.0,2.87,9576
LPAA,Launch One Acquisition Corp. Class A Ordinary shares,Other,,United States,0.0,10.76,8
LPBB,Launch Two Acquisition Corp. Class A Ordinary Shares,Other,,United States,0.0,10.83,42870
LPBBU,Launch Two Acquisition Corp. Unit,Finance,Blank Checks,United States,0.0,10.87,800
LPBBW,Launch Two Acquisition Corp. Warrant,Finance,Blank Checks,United States,0.0,0.1401,2652
LPCN,Lipocine Inc. Common Stock,Health Care,Biotechnology: Pharmaceutical Preparations,United States,17230489.0,2.09,34443
LPCV,Launchpad Cadenza Acquisition Corp I Class A Ordinary Share,Other,,United States,0.0,10.08,9
LPG,Dorian LPG Ltd. Common Stock,Consumer Discretionary,Marine Transportation,United States,2325666539.0,54.36,715436
LPL,LG Display Co Ltd AMERICAN DEPOSITORY SHARES,Technology,Industrial Machinery/Components,South Korea,3000000000.0,3.0,3988987
LPLA,LPL Financial Holdings Inc. Common Stock,Finance,Investment Bankers/Brokers/Service,United States,24621139237.0,312.68,801675
LPTH,LightPath Technologies Inc. Class A Common Stock,Technology,Semiconductors,United States,688456357.0,9.83,2119879
LPX,Louisiana-Pacific Corporation Common Stock,Basic Materials,Forest Products,United States,4619140465.0,66.06,1034856
LQDA,Liquidia Corporation Common Stock,Health Care,Biotechnology: Pharmaceutical Preparations,United States,6594120000.0,73.67,1206495
LQDT,Liquidity Services Inc. Common Stock,Consumer Discretionary,Business Services,United States,1357599008.0,43.33,239434
LRCX,Lam Research Corporation Common Stock,Technology,Industrial Machinery/Components,United States,393535419118.0,314.47,9178813
LRE,Lead Real Estate Co. Ltd American Depositary Shares,Consumer Discretionary,Homebuilding,Japan,14869671.0,1.09,9527
LRHC,La Rosa Holdings Corp. Common Stock,Finance,Real Estate,United States,1441187.0,2.53,10402
LRMR,Larimar Therapeutics Inc. Common Stock,Health Care,Biotechnology: Pharmaceutical Preparations,United States,329308910.0,3.17,1673188
LRN,Stride Inc. Common Stock,Real Estate,Other Consumer Services,United States,3185977718.0,76.66,365153
LSAK,Lesaka Technologies Inc. Common Stock,Finance,Investment Bankers/Brokers/Service,South Africa,357886472.0,4.17,193605
LSBK,Lake Shore Bancorp Inc. Common Stock,Finance,Savings Institutions,United States,142389176.0,18.13,18972
LSCC,Lattice Semiconductor Corporation Common Stock,Technology,Semiconductors,United States,17616014636.0,124.03,1421313
LSE,Leishen Energy Holding Co. Ltd. Class A Ordinary Shares,Consumer Discretionary,Oil and Gas Field Machinery,China,81720000.0,4.8,528
LSF,Laird Superfood Inc. Common Stock,Consumer Staples,Packaged Foods,,38167734.0,3.41,29636
LSPD,Lightspeed Commerce Inc. Subordinate Voting Shares,Technology,Computer Software: Prepackaged Software,Canada,1291817185.0,9.69,987609
LSTA,Lisata Therapeutics Inc. Common Stock,Health Care,Biotechnology: Pharmaceutical Preparations,United States,16206099.0,1.5,38191
LSTR,Landstar System Inc. Common Stock,Industrials,Trucking Freight/Courier Services,United States,5613506764.0,165.41,353648
LTBR,Lightbridge Corporation Common Stock,Basic Materials,Major Chemicals,United States,242728430.0,6.48,638412
LTC,LTC Properties Inc. Common Stock,Real Estate,Real Estate Investment Trusts,United States,2322790710.0,43.09,561671
LTGO,Latigo Biotherapeutics Inc. Common Stock,Health Care,Biotechnology: Pharmaceutical Preparations,United States,1158912586.0,17.48,261957
LTGR,Long Table Growth Corp. Class A Ordinary Shares,Finance,Blank Checks,United States,0.0,9.99,55
LTGRW,Long Table Growth Corp. Warrants,Other,,United States,0.0,0.26,1201
LTH,Life Time Group Holdings Inc. Common Stock,Consumer Discretionary,Hotels/Resorts,United States,8846858521.0,39.59,2594543
LTM,LATAM Airlines Group S.A. American Depositary Shares (each representing two thousand (2000) shares of Common Stock),Consumer Discretionary,Air Freight/Delivery Services,Chile,14786061588.0,51.5,327969
LTRN,Lantern Pharma Inc. Common Stock,Health Care,Biotechnology: Pharmaceutical Preparations,United States,13934719.0,1.09,461480
LTRX,Lantronix Inc. Common Stock,Telecommunications,Computer Communications Equipment,United States,338469268.0,7.22,1704408
LTRYW,Sports Entertainment Gaming Global Corporation Warrants,Technology,Computer Software: Prepackaged Software,United States,10104.0,0.0031,330744
LU,Lufax Holding Ltd American Depositary Shares each representing two (2) Ordinary Shares,Finance,Finance: Consumer Services,China,1092028004.0,1.26,2083969
LUCD,Lucid Diagnostics Inc. Common Stock,Health Care,Medical/Dental Instruments,United States,163753667.0,0.8057,786382
LUCK,Lucky Strike Entertainment Corporation Class A Common Stock,Consumer Discretionary,Services-Misc. Amusement & Recreation,United States,726628347.0,5.33,76955
LUCY,Innovative Eyewear Inc. Common Stock,Health Care,Ophthalmic Goods,United States,8335893.0,0.9568,53702
LUD,Luda Technology Group Limited Ordinary Shares,Industrials,Steel/Iron Ore,Hong Kong,90760000.0,4.0,3121
LULU,lululemon athletica inc. Common Stock,Consumer Discretionary,Apparel,Canada,10620650957.0,100.58,4602038
LUMN,Lumen Technologies Inc. Common Stock,Telecommunications,Telecommunications Equipment,United States,5703893084.0,5.53,12932134
LUNG,Pulmonx Corporation Common Stock,Health Care,Medical/Dental Instruments,United States,84178607.0,1.96,202002
LUNR,Intuitive Machines Inc. Class A Common Stock,Industrials,Industrial Machinery/Components,United States,3479645834.0,15.2,7712773
LUV,Southwest Airlines Company Common Stock,Consumer Discretionary,Air Freight/Delivery Services,United States,20683722738.0,42.28,5968580
LUXE,LuxExperience B.V. American Depositary Shares each representing one Ordinary Share,Consumer Discretionary,Catalog/Specialty Distribution,,1315972408.0,9.42,160787
LVLU,Lulu's Fashion Lounge Holdings Inc. Common Stock,Consumer Discretionary,Catalog/Specialty Distribution,United States,33425145.0,11.64,9960
LVO,LiveOne Inc. Common Stock,Consumer Discretionary,Restaurants,United States,31537115.0,2.3,63444
LVS,Las Vegas Sands Corp. Common Stock,Consumer Discretionary,Hotels/Resorts,United States,25117851916.0,38.78,3766104
LVWR,LiveWire Group Inc. Common Stock,Consumer Discretionary,Motor Vehicles,United States,320443433.0,1.56,173773
LW,Lamb Weston Holdings Inc. Common Stock,Consumer Staples,Packaged Foods,United States,5936430055.0,43.18,2240671
LWAC,LightWave Acquisition Corp. Class A Ordinary Shares,Finance,Blank Checks,United States,0.0,10.3821,9
LWACW,LightWave Acquisition Corp. Warrants,Finance,Blank Checks,United States,0.0,0.1349,6
LWAY,Lifeway Foods Inc. Common Stock,Consumer Staples,Packaged Foods,United States,322680116.0,21.36,74660
LWLG,Lightwave Logic Inc. Common Stock,Industrials,Containers/Packaging,United States,770836275.0,5.0,2934178
LX,LexinFintech Holdings Ltd. American Depositary Shares,Finance,Finance: Consumer Services,China,124069091.0,0.7529,1542572
LXEH,Lixiang Education Holding Co. Ltd. American Depositary Shares,Real Estate,Other Consumer Services,China,3028334.0,1.58,43072
LXEO,Lexeo Therapeutics Inc. Common Stock,Health Care,Biotechnology: Biological Products (No Diagnostic Substances),United States,257625241.0,3.14,1256690
LXFR,Luxfer Holdings PLC Ordinary Shares,Basic Materials,Major Chemicals,United Kingdom,462399684.0,17.28,186434
LXP,LXP Industrial Trust Common Stock (Maryland REIT),Real Estate,Real Estate Investment Trusts,United States,3591086950.0,60.91,1209543
LXP^C,LXP Industrial Trust 6.5% Series C Cumulative Convertible Preferred Stock,Other,,United States,,49.49,2937
LXRX,Lexicon Pharmaceuticals Inc. Common Stock,Health Care,Biotechnology: Pharmaceutical Preparations,United States,845416275.0,1.9,10894049
LXU,LSB Industries Inc. Common Stock,Basic Materials,Major Chemicals,United States,708455439.0,9.84,854143
LYB,LyondellBasell Industries NV Ordinary Shares Class A (Netherlands),Industrials,Major Chemicals,Netherlands,18823421463.0,58.27,3192403
LYEL,Lyell Immunopharma Inc. Common Stock,Health Care,Biotechnology: Pharmaceutical Preparations,United States,238680073.0,9.74,129022
LYFT,Lyft Inc. Class A Common Stock,Consumer Discretionary,Business Services,United States,5632678905.0,14.88,6825760
LYG,Lloyds Banking Group Plc American Depositary Shares,Finance,Commercial Banks,United Kingdom,84776199588.0,5.72,21442880
LYNX,Lyntris Inc. Common Stock,Industrials,Industrial Machinery/Components,,1422698942.0,12.27,614185
LYTS,LSI Industries Inc. Common Stock,Consumer Discretionary,Building Products,United States,780997603.0,20.96,330818
LYV,Live Nation Entertainment Inc. Common Stock,Consumer Discretionary,Services-Misc. Amusement & Recreation,United States,40503104195.0,171.89,2206136
LZ,LegalZoom.com Inc. Common Stock,Technology,EDP Services,United States,933393225.0,5.45,2658885
LZB,La-Z-Boy Incorporated Common Stock,Consumer Discretionary,Home Furnishings,United States,1194774159.0,29.83,634550
LZM,Lifezone Metals Limited Ordinary Shares,Basic Materials,Metal Mining,Isle of Man,346171044.0,3.85,285931
LZMH,LZ Technology Holdings Limited Class B Ordinary Shares,Technology,EDP Services,China,10325275.0,1.15,36602
M,Macy's Inc Common Stock,Consumer Discretionary,Department/Specialty Retail Stores,United States,6009674624.0,23.01,6488263
MA,Mastercard Incorporated Common Stock,Consumer Discretionary,Business Services,United States,497801408504.0,568.26,3217060
MAA,Mid-America Apartment Communities Inc. Common Stock,Real Estate,Real Estate Investment Trusts,United States,13730038391.0,118.34,1449388
MAA^I,Mid-America Apartment Communities Inc. 8.50% Series I Cumulative Redeemable Preferred Stock,Other,,United States,,50.15,150
MAAS,Maase Inc. Class A Ordinary Shares,Finance,Investment Managers,China,7937051625.0,17.95,648129
MAC,Macerich Company (The) Common Stock,Real Estate,Real Estate Investment Trusts,United States,6399935094.0,22.57,3384757
MACI,Melar Acquisition Corp. I Class A Ordinary Shares,Other,,United States,0.0,11.0899,1410
MAGN,Magnera Corporation Common Stock,Basic Materials,Paper,United States,426378000.0,11.91,378847
MAIA,MAIA Biotechnology Inc. Common Stock,Health Care,Biotechnology: Pharmaceutical Preparations,,72855496.0,1.18,1011123
MAIN,Main Street Capital Corporation Common Stock,Finance,Finance/Investors Services,United States,5149510947.0,55.07,469170
MAIR,Madison Air Solutions Corporation Class A Common Stock,Industrials,Pollution Control Equipment,,12528013622.0,24.97,2194899
MAKO,Mako Mining Corp Common Stock,Basic Materials,Precious Metals,Canada,826123722.0,9.43,235837
MAMA,Mama's Creations Inc. Common Stock,Consumer Staples,Specialty Foods,United States,619989217.0,13.15,691860
MAMO,Massimo Group Common Stock,Consumer Discretionary,Industrial Specialties,United States,41599309.0,0.999,73773
MAN,ManpowerGroup Common Stock,Consumer Discretionary,Professional Services,United States,2651747601.0,57.02,1100617
MANE,Veradermics Incorporated Common Stock,Health Care,Biotechnology: Pharmaceutical Preparations,,4804715640.0,115.0,638184
MANH,Manhattan Associates Inc. Common Stock,Technology,Computer Software: Prepackaged Software,United States,11770607747.0,201.88,661246
MANU,Manchester United Ltd. Class A Ordinary Shares,Consumer Discretionary,Services-Misc. Amusement & Recreation,United Kingdom,3529173901.0,20.46,308832
MAR,Marriott International Class A Common Stock,Consumer Discretionary,Hotels/Resorts,United States,93502967888.0,358.57,1713340
MARA,MARA Holdings Inc. Common Stock,Finance,Finance: Consumer Services,United States,4678084487.0,12.11,28562714
MARPS,Marine Petroleum Trust Units of Beneficial Interest,Energy,Oil & Gas Production,United States,9043200.0,4.5216,5825
MAS,Masco Corporation Common Stock,Industrials,Industrial Specialties,United States,13479732715.0,68.36,2705385
MASK,3 E Network Technology Group Ltd Class A Ordinary Shares,Technology,EDP Services,China,3032069.0,0.8378,129760
MASS,908 Devices Inc. Common Stock,Industrials,Industrial Machinery/Components,United States,481951000.0,11.66,287365
MAT,Mattel Inc. Common Stock,Consumer Discretionary,Recreational Games/Products/Toys,United States,3811238000.0,13.34,7382747
MATH,Metalpha Technology Holding Limited Ordinary Shares,Finance,Finance: Consumer Services,China,48964126.0,1.03,79971
MATV,Mativ Holdings Inc. Common Stock,Basic Materials,Paper,United States,653450760.0,11.84,346455
MATW,Matthews International Corporation Class A Common Stock,Telecommunications,Metal Fabrications,United States,609281137.0,19.52,803323
MATX,Matson Inc. Common Stock,Consumer Discretionary,Marine Transportation,United States,6681927690.0,223.45,235270
MAX,MediaAlpha Inc. Class A Common Stock,Consumer Discretionary,Business Services,United States,563628598.0,9.2,622721
MAYS,J. W. Mays Inc. Common Stock,Real Estate,Building operators,United States,80631200.0,40.0,47
MAZE,Maze Therapeutics Inc. Common Stock,Health Care,Biotechnology: Biological Products (No Diagnostic Substances),United States,1491495161.0,26.85,1177485
MB,MasterBeef Group Ordinary Shares,Consumer Discretionary,Restaurants,Hong Kong,68448450.0,3.99,3799
MBAI,MBody AI Ltd. Ordinary Share,Health Care,Medical Electronics,Israel,61480208.0,4.02,16996
MBBC,Marathon Bancorp Inc. Common Stock,Finance,Banks,United States,45515753.0,15.122,1262
MBC,MasterBrand Inc. Common Stock,Consumer Discretionary,Home Furnishings,United States,1416293810.0,6.96,3807918
MBGL,Mobility Global Inc. Common Stock,Consumer Discretionary,Business Services,United States,5236026643.0,17.76,3474661
MBI,MBIA Inc. Common Stock,Finance,Property-Casualty Insurers,United States,219880874.0,4.31,327921
MBIN,Merchants Bancorp Common Stock,Finance,Major Banks,United States,2368107766.0,51.55,111396
MBINL,Merchants Bancorp Depositary Shares Each Representing a 1/40thInterest in a Share of 7.25% Fixed Rate Series E Non-CumulativePerpetual Preferred Stock without par value,Finance,Major Banks,United States,1069438386.0,23.28,23117
MBINM,Merchants Bancorp Depositary Shares Each Representing a 1/40th Interest in a Share of 8.25% Fixed-Rate Reset Series D Non-Cumulative Perpetual Preferred Stock,Finance,Major Banks,United States,1164530201.0,25.35,5201
MBINN,Merchants Bancorp Depositary Shares Preferred Series C,Finance,Major Banks,United States,876728161.0,19.085,9671
MBIO,Mustang Bio Inc. Common Stock,Health Care,Biotechnology: Pharmaceutical Preparations,United States,3841038.0,0.5069,12135
MBLY,Mobileye Global Inc. Class A Common Stock,Technology,Computer Software: Prepackaged Software,Israel,6627212326.0,7.795,5189556
MBNKO,Medallion Bank Fixed-Rate Reset Non-Cumulative Perpetual Preferred Stock Series G par value $1.00 per share,Finance,Commercial Banks,United States,24500000.0,24.5,43747
MBOT,Microbot Medical Inc. Common Stock,Health Care,Medical/Dental Instruments,Israel,83956001.0,1.25,424677
MBRX,Moleculin Biotech Inc. Common Stock,Health Care,Biotechnology: Pharmaceutical Preparations,United States,11599509.0,0.569,625503
MBUU,Malibu Boats Inc. Class A Common Stock,Industrials,Marine Transportation,United States,455135394.0,23.13,199043
MBVI,M3-Brigade Acquisition VI Corp. Class A Ordinary Shares,Other,,United States,0.0,10.24,6
MBWM,Mercantile Bank Corporation Common Stock,Finance,Major Banks,United States,1026438464.0,59.38,81441
MBX,MBX Biosciences Inc. Common Stock,Health Care,Biotechnology: Pharmaceutical Preparations,United States,2771131924.0,57.54,439715
MC,Moelis & Company Class A Common Stock,Finance,Investment Managers,United States,4547432851.0,58.1,729308
MCAH,Mountain Crest Acquisition 6 Corp. Ordinary Shares,Finance,Blank Checks,United States,0.0,10.03,6
MCAHU,Mountain Crest Acquisition 6 Corp. Units,Finance,Blank Checks,United States,0.0,10.2599,3798
MCB,Metropolitan Bank Holding Corp. Common Stock,Finance,Major Banks,United States,1098939042.0,88.64,139127
MCBS,MetroCity Bankshares Inc. Common Stock,Finance,Major Banks,United States,1003889268.0,34.88,78084
MCD,McDonald's Corporation Common Stock,Consumer Discretionary,Restaurants,United States,165305061642.0,233.6,5365064
MCFT,MasterCraft Boat Holdings Inc. Common Stock,Industrials,Marine Transportation,United States,483623302.0,19.87,289211
MCGA,Yorkville Acquisition Corp. Class A Ordinary Share,Utilities,Electric Utilities: Central,United States,0.0,10.35,933
MCGAU,Yorkville Acquisition Corp. Unit,Finance,Blank Checks,United States,0.0,10.335,4
MCGAW,Yorkville Acquisition Corp. Warrant,Other,,United States,0.0,0.332,76
MCHB,Mechanics Bancorp Class A Common Stock,Finance,Major Banks,United States,3287055950.0,14.92,350414
MCHP,Microchip Technology Incorporated Common Stock,Technology,Semiconductors,United States,42338387637.0,77.97,9394800
MCHPP,Microchip Technology Incorporated Depositary Shares Each Representing a 1/20th Interest in a Share of 7.50% Series A Mandatory Convertible Preferred Stock,Technology,Semiconductors,United States,36262120385.0,66.78,84242
MCHX,Marchex Inc. Class B Common Stock,Technology,Computer Software: Prepackaged Software,United States,58526015.0,1.32,33564
MCI,Barings Corporate Investors Common Stock,Finance,Trusts Except Educational Religious and Charitable,United States,359240278.0,17.73,75166
MCK,McKesson Corporation Common Stock,Health Care,Other Pharmaceuticals,United States,99835161933.0,856.29,550013
MCN,XAI Madison Equity Premium Income Fund Common Shares,Other,,United States,0.0,5.27,42957
MCO,Moody's Corporation Common Stock,Finance,Finance: Consumer Services,United States,79685856000.0,460.08,751880
MCRB,Seres Therapeutics Inc. Common Stock,Health Care,Biotechnology: Pharmaceutical Preparations,United States,35357629.0,3.52,55500
MCRI,Monarch Casino & Resort Inc. Common Stock,Consumer Discretionary,Hotels/Resorts,United States,2101594812.0,117.26,207163
MCRP,Micropolis AI Robotics Ordinary Shares,Consumer Discretionary,Auto Parts:O.E.M.,,27111812.0,0.7771,48749
MCS,Marcus Corporation (The) Common Stock,Consumer Discretionary,Movies/Entertainment,United States,884882963.0,28.7,286590
MCY,Mercury General Corporation Common Stock,Finance,Property-Casualty Insurers,United States,5475165779.0,98.85,345634
MD,Pediatrix Medical Group Inc. Common Stock,Health Care,Hospital/Nursing Management,United States,2106897317.0,25.93,629339
MDA,MDA Space Ltd. Common Shares,Consumer Discretionary,Electronic Components,,5034161247.0,31.05,1214569
MDAI,Spectral AI Inc. Class A Common Stock,Health Care,Medical/Dental Instruments,United States,51817734.0,1.61,121659
MDAIW,Spectral AI Inc. Warrants,Health Care,Medical/Dental Instruments,United States,14489655.0,0.4502,27437
MDB,MongoDB Inc. Class A Common Stock,Technology,Computer Software: Prepackaged Software,United States,26960596206.0,334.68,17855139
MDBH,MDB Capital Holdings LLC Class A common,Finance,Finance: Consumer Services,United States,13977284.0,2.57,2837
MDCX,Medicus Pharma Ltd. Common Stock,Health Care,Biotechnology: Pharmaceutical Preparations,Canada,9151559.0,0.1521,1522701
MDCXW,Medicus Pharma Ltd. Warrant,Health Care,Biotechnology: Pharmaceutical Preparations,Canada,18652094.0,0.31,90
MDGL,Madrigal Pharmaceuticals Inc. Common Stock,Health Care,Biotechnology: Pharmaceutical Preparations,United States,11945757307.0,517.04,333721
MDIA,Mediaco Holding Inc. Class A Common Stock,Consumer Discretionary,Broadcasting,United States,90321347.0,1.075,7152
MDLN,Medline Inc. Class A Common Stock,Health Care,Medical/Dental Instruments,United States,46106791744.0,35.07,10072430
MDLZ,Mondelez International Inc. Class A Common Stock,Consumer Staples,Packaged Foods,United States,76808218870.0,60.18,7262902
MDRR,Medalist Diversified Inc. Common Stock,Real Estate,Real Estate Investment Trusts,United States,17941836.0,11.0174,279
MDT,Medtronic plc. Ordinary Shares,Health Care,Biotechnology: Electromedical & Electrotherapeutic Apparatus,United States,114482841155.0,89.5,22549332
MDU,MDU Resources Group Inc. Common Stock (Holding Company),Industrials,Mining & Quarrying of Nonmetallic Minerals (No Fuels),United States,3897775420.0,18.53,2459448
MDWD,MediWound Ltd. Ordinary Shares,Health Care, Medicinal Chemicals and Botanical Products ,Israel,179840173.0,13.93,56620
MDXG,MiMedx Group Inc Common Stock,Health Care,Medical/Dental Instruments,United States,682158990.0,4.68,881309
MDXH,MDxHealth SA Ordinary Shares,Health Care,Medical Specialities,Belgium,52288725.0,0.548,95106
MEC,Mayville Engineering Company Inc. Common Stock,Industrials,Industrial Specialties,United States,429680577.0,16.85,672754
MED,MEDIFAST INC Common Stock,Consumer Staples,Packaged Foods,United States,130926032.0,11.71,113037
MEDP,Medpace Holdings Inc. Common Stock,Health Care,Biotechnology: Commercial Physical & Biological Resarch,United States,17191904781.0,615.94,242395
MEDS,DataMeds AI Inc. Common Stock,Health Care,Other Pharmaceuticals,United States,10795765.0,3.81,33436426
MEGI,NYLIM CBRE Global Infrastructure Megatrends Term Fund Common Shares,Finance,Investment Managers,United States,0.0,13.31,299610
MEGL,Magic Empire Global Limited Class A Ordinary Shares,Finance,Finance: Consumer Services,Hong Kong,72871736.0,1.12,6596
MEI,Methode Electronics Inc. Common Stock,Technology,Electrical Products,United States,501169445.0,14.06,353409
MELI,MercadoLibre Inc. Common Stock,Consumer Discretionary,Business Services,Argentina,86813710713.0,1712.41,565190
MENS,Jyong Biotech Ltd. Ordinary Shares,Health Care,Biotechnology: Pharmaceutical Preparations,Taiwan,149774504.0,1.97,46420
MEOH,Methanex Corporation Common Stock,Industrials,Major Chemicals,Canada,4624835642.0,59.78,520217
MER^K,Bank of America Corporation Income Capital Obligation Notes initially due December 15 2066,Other,,United States,,23.53,78212
MERC,Mercer International Inc. Common Stock,Basic Materials,Paper,Canada,21311734.0,0.318,280323
MESH,Meshflow Acquisition Corp. Class A Ordinary Shares,Other,,United States,0.0,10.08,48794
MESHW,Meshflow Acquisition Corp. Warrants,Other,,United States,0.0,0.24,500
MESO,Mesoblast Limited American Depositary Shares,Health Care,Biotechnology: Biological Products (No Diagnostic Substances),Australia,1886229760.0,14.5,243063
MET,MetLife Inc. Common Stock,Finance,Life Insurance,United States,60891399145.0,95.82,3241819
MET^A,MetLife Inc. Preferred Series A Floating Rate,Other,,United States,,21.44,32595
MET^E,MetLife Inc. Depositary Shares,Other,,United States,,20.14,83505
MET^F,MetLife Inc. Depositary Shares each representing a 1/1000th interest in a share of 4.75% Non-Cumulative Preferred Stock Series F,Other,,United States,,16.91,76978
META,Meta Platforms Inc. Class A Common Stock,Technology,Computer Software: Programming Data Processing,United States,1823046404735.0,715.62,27944078
METC,Ramaco Resources Inc. Class A Common Stock,Energy,Coal Mining,United States,571875801.0,8.98,1219761
METCB,Ramaco Resources Inc. Class B Common Stock,Energy,Coal Mining,United States,276385409.0,4.34,94341
METCI,Ramaco Resources Inc. 8.250% Senior Notes due 2030,Energy,Coal Mining,United States,0.0,25.25,3318
METCZ,Ramaco Resources Inc. 8.375% Senior Notes due 2029,Energy,Coal Mining,United States,0.0,25.29,11461
MEVO,M Evo Global Acquisition Corp II Class A Ordinary Shares,Finance,Blank Checks,United States,0.0,10.0,23
MEVOW,M Evo Global Acquisition Corp II Warrants,Finance,Blank Checks,United States,0.0,0.2527,3520
MF,MindForge Inc. Class A Ordinary Shares,Technology,Computer Software: Programming Data Processing,China,25266124.0,13.91,103532
MFA,MFA Financial Inc.,Real Estate,Real Estate Investment Trusts,United States,809714383.0,8.01,2164667
MFA^B,MFA Financial Inc. Preferred Series B,Other,,United States,,18.239,29490
MFA^C,MFA Financial Inc. 6.50% Series C Fixed-to-Floating Rate Cumulative Redeemable Preferred Stock,Other,,United States,,22.0,61022
MFAN,MFA Financial Inc. 8.875% Senior Notes due 2029,Real Estate,Real Estate Investment Trusts,United States,2580064481.0,25.13,10005
MFAO,MFA Financial Inc. 9.000% Senior Notes due 2029,Real Estate,Real Estate Investment Trusts,United States,2587261557.0,25.2001,12536
MFC,Manulife Financial Corporation Common Stock,Finance,Life Insurance,Canada,72596737359.0,43.5,1397020
MFG,Mizuho Financial Group Inc. Sponosred ADR (Japan),Finance,Major Banks,Japan,137564134819.0,11.05,2619454
MFI,mF International Limited Class A Ordinary Shares,Technology,EDP Services,Hong Kong,487715434.0,9.72,7250
MFIC,MidCap Financial Investment Corporation Common Stock,Finance,Finance/Investors Services,United States,721584221.0,8.76,895135
MFICL,MidCap Financial Investment Corporation 8.00% Notes due 2028,Finance,Finance/Investors Services,United States,2347519130.0,25.16,1977
MFIN,Medallion Financial Corp. Common Stock,Finance,Finance: Consumer Services,United States,276671000.0,12.05,62317
MFM,Aberdeen Municipal Income Fund Common Shares of Beneficial Interest,Finance,Finance Companies,United States,200583763.0,4.87,919189
MFP,Midera Food Processing Inc. Common Stock,Industrials,Industrial Machinery/Components,United States,1861233223.0,41.15,256869
MG,Mistras Group Inc Common Stock,Consumer Discretionary,Military/Government/Technical,United States,687639190.0,21.59,293979
MGA,Magna International Inc. Common Stock,Consumer Discretionary,Auto Parts:O.E.M.,Canada,17158968925.0,64.64,1087370
MGEE,MGE Energy Inc,Energy,Electric Utilities: Central,United States,2604451947.0,68.93,168573
MGF,Aberdeen Government Markets Income Fund Common Shares of Beneficial Interest,Finance,Trusts Except Educational Religious and Charitable,United States,87686987.0,2.69,89596
MGIH,Millennium Group International Holdings Limited Ordinary Shares,Consumer Discretionary,Publishing,Hong Kong,16762500.0,1.49,13155
MGLD,The Marygold Companies Inc. Common Stock,Finance,Finance: Consumer Services,,84143133.0,1.97,2526765
MGM,MGM Resorts International Common Stock,Consumer Discretionary,Hotels/Resorts,United States,8230175336.0,31.86,9359460
MGN,Megan Holdings Limited Class A Ordinary Shares,Consumer Staples,Farming/Seeds/Milling,Malaysia,3496500.0,3.78,65320
MGNI,Magnite Inc. Common Stock,Technology,Computer Software: Programming Data Processing,United States,3356125274.0,23.4,2135650
MGNX,MacroGenics Inc. Common Stock,Health Care,Biotechnology: Pharmaceutical Preparations,United States,258622759.0,4.06,1912876
MGPI,MGP Ingredients Inc.,Consumer Staples,Beverages (Production/Distribution),United States,273671891.0,12.78,221636
MGR,Affiliated Managers Group Inc. 5.875% Junior Subordinated Notes due 2059,Finance,Investment Managers,United States,558297038.0,19.65,18437
MGRB,Affiliated Managers Group Inc. 4.750% Junior Subordinated Notes due 2060,Finance,Investment Managers,United States,463116627.0,16.3,21470
MGRC,McGrath RentCorp Common Stock,Consumer Discretionary,Diversified Commercial Services,United States,2805531652.0,114.86,157391
MGRD,Affiliated Managers Group Inc. 4.200% Junior Subordinated Notes due 2061,Finance,Investment Managers,United States,413639860.0,14.5586,12570
MGRE,Affiliated Managers Group Inc. 6.750% Junior Subordinated Notes due 2064,Finance,Investment Managers,United States,618814732.0,21.78,30686
MGRT,Mega Fortune Company Limited Ordinary Shares,Technology,EDP Services,Hong Kong,1622500000.0,118.0,4816
MGRX,Mangoceuticals Inc. Common Stock,Health Care,Misc Health and Biotechnology Services,United States,8299144.0,0.3848,1008137
MGTX,MeiraGTx Holdings plc Ordinary Shares,Health Care,Biotechnology: Biological Products (No Diagnostic Substances),United States,1067037686.0,11.11,930052
MGX,Metagenomi Therapeutics Inc. Common Stock,Health Care,Biotechnology: Biological Products (No Diagnostic Substances),United States,43065900.0,1.14,135976
MGY,Magnolia Oil & Gas Corporation Class A Common Stock,Energy,Oil & Gas Production,United States,6354429895.0,23.71,4761543
MGYR,Magyar Bancorp Inc. Common Stock,Finance,Savings Institutions,United States,125879969.0,19.5,4278
MH,McGraw Hill Inc. Common Stock,Consumer Discretionary,Publishing,,2391360175.0,12.5,1066377
MHD,Blackrock MuniHoldings Fund Inc. Common Stock,Finance,Investment Bankers/Brokers/Service,United States,1527790577.0,10.27,1806439
MHF,Western Asset Municipal High Income Fund Inc. Common Stock,Finance,Finance/Investors Services,United States,0.0,6.02,195797
MHH,Mastech Digital Inc Common Stock,Consumer Discretionary,Professional Services,United States,87211338.0,7.26,1261
MHK,Mohawk Industries Inc. Common Stock,Consumer Discretionary,Home Furnishings,United States,8428657382.0,124.43,1207213
MHLA,Maiden Holdings Ltd. 6.625% Notes due 2046,Finance,Property-Casualty Insurers,Bermuda,68593615.0,8.86,691
MHNC,Maiden Holdings North America Ltd. 7.75% Notes due 2043,Finance,Property-Casualty Insurers,Bermuda,79354916.0,10.25,5757
MHO,M/I Homes Inc. Common Stock,Consumer Discretionary,Homebuilding,United States,3473888459.0,137.4,190518
MI,NFT Limited Class A Ordinary Share,Finance,Finance: Consumer Services,,1210428.0,2.37,25540
MIAC,Meridian3 Industrials Acquisition Corp Class A Ordinary Shares,Other,,United States,0.0,9.81,25456
MIAX,Miami International Holdings Inc. Common Stock,Finance,Investment Bankers/Brokers/Service,United States,3364919751.0,33.91,1446948
MICC,The Magnum Ice Cream Company N.V. Ordinary Shares,Consumer Staples,Specialty Foods,,11510483093.0,18.8,488644
MIDD,Middleby Corporation (The) Common Stock,Industrials,Industrial Machinery/Components,United States,4824320191.0,106.68,550537
MIMI,Mint Incorporation Limited Class A Ordinary Shares,Consumer Discretionary,Business Services,Hong Kong,14331966.0,0.9018,27002089
MIN,Aberdeen Intermediate Income Fund Common Shares of Beneficial Interest,Finance,Trusts Except Educational Religious and Charitable,United States,266562829.0,2.32,125590
MIND,MIND Technology Inc. Common Stock (DE),Industrials,Industrial Machinery/Components,United States,38628484.0,4.25,61246
MINE,Mayfair Gold Corp. Common Shares,Energy,Oil & Gas Production,,192016099.0,2.86,320024
MIR,Mirion Technologies Inc. Class A Common Stock,Industrials,Industrial Machinery/Components,United States,3573690234.0,14.35,5380354
MIRA,MIRA Pharmaceuticals Inc. Common Stock,Health Care,Biotechnology: Pharmaceutical Preparations,United States,37958551.0,0.9033,65820
MIRM,Mirum Pharmaceuticals Inc. Common Stock,Health Care,Biotechnology: Pharmaceutical Preparations,United States,5711436576.0,87.96,1236874
MIST,Milestone Pharmaceuticals Inc. Common Shares,Health Care,Biotechnology: Pharmaceutical Preparations,Canada,99025693.0,0.7954,419553
MITK,Mitek Systems Inc. Common Stock,Technology,Computer peripheral equipment,United States,777007280.0,17.22,611807
MITN,TPG Mortgage Investment Trust Inc. 9.500% Senior Notes due 2029,Real Estate,Real Estate Investment Trusts,United States,746614890.0,25.315,3310
MITP,TPG Mortgage Investment Trust Inc. 9.500% Senior Notes due 2029,Real Estate,Real Estate Investment Trusts,United States,745582636.0,25.28,1467
MITQ,Moving iMage Technologies Inc. Common Stock,Consumer Discretionary,Industrial Machinery/Components,United States,5736993.0,0.5771,510435
MITT,TPG Mortgage Investment Trust Inc. Common Stock,Real Estate,Real Estate Investment Trusts,United States,192411024.0,6.05,673481
MITT^A,TPG Mortgage Investment Trust Inc. 8.25% Series A Cumulative Redeemable Preferred Stock,Other,,United States,,20.22,718
MITT^B,TPG Mortgage Investment Trust Inc. 8.00% Series B Cumulative Redeemable Preferred Stock,Other,,United States,,19.09,3818
MITT^C,TPG Mortgage Investment Trust Inc. 8.00% Series C Fixed-to-Floating Rate Cumulative Redeemable Preferred Stock $0.01 par value per share,Other,,United States,,24.78,10604
MIY,Blackrock MuniYield Michigan Quality Fund Inc. Common Stock,Finance,Investment Bankers/Brokers/Service,United States,1678040673.0,11.28,116484
MKC,McCormick & Company Incorporated Common Stock,Consumer Staples,Packaged Foods,United States,13028546210.0,48.46,3166451
MKDW,MKDWELL Tech Inc. Ordinary Share,Technology,Consumer Electronics/Appliances,Taiwan,52665601.0,1.54,70088
MKL,Markel Group Inc. Common Stock,Finance,Property-Casualty Insurers,United States,21563482903.0,1740.4,73117
MKLY,McKinley Acquisition Corporation Class A Ordinary Shares,Finance,Blank Checks,United States,0.0,10.26,52030
MKLYR,McKinley Acquisition Corporation Rights,Finance,Blank Checks,United States,0.0,0.24,100
MKSI,MKS Inc. Common Stock,Industrials,Industrial Machinery/Components,United States,17471024636.0,258.38,1095216
MKTW,MarketWise Inc. Class A Common Stock,Technology,Computer Software: Prepackaged Software,United States,312177058.0,19.79,16564
MKTX,MarketAxess Holdings Inc. Common Stock,Finance,Investment Bankers/Brokers/Service,United States,5769522551.0,163.94,1260864
MKZR,MacKenzie Realty Capital Inc. Common Stock,Real Estate,Real Estate Investment Trusts,United States,3801323.0,1.37,3049
MLAA,Mountain Lake Acquisition Corp. II Class A Ordinary Shares,Finance,Blank Checks,United States,0.0,10.01,42
MLAB,Mesa Laboratories Inc. Common Stock,Industrials,Industrial Machinery/Components,United States,744194618.0,132.99,82262
MLCI,Mount Logan Capital Inc. Common Stock,Finance,Investment Managers,United States,39832014.0,3.56,15107
MLCIL,Mount Logan Capital Inc. 8.00% Notes Due 2031,Finance,Investment Managers,United States,0.0,22.4,8430
MLCO,Melco Resorts & Entertainment Limited American Depositary Shares,Consumer Discretionary,Hotels/Resorts,Hong Kong,1837482493.0,4.67,1584141
MLEC,Moolec Science SA Ordinary Shares,Finance,Blank Checks,Luxembourg,3579762.0,4.93,11140
MLECW,Moolec Science SA Warrant,Finance,Blank Checks,Luxembourg,9730.0,0.0134,806
MLGO,MicroAlgo Inc. Class A Ordinary Shares,Technology,EDP Services,United States,38804878.0,3.12,48447
MLI,Mueller Industries Inc. Common Stock,Industrials,Metal Fabrications,United States,13485429226.0,60.97,1434679
MLKN,MillerKnoll Inc. Common Stock,Consumer Discretionary,Office Equipment/Supplies/Services,United States,1393906518.0,20.28,541822
MLM,Martin Marietta Materials Inc. Common Stock,Industrials,Mining & Quarrying of Nonmetallic Minerals (No Fuels),United States,29478511806.0,490.77,806399
MLP,Maui Land & Pineapple Company Inc. Common Stock,Finance,Real Estate,United States,321122536.0,16.17,8027
MLR,Miller Industries Inc. Common Stock,Consumer Discretionary,Construction/Ag Equipment/Trucks,United States,613358502.0,54.03,79590
MLSS,Milestone Scientific Inc. Common Stock,Health Care,Industrial Specialties,United States,37164205.0,0.41,37559
MLTX,MoonLake Immunotherapeutics Class A Ordinary Shares,Health Care,Biotechnology: Pharmaceutical Preparations,United States,983833279.0,11.56,1656981
MLYS,Mineralys Therapeutics Inc. Common Stock,Health Care,Biotechnology: Pharmaceutical Preparations,United States,2265868463.0,25.63,1701000
MMA,Mixed Martial Arts Group Limited Ordinary Shares,Consumer Discretionary,Other Consumer Services,,11385274.0,0.4299,145255
MMD,NYLIM MacKay DefinedTerm Muni Opportunities Fund Common Shares,Finance,Investment Managers,United States,0.0,13.38,260670
MMED,MiniMed Group Inc. Common Stock,Health Care,Medical/Dental Instruments,United States,5764860086.0,20.49,3730205
MMI,Marcus & Millichap Inc. Common Stock,Finance,Real Estate,United States,1096365537.0,28.95,201073
MMLP,Martin Midstream Partners L.P. Limited Partnership,Energy,Oil Refining/Marketing,United States,85291815.0,2.18,1540
MMM,3M Company Common Stock,Health Care,Medical/Dental Instruments,United States,87404635233.0,169.48,3800207
MMS,Maximus Inc. Common Stock,Consumer Discretionary,Business Services,United States,2727839452.0,52.1,1007616
MMSI,Merit Medical Systems Inc. Common Stock,Health Care,Medical/Dental Instruments,United States,5194806540.0,87.0,551197
MMT,Aberdeen Multi-Market Income Fund Common Shares of Beneficial Interest,Finance,Trusts Except Educational Religious and Charitable,United States,251889330.0,4.23,320876
MMTX,Miluna Acquisition Corp Class A Ordinary Share,Finance,Blank Checks,Taiwan,0.0,10.2,6
MMTXW,Miluna Acquisition Corp Warrant,Finance,Blank Checks,Taiwan,0.0,0.1056,72
MMU,Western Asset Managed Municipals Fund Inc. Common Stock,Finance,Investment Managers,United States,0.0,8.83,463956
MMYT,MakeMyTrip Limited Ordinary Shares,Consumer Discretionary,Transportation Services,India,4457439992.0,47.39,793017
MNDO,MIND C.T.I. Ltd. Ordinary Shares,Technology,EDP Services,Israel,20185166.0,1.0,14565
MNDR,Mobile-health Network Solutions Class A Ordinary Shares,Technology,Computer Software: Prepackaged Software,Singapore,4776898.0,1.3,71863
MNDY,monday.com Ltd. Ordinary Shares,Technology,Computer Software: Prepackaged Software,Israel,3391793923.0,79.05,1280546
MNKD,MannKind Corporation Common Stock,Health Care,Biotechnology: Pharmaceutical Preparations,United States,1077174021.0,3.35,2077534
MNOV,Medicinova Inc Common Stock,Health Care,Biotechnology: Pharmaceutical Preparations,United States,103364617.0,2.1,1618077
MNPR,Monopar Therapeutics Inc. Common Stock,Health Care,Biotechnology: Pharmaceutical Preparations,United States,561943040.0,83.72,268189
MNR,Mach Natural Resources LP Common Units representing Limited Partner Interests,Energy,Oil & Gas Production,United States,1722904330.0,10.32,731931
MNRO,Monro Inc. Common Stock,Consumer Discretionary,Automotive Aftermarket,United States,418938404.0,13.4,1172307
MNSB,MainStreet Bancshares Inc. Common Stock,Finance,Major Banks,United States,176317842.0,24.76,16122
MNSBP,MainStreet Bancshares Inc. Depositary Shares,Finance,Major Banks,United States,177599635.0,24.94,556
MNSO,MINISO Group Holding Limited American Depositary Shares each representing four Ordinary Shares,Consumer Discretionary,Department/Specialty Retail Stores,China,2756674202.0,8.91,636229
MNST,Monster Beverage Corporation,Consumer Staples,Beverages (Production/Distribution),United States,123008983288.0,41.86,14859484
MNTK,Montauk Renewables Inc. Common Stock,Utilities,Natural Gas Distribution,United States,398555189.0,2.8,1155873
MNTN,MNTN Inc. Class A Common Stock,Consumer Discretionary,Advertising,United States,762244231.0,10.19,1487657
MNTS,Momentus Inc. Class A Common Stock,Industrials,Military/Government/Technical,United States,88512506.0,4.03,553944
MNY,MoneyHero Limited Class A Ordinary Shares,Consumer Discretionary,Business Services,Singapore,29992422.0,0.675,24653
MNYWW,MoneyHero Limited Warrants,Consumer Discretionary,Business Services,Singapore,1133047.0,0.0255,1500
MO,Altria Group Inc.,Health Care, Medicinal Chemicals and Botanical Products ,United States,115429397604.0,69.13,5973609
MOB,Mobilicom Limited Ordinary Shares,Industrials,Aerospace,Israel,58492508.0,4.63,74958
MOBBW,Mobilicom Limited Warrants,Industrials,Aerospace,Israel,15918047.0,1.26,12179
MOBI,Mobia Medical Inc. Common Stock,Health Care,Medical/Dental Instruments,United States,293960378.0,8.83,687796
MOBX,Mobix Labs Inc. Class A Common Stock,Technology,Semiconductors,United States,15514157.0,0.8642,511041
MOBXW,Mobix Labs Inc Warrants,Technology,Semiconductors,United States,1585166.0,0.0883,39492
MOD,Modine Manufacturing Company Common Stock,Consumer Discretionary,Auto Parts:O.E.M.,United States,9296848408.0,175.04,3136361
MODD,Modular Medical Inc. Common Stock,Health Care,Medical/Dental Instruments,United States,16342400.0,2.005,73187
MOGU,MOGU Inc. American Depositary Shares (each  representing 25 Class A Ordinary Shares),Consumer Discretionary,Business Services,,15220925.0,1.86,1381
MOH,Molina Healthcare Inc Common Stock,Health Care,Medical Specialities,United States,9899208000.0,189.64,555888
MOLN,Molecular Partners AG American Depositary Shares,Health Care,Biotechnology: Biological Products (No Diagnostic Substances),Switzerland,144793089.0,3.86,2262
MOMO,Hello Group Inc. American Depositary Shares,Technology,Computer Software: Prepackaged Software,China,723962265.0,4.9,1067377
MORN,Morningstar Inc. Common Stock,Finance,Investment Managers,United States,7186099661.0,191.56,215224
MOS,Mosaic Company (The) Common Stock,Industrials,Agricultural Chemicals,United States,7073178124.0,22.25,6947550
MOV,Movado Group Inc. Common Stock,Consumer Discretionary,Consumer Specialties,United States,747013963.0,33.48,202016
MOVE,Corvex Inc. Common Stock,Technology,EDP Services,United States,354647571.0,11.24,92320
MP,MP Materials Corp. Common Stock,Basic Materials,Metal Mining,United States,8272818763.0,46.45,5285903
MPA,Blackrock MuniYield Pennsylvania Quality Fund Common Stock,Finance,Finance Companies,United States,0.0,9.7,57919
MPAA,Motorcar Parts  of America Inc. Common Stock,Consumer Discretionary,Auto Parts:O.E.M.,United States,199366670.0,10.53,182340
MPB,Mid Penn Bancorp Common Stock,Finance,Major Banks,United States,913081149.0,36.04,84244
MPC,Marathon Petroleum Corporation Common Stock,Energy,Integrated oil Companies,United States,109364395703.0,389.44,2669661
MPLT,MapLight Therapeutics Inc. Common Stock,Health Care,Biotechnology: Pharmaceutical Preparations,United States,676884183.0,10.45,251580
MPLX,MPLX LP Common Units Representing Limited Partner Interests,Energy,Natural Gas Distribution,United States,58459066753.0,57.66,1679155
MPT,Medical Properties Trust Inc. common stock,Real Estate,Real Estate Investment Trusts,United States,2090200000.0,3.5,8761391
MPTI,M-tron Industries Inc. Common Stock,Technology,Industrial Machinery/Components,United States,327898149.0,75.44,74189
MPU,Mega Matrix Inc. Class A Ordinary Shares,Consumer Discretionary,Movies/Entertainment,United States,9476979.0,2.77,3653
MPV,Barings Participation Investors Common Stock,Finance,Finance Companies,United States,163478214.0,15.42,22919
MPWR,Monolithic Power Systems Inc. Common Stock,Technology,Semiconductors,United States,66402021600.0,1351.2,660023
MQ,Marqeta Inc. Class A Common Stock,Technology,Computer Software: Prepackaged Software,United States,1758229306.0,16.89,1282911
MQY,Blackrock MuniYield Quality Fund Inc. Common Stock,Finance,Investment Bankers/Brokers/Service,United States,1489112335.0,10.01,1629986
MRAM,Everspin Technologies Inc. Common Stock,Technology,Semiconductors,United States,441465663.0,18.13,812799
MRBK,Meridian Corporation Common Stock,Finance,Major Banks,United States,227964107.0,19.11,57545
MRCO,Mercator Acquisition Corp. Class A Ordinary Shares,Finance,Blank Checks,United States,0.0,9.86,31
MRCOW,Mercator Acquisition Corp. Warrant,Finance,Blank Checks,United States,0.0,0.31,1101
MRCY,Mercury Systems Inc Common Stock,Technology,Electrical Products,United States,4876390510.0,80.12,604674
MRDN,Meridian Holdings Inc. Common Stock,Technology,Computer Software: Prepackaged Software,United States,155327813.0,12.26,31281
MREO,Mereo BioPharma Group plc American Depositary Shares,Health Care,Biotechnology: Pharmaceutical Preparations,United Kingdom,57403875.0,0.37,1751229
MRK,Merck & Company Inc. Common Stock (new),Health Care,Biotechnology: Pharmaceutical Preparations,United States,366843750854.0,148.69,7700990
MRKR,Marker Therapeutics Inc. Common Stock,Health Care,Biotechnology: Pharmaceutical Preparations,United States,18757268.0,1.125,164341
MRLN,Merlin Inc. Common Stock,Technology,EDP Services,United States,176868622.0,1.75,3349350
MRM,MEDIROM Healthcare Technologies Inc. American Depositary Share,Consumer Discretionary,Other Consumer Services,Japan,5137058.0,0.6501,93428
MRNA,Moderna Inc. Common Stock,Health Care,Biotechnology: Biological Products (No Diagnostic Substances),United States,78761256182.0,197.28,13359669
MRNO,Murano Global Investments PLC Ordinary Shares,Consumer Discretionary,Hotels/Resorts,Mexico,23772862.0,0.3,189210
MRNOW,Murano Global Investments PLC Warrants,Consumer Discretionary,Hotels/Resorts,Mexico,705262.0,0.0089,29614
MRP,Millrose Properties Inc. Class A Common Stock,Finance,Real Estate,United States,4373702397.0,26.34,2875343
MRSH,Marsh Common Stock,Finance,Specialty Insurers,United States,80663020630.0,169.03,1919846
MRT,Marti Technologies Inc. Class A Ordinary Shares,Consumer Discretionary,Rental/Leasing Companies,,185852288.0,2.16,163430
MRTN,Marten Transport Ltd. Common Stock,Industrials,Trucking Freight/Courier Services,United States,1055068763.0,12.92,737584
MRVI,Maravai LifeSciences Holdings Inc. Class A Common Stock,Health Care,Biotechnology: Pharmaceutical Preparations,United States,1981309759.0,7.63,1942367
MRVL,Marvell Technology Inc. Common Stock,Technology,Semiconductors,United States,220891110000.0,251.9,16916480
MRX,Marex Group Limited Ordinary Shares,Finance,Investment Bankers/Brokers/Service,United Kingdom,5284929950.0,71.29,581170
MS,Morgan Stanley Common Stock,Finance,Investment Bankers/Brokers/Service,United States,304124456783.0,193.64,4357564
MS^A,Morgan Stanley Dep Shs repstg 1/1000 Pfd Ser A,Other,,United States,,19.2,57797
MS^E,Morgan Stanley DEPOSITARY SHARES REP 1/1000TH SHARES FIXED/FLTG PREFERRED STOCK SERIES E,Other,,United States,,25.38,239941
MS^F,Morgan Stanley Dep Shs Rpstg 1/1000th Int Prd Ser F Fxd to Flag,Other,,United States,,25.17,42442
MS^I,Morgan Stanley Depository Shares Representing 1/1000th Preferred Series 1 Fixed to Floating Non (Cum),Other,,United States,,23.5,111972
MS^K,Morgan Stanley Depositary Shares each representing 1/1000th of a share of Fixed-to-Floating Rate Non-Cumulative Preferred Stock  Series K,Other,,United States,,21.57,119415
MS^L,Morgan Stanley Depositary Shares each representing 1/1000th of a share of 4.875% Non-Cumulative Preferred Stock Series L,Other,,United States,,18.23,39161
MS^O,Morgan Stanley Depositary Shares each representing 1/1000th of a share of 4.250% Non-Cumulative Preferred Stock Series O,Other,,United States,,15.72,115703
MS^P,Morgan Stanley Depositary Shares each representing 1/1000th of a share of 6.500% Non-Cumulative Preferred Stock Series P,Other,,United States,,24.32,64140
MS^Q,Morgan Stanley Depositary Shares each representing 1/1000th of a share of 6.625% Non-Cumulative Preferred Stock Series Q,Other,,United States,,24.69,125698
MSA,MSA Safety Incorporated Common Stock,Health Care,Industrial Specialties,United States,7033593650.0,182.32,192619
MSAI,MultiSensor AI Holdings Inc. Common Stock,Technology,Electronic Components,United States,10366546.0,4.7,3750
MSAIW,MultiSensor AI Holdings Inc. Warrant,Technology,Electronic Components,United States,53818.0,0.0244,14067
MSB,Mesabi Trust Common Stock,Industrials,Precious Metals,United States,261875400.0,19.96,204970
MSBI,Midland States Bancorp Inc. Common Stock,Finance,Major Banks,United States,688347555.0,33.17,309903
MSBIP,Midland States Bancorp Inc. Depositary Shares Each Representing a 1/40th Interest in a Share of 7.750% Fixed-Rate Reset Non-Cumulative Perpetual Preferred Stock Series A,Finance,Major Banks,United States,525028434.0,25.3,1236
MSC,Studio City International Holdings Limited American depositary shares each representing four  Class A ordinary shares,Consumer Discretionary,Hotels/Resorts,,175947956.0,0.835,699708
MSCI,MSCI Inc. Common Stock,Consumer Discretionary,Business Services,United States,39455744000.0,542.72,602036
MSD,Morgan Stanley Emerging Markets Debt Fund Inc. Common Stock,Finance,Trusts Except Educational Religious and Charitable,United States,0.0,6.88,56227
MSDL,Morgan Stanley Direct Lending Fund Common Stock,Other,,United States,0.0,14.16,413259
MSEX,Middlesex Water Company Common Stock,Utilities,Water Supply,United States,988364968.0,52.45,135462
MSFT,Microsoft Corporation Common Stock,Technology,Computer Software: Prepackaged Software,United States,3781236274927.0,509.22,19627099
MSGE,Madison Square Garden Entertainment Corp. Class A Common Stock,Consumer Discretionary,Services-Misc. Amusement & Recreation,United States,3868148984.0,81.77,494489
MSGM,Motorsport Games Inc. Class A Common Stock,Technology,Computer Software: Prepackaged Software,United States,20282505.0,4.42,62010
MSGS,Madison Square Garden Sports Corp. Class A Common Stock (New),Consumer Discretionary,Services-Misc. Amusement & Recreation,United States,10025442636.0,416.34,290464
MSGY,Masonglory Limited Class A Ordinary Shares,Consumer Discretionary,Engineering & Construction,Hong Kong,6634426.0,3.13,9295338
MSI,Motorola Solutions Inc. Common Stock,Technology,Radio And Television Broadcasting And Communications Equipment,United States,74816431679.0,452.08,618304
MSIF,MSC Income Fund Inc. Common Stock,Finance,Finance/Investors Services,,547770366.0,12.08,154365
MSLE,Satellos Bioscience Inc. Common Stock,Health Care,Biotechnology: Pharmaceutical Preparations,Canada,186916828.0,8.81,48098
MSM,MSC Industrial Direct Company Inc. Common Stock,Industrials,Industrial Machinery/Components,United States,6821066838.0,122.14,520347
MSN,Emerson Radio Corporation Common Stock,Consumer Staples,Consumer Electronics/Appliances,United States,8627487.0,0.41,185282
MSS,Maison Solutions Inc. Class A Common Stock,Consumer Staples,Food Chains,United States,1419863.0,1.66,240866
MSTR,Strategy Inc Common Stock Class A,Technology,Computer Software: Prepackaged Software,United States,66076899051.0,157.14,16368979
MT,Arcelor Mittal NY Registry Shares NEW,Industrials,Steel/Iron Ore,Luxembourg,53164638457.0,69.85,1553811
MTA,Metalla Royalty & Streaming Ltd. Common Shares,Basic Materials,Precious Metals,Canada,902235184.0,9.65,243382
MTAK,Market Technology Acquisition Corp Class A Ordinary Shares,Other,,United States,0.0,9.85,134196
MTAKU,Market Technology Acquisition Corp Unit,Finance,Blank Checks,United States,0.0,9.92,3161
MTAKW,Market Technology Acquisition Corp Warrants,Other,,United States,0.0,0.18,11
MTAL,Metals Acquisition Corp. II Class A Ordinary Shares,Basic Materials,Metal Mining,,837814265.0,10.16,153890
MTB,M&T Bank Corporation Common Stock,Finance,Major Banks,United States,31835120795.0,220.44,809916
MTB^H,M&T Bank Corporation Perpetual Fixed-to-Floating Rate Non-Cumulative Preferred Stock Series H,Other,,United States,,25.06,36399
MTB^J,M&T Bank Corporation Depositary Shares each representing a 1/400th ownership interest in a share of Perpetual 7.500% Non-Cumulative Preferred Stock Series J,Other,,United States,,25.23,96159
MTB^K,M&T Bank Corporation Depositary Shares each representing a 1/400th interest in a share of Perpetual 6.350% Non-Cumulative Preferred Stock Series K,Other,,United States,,22.56,33530
MTB^L,M&T Bank Corporation Depositary Shares each representing a 1/400th ownership interest in a share of Perpetual 6.625% Non-Cumulative Preferred Stock Series L,Other,,United States,,23.5,90773
MTC,MMTec Inc. Common Shares,Technology,Computer Software: Prepackaged Software,China,527815398.0,5.3,10796
MTCH,Match Group Inc. Common Stock,Technology,Computer Software: Programming Data Processing,United States,9069559417.0,39.51,2880273
MTD,Mettler-Toledo International Inc. Common Stock,Industrials,Biotechnology: Laboratory Analytical Instruments,Switzerland,30961693160.0,1545.26,186701
MTDR,Matador Resources Company Common Stock,Energy,Oil & Gas Production,United States,6367154413.0,51.45,1617394
MTEK,Maris-Tech Ltd. Ordinary Shares,Telecommunications,Telecommunications Equipment,Israel,9413486.0,0.9706,47073526
MTEKW,Maris-Tech Ltd. Warrants,Telecommunications,Telecommunications Equipment,Israel,484931.0,0.05,25676
MTEN,Mingteng International Corporation Inc. Class A Ordinary Shares,Industrials,Building Products,China,7879361.0,1.03,126259
MTEX,Mannatech Incorporated Common Stock,Health Care, Medicinal Chemicals and Botanical Products ,United States,15109316.0,7.83,49116
MTG,MGIC Investment Corporation Common Stock,Finance,Property-Casualty Insurers,United States,5815289214.0,28.35,2052262
MTH,Meritage Homes Corporation Common Stock,Consumer Discretionary,Homebuilding,United States,4236316045.0,65.0,835834
MTLS,Materialise NV American Depositary Shares,Technology,Computer Software: Prepackaged Software,Belgium,506796456.0,8.58,325586
MTN,Vail Resorts Inc. Common Stock,Consumer Discretionary,Services-Misc. Amusement & Recreation,United States,4920633605.0,138.09,1632386
MTNB,Matinas Biopharma Holdings Inc. Common Stock,Health Care,Biotechnology: Pharmaceutical Preparations,United States,2478186.0,2.53,118122
MTNE,CH4 Natural Solutions Corporation Class A Ordinary Shares,Other,,,0.0,9.92,108
MTR,Mesa Royalty Trust Common Stock,Energy,Oil & Gas Production,United States,4472616.0,2.4,5933
MTRN,Materion Corporation,Industrials,Industrial Specialties,United States,5458227613.0,261.99,245862
MTRX,Matrix Service Company Common Stock,Consumer Discretionary,Engineering & Construction,United States,272451199.0,9.63,534335
MTSI,MACOM Technology Solutions Holdings Inc. Common Stock,Technology,Semiconductors,United States,21273886539.0,278.56,1067527
MTUS,Metallus Inc. Common Shares,Industrials,Steel/Iron Ore,United States,786292917.0,18.97,381481
MTVA,MetaVia Inc. Common Stock,Health Care,Biotechnology: Pharmaceutical Preparations,United States,11002129.0,1.67,134999
MTW,Manitowoc Company Inc. (The) Common Stock,Industrials,Construction/Ag Equipment/Trucks,United States,799493853.0,22.17,445541
MTX,Minerals Technologies Inc. Common Stock,Basic Materials,Major Chemicals,United States,2081269027.0,66.86,148047
MTZ,MasTec Inc. Common Stock,Industrials,Water Sewer Pipeline Comm & Power Line Construction,United States,16389436837.0,204.09,1759857
MU,Micron Technology Inc. Common Stock,Technology,Semiconductors,United States,1190357793291.0,1053.98,22227439
MUA,Blackrock MuniAssets Fund Inc Common Stock,Finance,Investment Bankers/Brokers/Service,United States,1386466230.0,9.32,878966
MUC,Blackrock MuniHoldings California Quality Fund Inc.  Common Stock,Finance,Investment Bankers/Brokers/Service,United States,1438533095.0,9.67,867925
MUFG,Mitsubishi UFJ Financial Group Inc. Common Stock,Finance,Commercial Banks,Japan,277348404200.0,23.37,2252766
MUJ,Blackrock MuniHoldings New Jersey Quality Fund Inc. Common Stock,Finance,Investment Bankers/Brokers/Service,United States,1657213927.0,11.14,355679
MUR,Murphy Oil Corporation Common Stock,Energy,Oil & Gas Production,United States,5254918231.0,36.65,1501222
MUSA,Murphy USA Inc. Common Stock,Consumer Discretionary,Retail-Auto Dealers and Gas Stations,United States,9559986082.0,520.12,211238
MUX,McEwen Inc. Common Stock,Basic Materials,Precious Metals,Canada,1111817216.0,18.12,837218
MUZE,Muzero Acquisition Corp Class A Ordinary Shares,Finance,Blank Checks,United States,0.0,10.0,19
MVBF,MVB Financial Corp. Common Stock,Finance,Major Banks,United States,384745933.0,29.67,39781
MVIS,MicroVision Inc. Common Stock,Technology,Industrial Machinery/Components,United States,44019039.0,1.46,1109219
MVST,Microvast Holdings Inc. Common Stock,Miscellaneous,Industrial Machinery/Components,United States,248447731.0,0.6461,2656874
MWA,MUELLER WATER PRODUCTS Common Stock,Industrials,Metal Fabrications,United States,3378559694.0,21.64,1351817
MWC,Micware Co. Ltd. American Depositary Shares,Technology,EDP Services,Japan,118370741.0,1.93,229171
MWG,Multi Ways Holdings Limited Class A Ordinary Shares,Consumer Discretionary,Miscellaneous manufacturing industries,,6684631.0,1.3,5974
MWH,SOLV Energy Inc. Class A Common Stock,Industrials,Military/Government/Technical,United States,4818827851.0,23.81,1336738
MWYN,Marwynn Holdings Inc. Common stock,Consumer Discretionary,Food Distributors,United States,21709414.0,1.075,18217
MX,Magnachip Semiconductor Corporation Common Stock,Technology,Semiconductors,Luxembourg,143914255.0,3.79,6845818
MXC,Mexco Energy Corporation Common Stock,Energy,Oil & Gas Production,United States,20398620.0,9.97,5222
MXCT,MaxCyte Inc. Common Stock,Health Care,Biotechnology: Commercial Physical & Biological Resarch,United States,119719199.0,1.16,284735
MXE,Mexico Equity and Income Fund Inc. (The) Common Stock,Finance,Finance Companies,United States,0.0,12.9,17496
MXF,Mexico Fund Inc. (The) Common Stock,Finance,Trusts Except Educational Religious and Charitable,United States,0.0,20.7,23713
MXL,MaxLinear Inc. Common Stock,Technology,Semiconductors,United States,8162387190.0,90.0,3305572
MYE,Myers Industries Inc. Common Stock,Industrials,Plastic Products,United States,1184216844.0,31.48,268161
MYFW,First Western Financial Inc. Common Stock,Finance,Major Banks,United States,298031737.0,30.52,27479
MYGN,Myriad Genetics Inc. Common Stock,Health Care,Biotechnology: In Vitro & In Vivo Diagnostic Substances,United States,405554495.0,4.24,1181408
MYI,Blackrock MuniYield Quality Fund III Inc Common Stock,Finance,Investment Bankers/Brokers/Service,United States,1425144472.0,9.58,1282740
MYN,Blackrock MuniYield New York Quality Fund Inc.Common Stock,Finance,Finance Companies,United States,0.0,8.77,501451
MYND,Mynd.ai Inc. American Depositary Shares,Technology,Computer peripheral equipment,,14916553.0,0.3164,30094
MYO,Myomo Inc. Common Stock,Health Care,Industrial Specialties,United States,61788252.0,1.56,278734
MYPS,PLAYSTUDIOS Inc.  Class A Common Stock,Technology,Computer Software: Prepackaged Software,United States,55291872.0,0.4603,289409
MYRG,MYR Group Inc. Common Stock,Industrials,Water Sewer Pipeline Comm & Power Line Construction,United States,4451715653.0,285.93,222933
MYSE,Myseum.AI Inc. Common Stock,Telecommunications,Telecommunications Equipment,United States,9613396.0,1.85,25506
MYSZ,My Size Inc. Common Stock,Technology,Computer Software: Prepackaged Software,Israel,1364202.0,1.63,51133
MYX,Maywood Acquisition Corp. 2 Class A Ordinary Share,Finance,Blank Checks,United States,0.0,10.04,14
MYXXR,Maywood Acquisition Corp. 2 Rights,Finance,Blank Checks,United States,0.0,0.207,2
MZTI,The Marzetti Company Common Stock,Consumer Staples,Packaged Foods,United States,2759120100.0,101.1,327990
MZYX,MOZAYYX Acquisition Corp. Class A Ordinary Shares,Other,,,0.0,10.0,239
NA,Nano Labs Ltd Class A Ordinary Shares,Technology,Semiconductors,China,50838857.0,2.19,26710
NAAS,NaaS Technology Inc. American Depositary Shares,Consumer Discretionary,Other Specialty Stores,China,79298766.0,3.2284,13500
NABL,N-able Inc. Common Stock,Technology,Computer Software: Prepackaged Software,United States,765069503.0,4.05,1963070
NAC,Nuveen California Quality Municipal Income Fund,Finance,Investment Managers,United States,0.0,10.27,1216170
NAD,Nuveen Quality Municipal Income Fund Common Stock,Finance,Investment Managers,United States,0.0,9.87,4009713
NAGE,Niagen Bioscience Inc. Common Stock,Health Care, Medicinal Chemicals and Botanical Products ,United States,235795486.0,2.98,411447
NAII,Natural Alternatives International Inc. Common Stock,Health Care, Medicinal Chemicals and Botanical Products ,United States,10667889.0,1.7,13051
NAK,Northern Dynasty Minerals Ltd. Common Stock,Basic Materials,Precious Metals,Canada,820697627.0,1.46,4791604
NAKA,Nakamoto Inc. Common Stock,Health Care,Medical/Nursing Services,United States,173938846.0,9.72,132993
NAMI,Jinxin Technology Holding Company American Depositary Shares,Real Estate,Other Consumer Services,China,7084797.0,2.24,46477337
NAMM,Namib Minerals Ordinary Shares,Basic Materials,Precious Metals,Cayman Islands,59762074.0,1.07,502446
NAMMW,Namib Minerals Warrants,Basic Materials,Precious Metals,Cayman Islands,5641093.0,0.101,57658
NAMS,NewAmsterdam Pharma Company N.V. Ordinary Shares,Health Care,Biotechnology: Pharmaceutical Preparations,Netherlands,2818686445.0,23.58,2056743
NAMSW,NewAmsterdam Pharma Company N.V. Warrant,Health Care,Biotechnology: Pharmaceutical Preparations,Netherlands,1362723727.0,11.4,40
NAN,Nuveen New York Quality Municipal Income Fund Common Stock,Finance,Investment Managers,United States,2956648524.0,9.78,245918
NAT,Nordic American Tankers Limited Common Stock,Consumer Discretionary,Marine Transportation,Bermuda,1649537665.0,7.79,4366951
NATH,Nathan's Famous Inc. Common Stock,Consumer Discretionary,Restaurants,United States,415830638.0,101.48,13951
NATL,NCR Atleos Corporation Common Stock,Miscellaneous,Office Equipment/Supplies/Services,United States,3380784731.0,45.75,1481606
NATR,Nature's Sunshine Products Inc. Common Stock,Health Care,Biotechnology: Pharmaceutical Preparations,United States,225750522.0,12.83,101367
NAUT,Nautilus Biotechnology Inc. Common Stock,Industrials,Biotechnology: Laboratory Analytical Instruments,United States,141253298.0,1.11,4102538
NAVI,Navient Corporation Common Stock,Finance,Investment Bankers/Brokers/Service,United States,830924716.0,8.86,1150712
NAVN,Navan Inc. Class A Common Stock,Technology,Computer Software: Prepackaged Software,United States,5203001650.0,19.98,3946403
NAZ,Nuveen Arizona Quality Municipal Income Fund Common Stock,Finance,Finance/Investors Services,United States,0.0,10.39,216741
NB,NioCorp Developments Ltd. Common Stock,Basic Materials,Metal Mining,United States,506098216.0,3.47,2828791
NBB,Nuveen Taxable Municipal Income Fund Common Shares of Beneficial Interest,Finance,Finance Companies,United States,0.0,14.05,91231
NBBK,NB Bancorp Inc. Common Stock,Finance,Banks,United States,988545134.0,22.56,287542
NBH,Neuberger Municipal Fund Inc. Common Stock,Finance,Finance/Investors Services,United States,0.0,9.13,257728
NBHC,National Bank Holdings Corporation Common Stock,Finance,Major Banks,United States,1765547643.0,39.64,412657
NBIS,Nebius Group N.V. Class A Ordinary Shares,Technology,Computer Software: Programming Data Processing,Netherlands,63037787950.0,231.88,12762153
NBIX,Neurocrine Biosciences Inc. Common Stock,Health Care,Biotechnology: Biological Products (No Diagnostic Substances),United States,14275610980.0,140.44,1432550
NBN,Northeast Bank Common Stock,Finance,Major Banks,United States,1026493800.0,126.26,132891
NBP,NovaBridge Biosciences American Depositary Shares,Health Care,Biotechnology: Pharmaceutical Preparations,China,156919101.0,1.36,375352
NBR,Nabors Industries Ltd.,Energy,Oil & Gas Production,Bermuda,1329839295.0,79.42,139641
NBRG,Newbridge Acquisition Limited Class A Ordinary Share,Finance,Blank Checks,Hong Kong,0.0,10.06,13
NBRGR,Newbridge Acquisition Limited Rights,Other,,Hong Kong,0.0,0.45,11
NBRGU,Newbridge Acquisition Limited Unit,Finance,Blank Checks,Hong Kong,0.0,10.39,9
NBTB,NBT Bancorp Inc. Common Stock,Finance,Major Banks,United States,2640610300.0,50.82,459419
NBTX,Nanobiotix S.A. American Depositary Shares,Health Care,Biotechnology: Pharmaceutical Preparations,France,1656337638.0,32.6,49402
NBXG,Neuberger Next Generation Connectivity Fund Inc. Common Stock,Finance,Trusts Except Educational Religious and Charitable,United States,0.0,15.33,113963
NC,NACCO Industries Inc. Common Stock,Energy,Coal Mining,United States,285114137.0,37.78,16903
NCA,Nuveen California Municipal Value Fund,Finance,Investment Managers,United States,0.0,8.29,102568
NCDL,Nuveen Churchill Direct Lending Corp. Common Stock,Other,,United States,574865437.0,11.64,178237
NCEL,NewcelX Ltd. Ordinary Shares,Health Care,Biotechnology: Pharmaceutical Preparations,Switzerland,16866294.0,2.92,7205
NCEW,New Century Logistics (BVI) Limited Ordinary Shares,Industrials,Integrated Freight & Logistics,Hong Kong,56416000.0,17.63,358
NCI,Neo-Concept International Group Holdings Limited Class A Ordinary Shares,Consumer Discretionary,Apparel,Hong Kong,5626991.0,2.38,5027344
NCLH,Norwegian Cruise Line Holdings Ltd. Ordinary Shares,Consumer Discretionary,Marine Transportation,United States,6570978076.0,14.31,23498172
NCMI,National CineMedia Inc. Common Stock,Consumer Discretionary,Advertising,United States,207895679.0,2.21,1790971
NCNA,NuCana plc American Depositary Share,Health Care,Biotechnology: Pharmaceutical Preparations,United Kingdom,5368943.0,1.29,23684
NCNO,nCino Inc. Common Stock,Technology,Computer Software: Prepackaged Software,United States,1966692836.0,18.6,1954332
NCO,Southern Cross Acquisition I Corp. Ordinary Shares,Other,,United States,0.0,9.92,4107
NCPL,Netcapital Inc. Common Stock,Finance,Finance: Consumer Services,United States,8475731.0,1.08,2932852
NCRA,Nocera Inc. Common Stock,Consumer Staples,Farming/Seeds/Milling,Taiwan,4086975.0,1.72,44924
NCT,Intercont (Cayman) Limited Class A Ordinary shares,Consumer Discretionary,Restaurants,China,3060270.0,2.5,245672
NCTY,The9 Limited American Depository Shares,Finance,Finance: Consumer Services,China,51012378.0,3.34,128541
NCV,Virtus Convertible & Income Fund Common Shares of Beneficial Interest,Finance,Finance Companies,United States,1361929685.0,15.07,132459
NCV^A,Virtus Convertible & Income Fund 5.625% Series A Cumulative Preferred Shares,Other,,United States,,19.1,7270
NCZ,Virtus Convertible & Income Fund II Common Shares of Beneficial Interest,Finance,Finance Companies,United States,1058770069.0,13.91,91784
NCZ^A,Virtus Convertible & Income Fund II 5.50% Series A Cumulative Preferred Shares,Other,,United States,,18.5,8434
NDAQ,Nasdaq Inc. Common Stock,Finance,Investment Bankers/Brokers/Service,United States,51772484195.0,92.62,4172701
NDLS,Noodles & Company Class A Common Stock,Consumer Discretionary,Restaurants,United States,80251577.0,13.45,56389
NDMO,Nuveen Dynamic Municipal Opportunities Fund Common Shares of Beneficial Interest,Finance,Trusts Except Educational Religious and Charitable,,514968926.0,8.66,838022
NDRA,ENDRA Life Sciences Inc. Common Stock,Health Care,Biotechnology: Electromedical & Electrotherapeutic Apparatus,United States,8699060.0,5.8,25815
NDSN,Nordson Corporation Common Stock,Industrials,Industrial Machinery/Components,United States,18454313943.0,331.32,370866
NE,Noble Corporation plc A Ordinary Shares,Energy,Oil & Gas Production,United States,6802354909.0,42.61,1075108
NEA,Nuveen AMT-Free Quality Municipal Income Fund Common Shares of Beneficial Interest Par Value $.01,Finance,Finance/Investors Services,United States,0.0,9.72,4273166
NECB,NorthEast Community Bancorp Inc. Common Stock,Finance,Banks,United States,366590151.0,26.63,37657
NEE,NextEra Energy Inc. Common Stock,Utilities,Electric Utilities: Central,United States,157470494997.0,75.49,13927603
NEE^N,NextEra Energy Capital Holdings Inc. Series N Junior Subordinated Debentures due March 1 2079,Other,,United States,,19.21,114839
NEE^S,NextEra Energy Inc. 7.299% Corporate Units,Other,,United States,,48.62,17173
NEE^T,NextEra Energy Inc. 7.234% Corporate Units,Other,,United States,,45.33,621021
NEE^U,NextEra Energy Inc. Series U Junior Subordinated Debentures due June 1 2085,Other,,United States,,22.47,106870
NEE^V,NextEra Energy Inc. 7.375% Corporate Units,Other,,United States,,43.0,488760
NEE^W,NextEra Energy Capital Holdings Inc. Series Z Junior Subordinated Debentures due April 15 2086,Other,,United States,,22.52,98133
NEGG,Newegg Commerce Inc. Common Shares,Consumer Discretionary,Other Specialty Stores,China,273493436.0,13.04,29680
NEM,Newmont Corporation,Basic Materials,Precious Metals,United States,122280988050.0,116.05,6872916
NEN,New England Realty Associates Limited Partnership Class A Depositary Receipts Evidencing Units of Limited Partnership,Real Estate,Building operators,United States,138712700.0,50.0,1046
NEO,NeoGenomics Inc. Common Stock,Health Care,Precision Instruments,United States,2478291238.0,19.29,1299347
NEOG,Neogen Corporation Common Stock,Health Care,Biotechnology: In Vitro & In Vivo Diagnostic Substances,United States,2992414389.0,13.72,7572605
NEON,Neonode Inc. Common Stock,Technology,Industrial Machinery/Components,Sweden,14896522.0,0.8876,35434
NEOV,NeoVolta Inc. Common Stock,Miscellaneous,Industrial Machinery/Components,United States,134550203.0,2.28,1427220
NEOVW,NeoVolta Inc. Warrant,Miscellaneous,Industrial Machinery/Components,United States,49571127.0,0.84,13373
NEPH,Nephros Inc. Common Stock,Health Care,Medical/Dental Instruments,United States,43766284.0,4.03,53559
NERV,Minerva Neurosciences Inc Common Stock,Health Care,Biotechnology: Pharmaceutical Preparations,United States,162341701.0,3.4,62260
NESR,National Energy Services Reunited Corp Ordinary Shares,Energy,Oilfield Services/Equipment,United States,3006390787.0,29.81,2352849
NET,Cloudflare Inc. Class A Common Stock,Technology,Computer Software: Prepackaged Software,United States,126048658313.0,353.99,2826389
NEU,NewMarket Corp Common Stock,Industrials,Major Chemicals,United States,8391168691.0,912.44,112351
NEUP,Neuphoria Therapeutics Inc. Common Stock,Health Care,Biotechnology: Pharmaceutical Preparations,United States,19751369.0,3.65,2888
NEWP,New Pacific Metals Corp. Common Shares,Basic Materials,Precious Metals,Canada,1179768743.0,6.37,1111309
NEWT,NewtekOne Inc. Common Stock,Finance,Major Banks,United States,323220140.0,11.19,212436
NEWTG,NewtekOne Inc. 8.50% Fixed Rate Senior Notes due 2029,Finance,Major Banks,United States,660149416.0,25.0799,1102
NEWTH,NewtekOne Inc. 8.625% Fixed Rate Senior Notes due 2029,Finance,Major Banks,United States,0.0,25.03,11619
NEWTI,NewtekOne Inc. 8.00% Fixed Rate Senior Notes due 2028,Finance,Major Banks,United States,659362393.0,25.05,243
NEWTO,NewtekOne Inc. 8.50% Fixed Rate Senior Notes due 2031,Finance,Major Banks,United States,0.0,25.995,5
NEWTP,NewtekOne Inc. Depositary Shares Non-Cumulative Perpetual Preferred Stock Series B,Finance,Major Banks,United States,704354165.0,24.385,2751
NEXA,Nexa Resources S.A. Common Shares,Basic Materials,Metal Mining,Luxembourg,1619728970.0,12.23,477131
NEXM,NexMetals Mining Corp. Common Shares,Basic Materials,Metal Mining,Canada,72187532.0,2.025,67215
NEXN,Nexxen International Ltd. Ordinary Shares,Technology,Computer Software: Programming Data Processing,Israel,489228440.0,8.78,447725
NEXR,Nexera Technologies Ltd Ordinary Shares,Consumer Discretionary,Other Specialty Stores,Israel,864069.0,1.55,1766173
NEXRW,Nexera Technologies Ltd Warrant,Consumer Discretionary,Other Specialty Stores,Israel,10648.0,0.0191,2002
NEXT,NextDecade Corporation Common Stock,Utilities,Oil & Gas Production,United States,1746176440.0,6.56,2455923
NFE,New Fortress Energy Inc. Class A Common Stock,Utilities,Oil/Gas Transmission,United States,105764065.0,6.48,322687
NFEGP,New Fortress Energy Inc. Series A Mandatorily Convertible Preferred Stock,Utilities,Oil/Gas Transmission,United States,6528646000.0,400.0,7105
NFG,National Fuel Gas Company Common Stock,Utilities,Oil/Gas Transmission,United States,7390706898.0,77.76,764080
NFGC,New Found Gold Corp Common Shares,Basic Materials,Precious Metals,,645720682.0,1.68,874434
NFJ,Virtus Dividend Interest & Premium Strategy Fund Common Shares of Beneficial Interest,Finance,Finance: Consumer Services,United States,0.0,15.14,376960
NFLX,Netflix Inc. Common Stock,Consumer Discretionary,Consumer Electronics/Video Chains,United States,288269543769.0,69.23,43366608
NG,Novagold Resources Inc.,Basic Materials,Precious Metals,Canada,2917891083.0,6.65,4629860
NGEN,NervGen Pharma Corp. Common stock,Health Care,Biotechnology: Pharmaceutical Preparations,Canada,200055750.0,1.88,525414
NGG,National Grid Transco PLC National Grid PLC (NEW) American Depositary Shares,Utilities,Natural Gas Distribution,United Kingdom,78999465766.0,75.24,736571
NGL,NGL ENERGY PARTNERS LP Common Units representing Limited Partner Interests,Utilities,Natural Gas Distribution,United States,1857236620.0,14.88,94740
NGL^B,NGL ENERGY PARTNERS LP 9.00% Class B Fixed-to-Floating Rate Cumulative Redeemable Perpetual Preferred Units representing limited partnership interests,Other,,United States,,25.9061,16575
NGL^C,NGL ENERGY PARTNERS LP 9.625% Class C Fixed-to-Floating Rate Cumulative  Redeemable Perpetual Preferred Units representing  limited partner interests,Other,,United States,,25.9901,1260
NGNE,Neurogene Inc. Common Stock,Health Care,Biotechnology: Pharmaceutical Preparations,Canada,569924159.0,28.48,176402
NGS,Natural Gas Services Group Inc. Common Stock,Energy,Oilfield Services/Equipment,United States,422418834.0,32.75,78718
NGVC,Natural Grocers by Vitamin Cottage Inc. Common Stock,Consumer Staples,Food Chains,United States,707515731.0,30.7,202038
NGVT,Ingevity Corporation Common Stock,Industrials,Major Chemicals,United States,2500650046.0,72.74,230643
NHC,National HealthCare Corporation Common Stock,Health Care,Hospital/Nursing Management,United States,3539005428.0,225.97,92715
NHI,National Health Investors Inc. Common Stock,Real Estate,Real Estate Investment Trusts,United States,3282541409.0,66.84,269496
NHIV,NewHold Investment Corp IV Class A Ordinary Shares,Finance,Blank Checks,United States,0.0,10.05,12
NHP,National Healthcare Properties Inc. Class A Common Stock,Real Estate,Real Estate Investment Trusts,United States,1175226601.0,16.12,696276
NHPBP,National Healthcare Properties Inc. 7.125% Series B Cumulative Redeemable Perpetual Preferred Stock,Real Estate,Real Estate Investment Trusts,United States,1853241948.0,25.42,20036
NHS,Neuberger High Yield Strategies Fund Inc. Common Stock,Finance,Trusts Except Educational Religious and Charitable,United States,0.0,5.4,383243
NHTC,Natural Health Trends Corp. Common Stock,Consumer Discretionary,Consumer Specialties,United States,8492070.0,0.99,539427
NI,NiSource Inc Common Stock,Utilities,Power Generation,United States,18750799910.0,39.1,6001634
NIC,Nicolet Bankshares Inc. Common Stock,Finance,Major Banks,United States,3494665293.0,166.75,139687
NICE,NICE Ltd American Depositary Shares,Technology,Computer Software: Prepackaged Software,Israel,6480336542.0,109.09,548211
NICM,Nicola Mining Inc. American Depositary Shares,Basic Materials,Metal Mining,Canada,110208024.0,5.56,597
NIE,Virtus Equity & Convertible Income Fund Common Shares of Beneficial Interest,Finance,Investment Managers,United States,694109573.0,25.05,90222
NIKI,Niki BioSolutions Inc. Common Stock,Industrials,Industrial Machinery/Components,Hong Kong,13811538.0,4.7,29495
NIM,Nuveen Select Maturities Municipal Fund Common Stock,Finance,Trusts Except Educational Religious and Charitable,United States,0.0,8.65,29297
NINE,Nine Energy Service Inc. Common Stock,Energy,Oilfield Services/Equipment,,116203417.0,8.33,19425
NIO,NIO Inc. American depositary shares each  representing one Class A ordinary share,Industrials,Auto Manufacturing,United States,8995344609.0,3.59,24066371
NIOBW,NioCorp Developments Ltd. Warrant,Basic Materials,Metal Mining,United States,105026319.0,0.7201,1072
NIPG,NIP Group Inc. American Depositary Shares,Consumer Discretionary,Services-Misc. Amusement & Recreation,Sweden,99702556.0,11.7,6026
NIQ,NIQ Global Intelligence plc Ordinary Shares,Technology,Computer Software: Programming Data Processing,United States,5185324089.0,17.58,824854
NIU,Niu Technologies American Depositary Shares,Industrials,Auto Manufacturing,China,149812928.0,1.91,440718
NIVF,NewGenIvf Group Limited Class A Ordinary Shares,Health Care,Misc Health and Biotechnology Services,Singapore,833530.0,0.3448,13989463
NIVFW,NewGenIvf Group Limited Warrants,Health Care,Misc Health and Biotechnology Services,Singapore,46656.0,0.0193,7000
NIXX,Nixxy Inc. Common Stock,Technology,EDP Services,United States,9138084.0,0.3161,433462
NJR,NewJersey Resources Corporation Common Stock,Utilities,Oil/Gas Transmission,United States,5113984478.0,50.4,771937
NKE,Nike Inc. Common Stock,Consumer Discretionary,Shoe Manufacturing,United States,53984517802.0,36.39,34518651
NKLR,Terra Innovatum Global N.V. Ordinary shares,Industrials,Metal Fabrications,Italy,375703087.0,3.4,256845
NKSH,National Bankshares Inc. Common Stock,Finance,Major Banks,United States,271133587.0,42.56,33209
NKTR,Nektar Therapeutics  Common Stock,Health Care,Biotechnology: Pharmaceutical Preparations,United States,2062236838.0,60.4,1376313
NKTX,Nkarta Inc. Common Stock,Health Care,Biotechnology: Pharmaceutical Preparations,United States,191238192.0,2.67,810751
NKX,Nuveen California AMT-Free Quality Municipal Income Fund,Finance,Finance/Investors Services,United States,0.0,10.64,305495
NL,NLI Holdings Inc. Common Stock,Basic Materials,Major Chemicals,United States,342291138.0,7.0,18291
NLOP,Net Lease Office Properties Common Shares of Beneficial Interest,Real Estate,Real Estate Investment Trusts,United States,148140750.0,10.0,248829
NLY,Annaly Capital Management Inc. Common Stock,Real Estate,Real Estate Investment Trusts,United States,15338088895.0,20.35,12365878
NLY^F,Annaly Capital Management Inc 6.95% Series F,Other,,United States,,25.25,173843
NLY^G,Annaly Capital Management Inc 6.50% Series G Fixed-to-Floating Rate Cumulative Redeemable Preferred Stock,Other,,United States,,25.12,31933
NLY^I,Annaly Capital Management Inc 6.750% Series I Fixed-to-Floating Rate Cumulative Redeemable Preferred Stock,Other,,United States,,24.97,349795
NLY^J,Annaly Capital Management Inc. 8.875% Series J Fixed-Rate Cumulative Redeemable Preferred Stock,Other,,United States,,25.43,32617
NMAD,Nomad Power Solutions Inc. Common Stock,Health Care,Biotechnology: Pharmaceutical Preparations,United States,57963845.0,3.6,106997
NMAI,Nuveen Multi-Asset Income Fund Common Shares of Beneficial Interest,Finance,Investment Managers,United States,0.0,14.0,64519
NMAX,Newsmax Inc. Class B Common Stock,Industrials,Broadcasting,United States,1407851031.0,10.9,558477
NMCO,Nuveen Municipal Credit Opportunities Fund Common Shares,Finance,Finance/Investors Services,,482536686.0,8.81,1056562
NMFC,New Mountain Finance Corporation Common Stock,Finance,Finance/Investors Services,United States,658333158.0,6.97,351000
NMFCZ,New Mountain Finance Corporation 8.250% Notes due 2028,Other,,United States,2691995923.0,25.31,591
NMG,Nouveau Monde Graphite Inc. Common Shares,Basic Materials,Other Metals and Minerals,Canada,411446038.0,1.25,606409
NMI,Nuveen Municipal Income Fund Inc. Common Stock,Finance,Trusts Except Educational Religious and Charitable,United States,0.0,9.71,48700
NMIH,NMI Holdings Inc. Common Stock,Finance,Property-Casualty Insurers,United States,3081675355.0,40.97,600417
NML,Neuberger Energy Infrastructure and Income Fund Inc. Common Stock,Finance,Finance/Investors Services,United States,0.0,10.14,86418
NMM,Navios Maritime Partners LP Common Units Representing Limited Partner Interests,Consumer Discretionary,Marine Transportation,Greece,2634773171.0,90.33,141779
NMP,NMP Acquisition Corp. Class A Ordinary Shares,Finance,Blank Checks,United States,0.0,10.38,3111
NMPAR,NMP Acquisition Corp. Right,Finance,Blank Checks,United States,0.0,0.2499,401
NMR,Nomura Holdings Inc ADR American Depositary Shares,Finance,Investment Bankers/Brokers/Service,Japan,29071398984.0,10.02,623498
NMRA,Neumora Therapeutics Inc. Common Stock,Health Care,Biotechnology: Biological Products (No Diagnostic Substances),United States,129986392.0,0.6918,3410744
NMRK,Newmark Group Inc. Class A Common Stock,Finance,Real Estate,United States,2263545551.0,12.49,2155576
NMS,Nuveen Minnesota Quality Municipal Income Fund,Finance,Finance Companies,United States,0.0,9.74,44033
NMT,Nuveen Massachusetts Quality Municipal Income Fund Common Stock,Finance,Finance/Investors Services,United States,0.0,10.23,62715
NMTC,NeuroOne Medical Technologies Corporation Common Stock,Health Care,Medical/Dental Instruments,United States,11837492.0,1.3,30195
NMZ,Nuveen Municipal High Income Opportunity Fund Common Stock $0.01 par value per share,Finance,Finance/Investors Services,United States,0.0,8.77,2200427
NN,NextNav Inc. Common Stock,Industrials,Industrial Machinery/Components,United States,2403853118.0,14.24,1834965
NNBR,NN Inc. Common Stock,Industrials,Industrial Machinery/Components,United States,307200814.0,3.72,1616983
NNDM,Nano Dimension Ltd. American Depositary Shares,Technology,Electrical Products,Israel,328908857.0,1.56,952657
NNE,Nano Nuclear Energy Inc. Common Stock,Utilities,Electric Utilities: Central,United States,867762039.0,16.16,1443137
NNI,Nelnet Inc. Common Stock,Finance,Finance: Consumer Services,United States,4438439284.0,124.05,127422
NNN,NNN REIT Inc. Common Stock,Real Estate,Real Estate Investment Trusts,United States,7945959960.0,41.4,3605545
NNNN,Anbio Biotechnology Class A Ordinary Shares,Health Care,Biotechnology: In Vitro & In Vivo Diagnostic Substances,Germany,876297408.0,6.09,29735
NNOX,NANO-X IMAGING LTD Ordinary Shares,Health Care,Medical Electronics,Israel,49675878.0,0.6321,779053
NNVC,NanoViricides Inc. Common Stock,Health Care,Biotechnology: Pharmaceutical Preparations,United States,38291030.0,1.5,638609
NNY,Nuveen New York Municipal Value Fund Common Stock,Finance,Investment Managers,United States,0.0,7.63,129097
NOA,North American Construction Group Ltd. Common Shares (no par),Energy,Oilfield Services/Equipment,Canada,336959218.0,12.16,86350
NOAH,Noah Holdings Limited American Depositary Shares,Finance,Investment Managers,China,533731190.0,7.96,120786
NOC,Northrop Grumman Corporation Common Stock,Industrials,Industrial Machinery/Components,United States,71855478551.0,505.8,557527
NODK,NI Holdings Inc. Common Stock,Finance,Property-Casualty Insurers,United States,304234420.0,14.91,30542
NOEM,CO2 Energy Transition Corp. Common Stock,Other,,United States,0.0,10.58,16
NOEMR,CO2 Energy Transition Corp. Right,Other,,United States,0.0,0.176,3
NOEMW,CO2 Energy Transition Corp. Warrant,Other,,United States,0.0,0.115,242
NOG,Northern Oil and Gas Inc. Common Stock,Energy,Oil & Gas Production,United States,2473005261.0,23.21,3586260
NOK,Nokia Corporation Sponsored American Depositary Shares,Technology,Radio And Television Broadcasting And Communications Equipment,Finland,58111465724.0,10.12,56057134
NOMA,NOMADAR Corp. Class A Common Stock,Consumer Discretionary,Services-Misc. Amusement & Recreation,United States,25141405.0,1.645,23040
NOMD,Nomad Foods Limited Ordinary Shares,Consumer Staples,Packaged Foods,United Kingdom,1514637741.0,10.66,864591
NOV,NOV Inc. Common Stock,Consumer Discretionary,Oil and Gas Field Machinery,United States,6951323438.0,19.5,4070985
NOVT,Novanta Inc. Common Stock,Miscellaneous,Industrial Machinery/Components,United States,5373148762.0,142.08,299164
NOVTU,Novanta Inc. Tangible Equity Units,Miscellaneous,Industrial Machinery/Components,United States,2287596907.0,60.49,102422
NOW,ServiceNow Inc. Common Stock,Technology,Computer Software: Prepackaged Software,United States,135919300000.0,131.45,11935980
NP,Neptune Insurance Holdings Inc. Class A Common Stock,Finance,Specialty Insurers,,3815079902.0,27.8,501775
NPAC,New Providence Acquisition Corp. III Class A Ordinary Shares,Finance,Blank Checks,United States,0.0,10.49,289
NPACU,New Providence Acquisition Corp. III Units,Finance,Blank Checks,United States,0.0,10.51,3680
NPB,Northpointe Bancshares Inc. Common Stock,Finance,Major Banks,United States,522531633.0,15.11,206346
NPCE,Neuropace Inc. Common Stock,Health Care,Medical/Dental Instruments,United States,485688477.0,14.15,134560
NPCT,Nuveen Core Plus Impact Fund Common Shares of Beneficial Interest,Finance,Investment Managers,United States,0.0,9.17,109775
NPFD,Nuveen Variable Rate Preferred & Income Fund Common Shares,Finance,Trusts Except Educational Religious and Charitable,United States,0.0,17.21,86317
NPK,National Presto Industries Inc. Common Stock,Industrials,Ordnance And Accessories,United States,1043863881.0,146.28,105857
NPKI,NPK International Inc. Common Stock,Industrials,Misc Corporate Leasing Services,United States,983256573.0,11.58,631595
NPO,Enpro Inc. Common Stock,Industrials,Metal Fabrications,United States,6507791847.0,307.44,166462
NPT,Texxon Holding Limited Ordinary shares,Consumer Discretionary,Specialty Chemicals,China,62783550.0,2.83,994
NPV,Nuveen Virginia Quality Municipal Income Fund Common Stock,Finance,Investment Managers,United States,0.0,9.21,100110
NPWR,NET Power Inc. Class A Common Stock,Energy,Industrial Machinery/Components,United States,350779355.0,1.56,387319
NRC,NRC Health Common Stock,Health Care,Biotechnology: Commercial Physical & Biological Resarch,United States,443718494.0,20.06,83326
NRDS,NerdWallet Inc. Class A Common Stock,Technology,EDP Services,United States,544625442.0,8.52,718900
NRDY,Nerdy Inc. Class A Common Stock,Real Estate,Other Consumer Services,United States,108451201.0,8.49,14186
NREF,NexPoint Real Estate Finance Inc. Common Stock,Real Estate,Real Estate Investment Trusts,United States,291390528.0,15.46,72237
NREF^A,NexPoint Real Estate Finance Inc. 8.50% Series A Cumulative Redeemable Preferred Stock,Other,,United States,,25.31,2997
NRG,NRG Energy Inc. Common Stock,Utilities,Electric Utilities: Central,United States,20390416851.0,97.0,2853633
NRGV,Energy Vault Holdings Inc. Common Stock,Miscellaneous,Industrial Machinery/Components,United States,736450259.0,4.05,4134095
NRIM,Northrim BanCorp Inc Common Stock,Finance,Savings Institutions,United States,545441662.0,24.52,100865
NRIX,Nurix Therapeutics Inc. Common stock,Health Care,Biotechnology: Pharmaceutical Preparations,United States,2456512437.0,23.67,2007875
NRK,Nuveen New York AMT-Free Quality Municipal Income Fund,Finance,Trusts Except Educational Religious and Charitable,United States,0.0,9.12,951451
NRO,Neuberger Real Estate Securities Income Fund Inc. Common Stock,Finance,Finance/Investors Services,United States,0.0,2.58,647780
NRP,Natural Resource Partners LP Limited Partnership,Energy,Coal Mining,United States,1453702701.0,109.71,17261
NRSN,NeuroSense Therapeutics Ltd. Ordinary Shares,Health Care,Biotechnology: Pharmaceutical Preparations,Israel,9674200.0,5.1,61898
NRSNW,NeuroSense Therapeutics Ltd. Warrant,Health Care,Biotechnology: Pharmaceutical Preparations,Israel,76066.0,0.0401,7
NRT,North European Oil Royality Trust Common Stock,Energy,Oil & Gas Production,United States,78579545.0,8.55,9414
NRUC,National Rural Utilities Cooperative Finance Corporation 5.500% Subordinated Notes due 2064 (Subordinated Deferrable Interest Notes),Finance,Diversified Financial Services,United States,0.0,20.86,34336
NRXP,NRX Pharmaceuticals Inc. Common Stock,Health Care,Biotechnology: Pharmaceutical Preparations,United States,124258851.0,2.87,736838
NRXS,Neuraxis Inc. Common Stock,Health Care,Biotechnology: Electromedical & Electrotherapeutic Apparatus,United States,92927461.0,7.4,63874
NSAI,NorthStrive Acquisition Corp I. Class A Ordinary Shares,Other,,United States,0.0,9.87,1290
NSAIR,NorthStrive Acquisition Corp I. Rights,Other,,United States,0.0,0.14,114
NSAIU,NorthStrive Acquisition Corp I. Units,Other,,United States,0.0,10.02,207
NSAIW,NorthStrive Acquisition Corp I. Warrants,Other,,United States,0.0,0.05,2
NSC,Norfolk Southern Corporation Common Stock,Industrials,Railroads,United States,70313651168.0,313.05,725119
NSIT,Insight Enterprises Inc. Common Stock,Consumer Discretionary,Catalog/Specialty Distribution,United States,4577246646.0,155.96,273615
NSLR,Neostellar Capital Corp. Common Stock,Finance,Finance: Consumer Services,United States,207550060.0,7.84,228717
NSLRL,Neostellar Capital Corp. 6.00% Notes due 2026,Finance,Finance: Consumer Services,United States,658389031.0,24.87,306
NSP,Insperity Inc. Common Stock,Consumer Discretionary,Professional Services,United States,1791740116.0,46.91,489502
NSPR,InspireMD Inc. Common Stock,Health Care,Medical/Dental Instruments,Israel,32054247.0,0.6895,23497
NSRX,Nasus Pharma Ltd. Ordinary Shares,Health Care,Biotechnology: Pharmaceutical Preparations,,42041801.0,3.59,115681
NSSC,NAPCO Security Technologies Inc. Common Stock,Telecommunications,Telecommunications Equipment,United States,1254041401.0,35.06,299559
NSTS,NSTS Bancorp Inc. Common Stock,Finance,Savings Institutions,United States,74226741.0,14.13,4597
NSYS,Nortech Systems Incorporated Common Stock,Technology,Industrial Machinery/Components,United States,31391426.0,11.0,8401
NTAP,NetApp Inc. Common Stock,Technology,Electronic Components,United States,40150008812.0,204.41,2953234
NTB,Bank of N.T. Butterfield & Son Limited (The) Voting Ordinary Shares,Finance,Commercial Banks,Bermuda,2352000000.0,58.8,184679
NTCL,NETCLASS TECHNOLOGY INC Class A Ordinary Shares,Technology,Computer Software: Prepackaged Software,China,5064169.0,2.085,23035
NTCT,NetScout Systems Inc. Common Stock,Technology,EDP Services,United States,2865395166.0,39.41,551387
NTES,NetEase Inc. American Depositary Shares,Technology,Computer Software: Prepackaged Software,China,77239025829.0,121.04,746030
NTGR,NETGEAR Inc. Common Stock,Utilities,Telecommunications Equipment,United States,597394882.0,21.98,392318
NTHI,NeOnc Technologies Holdings Inc. Common Stock,Health Care,Biotechnology: Pharmaceutical Preparations,United States,94060860.0,3.16,108760
NTIC,Northern Technologies International Corporation Common Stock,Industrials,Industrial Specialties,United States,74072224.0,7.8,1094
NTIP,Network-1 Technologies Inc. Common Stock,Miscellaneous,Multi-Sector Companies,United States,35437931.0,1.55,19326
NTLA,Intellia Therapeutics Inc. Common Stock,Health Care,Biotechnology: In Vitro & In Vivo Diagnostic Substances,United States,1600246834.0,11.42,3300154
NTNX,Nutanix Inc. Class A Common Stock,Technology,Computer Software: Prepackaged Software,United States,18588171297.0,68.7,1817782
NTR,Nutrien Ltd. Common Shares,Industrials,Agricultural Chemicals,Canada,34691641531.0,71.98,4427385
NTRA,Natera Inc. Common Stock,Health Care,Medical Specialities,United States,59354244881.0,411.77,1650434
NTRB,Nutriband Inc. Common Stock,Health Care,Industrial Specialties,United States,100041271.0,8.23,284873
NTRBW,Nutriband Inc. Warrant,Health Care,Industrial Specialties,United States,20178434.0,1.66,45473
NTRP,NextTrip Inc. Common Stock,Consumer Discretionary,Transportation Services,United States,28512731.0,1.89,70924
NTRS,Northern Trust Corporation Common Stock,Finance,Major Banks,United States,31934909231.0,174.55,833587
NTRSO,Northern Trust Corporation Depositary Shares Each Representing a 1/1000th Interest in a Share of Series E Non-Cumulative Perpetual Preferred Stock,Finance,Major Banks,United States,3331622441.0,18.21,107872
NTSK,Netskope Inc. Class A Common Stock,Technology,Computer Software: Prepackaged Software,United States,7293291302.0,17.85,4880471
NTST,NetSTREIT Corp. Common Stock,Real Estate,Real Estate Investment Trusts,United States,1840702604.0,18.13,1391261
NTWK,NetSol Technologies Inc. Common  Stock,Technology,Computer Software: Prepackaged Software,United States,63776343.0,5.37,363692
NTWO,Newbury Street II Acquisition Corp Class A Ordinary Shares,Other,,United States,0.0,10.825,29629
NTWOU,Newbury Street II Acquisition Corp Unit,Other,,United States,0.0,11.4,1025
NTWOW,Newbury Street II Acquisition Corp Warrant,Other,,United States,0.0,0.95,35058
NU,Nu Holdings Ltd. Class A Ordinary Shares,Finance,Finance: Consumer Services,Cayman Islands,59384888519.0,12.23,143669902
NUAI,New Era Energy & Digital Inc. Common Stock,Energy,Oil & Gas Production,United States,741652999.0,6.96,7452453
NUAIW,New Era Energy & Digital Inc. Warrants,Energy,Oil & Gas Production,United States,383613620.0,3.6,39826
NUCL,Eagle Nuclear Energy Corp. Common stock,Basic Materials,Other Metals and Minerals,United States,187240121.0,6.33,188114
NUCLW,Eagle Nuclear Energy Corp. Warrants,Basic Materials,Other Metals and Minerals,United States,17747879.0,0.6,32493
NUE,Nucor Corporation Common Stock,Industrials,Steel/Iron Ore,United States,55468834025.0,244.49,1172357
NUR,Nuran Wireless Inc. Common Shares,Other,,Canada,12802817.0,0.9703,83226
NUS,Nu Skin Enterprises Inc. Common Stock,Health Care,Other Pharmaceuticals,United States,225859582.0,4.64,317159
NUTX,Nutex Health Inc. Common Stock,Consumer Discretionary,Business Services,United States,1456803536.0,212.735,163554
NUV,Nuveen Municipal Value Fund Inc. Common Stock,Finance,Trusts Except Educational Religious and Charitable,United States,0.0,8.15,3393350
NUVB,Nuvation Bio Inc. Class A Common Stock,Health Care,Biotechnology: Pharmaceutical Preparations,United States,1966290105.0,5.6,4592492
NUW,Nuveen AMT-Free Municipal Value Fund,Finance,Investment Managers,United States,0.0,12.79,143130
NUWE,Nuwellis Inc. Common Stock,Health Care,Biotechnology: Electromedical & Electrotherapeutic Apparatus,United States,2772650.0,0.7602,159820
NVA,Nova Minerals Corp Common Stock,Basic Materials,Precious Metals,,2408490604.0,5.34,567773
NVAX,Novavax Inc. Common Stock,Health Care,Biotechnology: Biological Products (No Diagnostic Substances),United States,1781413841.0,10.8,4461698
NVCR,NovoCure Limited Ordinary Shares,Health Care,Medical/Dental Instruments,Jersey,1843337647.0,15.83,896022
NVCT,Nuvectis Pharma Inc. Common Stock,Health Care,Biotechnology: Pharmaceutical Preparations,United States,678698713.0,20.81,137924
NVDA,NVIDIA Corporation Common Stock,Technology,Semiconductors,United States,5515526000000.0,228.86,142692596
NVEC,NVE Corporation Common Stock,Technology,Semiconductors,United States,531169198.0,109.81,85607
NVG,Nuveen AMT-Free Municipal Credit Income Fund,Finance,Investment Managers,United States,0.0,10.48,2313159
NVGS,Navigator Holdings Ltd. Ordinary Shares (Marshall Islands),Consumer Discretionary,Marine Transportation,Marshall Islands,1414163335.0,22.92,326994
NVMI,Nova Ltd. Ordinary Shares,Technology,Electronic Components,Israel,11773048488.0,370.42,250210
NVNI,Nvni Group Limited Ordinary Shares,Technology,Computer Software: Prepackaged Software,Cayman Islands,10989436.0,0.9399,30639
NVNIW,Nvni Group Limited Warrants,Technology,Computer Software: Prepackaged Software,Cayman Islands,210458.0,0.018,343
NVNO,enVVeno Medical Corporation Common Stock,Health Care,Medical/Dental Instruments,United States,6121417.0,8.81,1045
NVO,Novo Nordisk A/S Common Stock,Health Care,Biotechnology: Pharmaceutical Preparations,Denmark,171405190429.0,38.71,11428807
NVR,NVR Inc. Common Stock,Consumer Discretionary,Homebuilding,United States,16703049345.0,6267.89,37510
NVRI,Enviri Corporation Common Stock,Miscellaneous,Diversified Commercial Services,,545478803.0,19.35,299076
NVS,Novartis AG Common Stock,Health Care,Biotechnology: Pharmaceutical Preparations,Switzerland,280269318612.0,146.88,1949458
NVST,Envista Holdings Corporation Common Stock,Health Care,Medical/Dental Instruments,United States,3811458235.0,23.73,2571434
NVT,nVent Electric plc Ordinary Shares,Industrials,Industrial Machinery/Components,United Kingdom,25978199210.0,160.5,2102193
NVTS,Navitas Semiconductor Corporation Common Stock,Technology,Semiconductors,United States,3062626614.0,11.73,20602388
NVX,NOVONIX Limited American Depository Shares,Miscellaneous,Industrial Machinery/Components,Australia,57896410.0,2.69,16468
NWAX,New America Acquisition I Corp. Class A Common Stock,Finance,Blank Checks,,0.0,10.075,378519
NWBI,Northwest Bancshares Inc. Common Stock,Finance,Major Banks,United States,2214461925.0,15.12,1049775
NWCL,newcleo plc Ordinary Shares,Industrials,Metal Fabrications,United Kingdom,3871279868.0,7.6,276142
NWCLW,newcleo plc Warrants,Industrials,Metal Fabrications,United Kingdom,382034198.0,0.75,62391
NWE,NorthWestern Energy Group Inc. Common Stock,Utilities,Power Generation,United States,4186904871.0,68.06,565873
NWFL,Norwood Financial Corp. Common Stock,Finance,Major Banks,United States,369580309.0,33.9,53721
NWG,NatWest Group plc American Depositary Shares (each representing two (2) Ordinary Shares),Finance,Commercial Banks,United Kingdom,72902134436.0,18.34,3212156
NWGL,CL Workshop Group Limited American Depositary Shares,Basic Materials,Forest Products,China,38663241.0,1.34,27451
NWL,Newell Brands Inc. Common Stock,Industrials,Plastic Products,United States,2316896000.0,5.44,4586450
NWN,Northwest Natural Holding Company Common Stock,Utilities,Oil/Gas Transmission,United States,1969977578.0,46.8,228777
NWPX,NWPX Infrastructure Inc. Common Stock,Industrials,Steel/Iron Ore,United States,993691898.0,103.11,111814
NWS,News Corporation Class B Common Stock,Consumer Discretionary,Newspapers/Magazines,United States,17423979137.0,32.24,744150
NWSA,News Corporation Class A Common Stock,Consumer Discretionary,Newspapers/Magazines,United States,15726978687.0,29.1,5097119
NWTG,Newton Golf Company Inc. Common Stock,Consumer Discretionary,Recreational Games/Products/Toys,United States,5682750.0,1.005,296622
NX,Quanex Building Products Corporation Common Stock,Industrials,Metal Fabrications,United States,888111911.0,19.38,317864
NXAT,Nexus Advanced Technologies Inc. Ordinary Shares,Consumer Discretionary,Movies/Entertainment,Cayman Islands,3123567.0,1.1525,20928
NXATW,Nexus Advanced Technologies Inc. Warrant,Consumer Discretionary,Movies/Entertainment,Cayman Islands,27916.0,0.0103,203
NXB,NextBoat Inc. Common Stcok,Industrials,Marine Transportation,,49280074.0,1.96,10480
NXDR,Nextdoor Holdings Inc. Class A Common Stock,Technology,Computer Software: Programming Data Processing,United States,936173133.0,2.42,1478103
NXDT,NexPoint Diversified Real Estate Trust Common Stock,Real Estate,Real Estate Investment Trusts,United States,277744521.0,5.23,142036
NXDT^A,NexPoint Diversified Real Estate Trust 5.50% Series A Cumulative Preferred Shares ($25.00 liquidation preference per share),Other,,United States,,12.62,5255
NXE,Nexgen Energy Ltd. Common Shares,Basic Materials,Other Metals and Minerals,Canada,6027849848.0,8.99,4448361
NXG,NXG NextGen Infrastructure Income Fund Common Shares of Beneficial Interest,Other,,United States,139868145.0,53.76,44175
NXGL,NexGel Inc Common Stock,Health Care,Medical/Dental Instruments,United States,1735084.0,0.178,767804
NXGLW,NexGel Inc Warrant,Health Care,Medical/Dental Instruments,United States,118921.0,0.0122,9307
NXH,Neighborhood Intelligence Inc. Common Stock,Consumer Discretionary,Catalog/Specialty Distribution,United States,295087840.0,3.09,3861479
NXL,Nexalin Technology Inc. Common Stock,Health Care,Biotechnology: Electromedical & Electrotherapeutic Apparatus,United States,3541538.0,4.27,5719
NXP,Nuveen Select Tax Free Income Portfolio Common Stock,Finance,Trusts Except Educational Religious and Charitable,United States,608856460.0,13.01,644049
NXPI,NXP Semiconductors N.V. Common Stock,Technology,Semiconductors,Netherlands,59591437600.0,236.32,3629340
NXPL,NextPlat Corp Common Stock,Telecommunications,Telecommunications Equipment,United States,24961642.0,9.2,1745
NXRT,NexPoint Residential Trust Inc. Common Stock,Real Estate,Real Estate Investment Trusts,United States,506908290.0,19.84,1443748
NXST,Nexstar Media Group Inc. Common Stock,Industrials,Broadcasting,United States,4984166936.0,161.78,371882
NXT,Nextpower Inc. Common Stock,Technology,Semiconductors,United States,12006356918.0,79.13,1985005
NXTC,NextCure Inc. Common Stock,Health Care,Biotechnology: Pharmaceutical Preparations,United States,23252984.0,5.08,63203
NXTS,Nexentis Technologies Inc. Common Stock,Industrials,Agricultural Chemicals,Israel,2129133.0,1.465,6853
NXTT,Next Technology Holding Inc. Ordinary Shares,Technology,EDP Services,China,7718321.0,5.24,30052
NXXT,NextNRG Inc. Common Stock,Consumer Discretionary,Retail-Auto Dealers and Gas Stations,United States,14820964.0,0.8815,207962
NYAX,Nayax Ltd. Ordinary Shares,Technology,Computer Software: Prepackaged Software,Israel,1668461649.0,44.66,27885
NYC,American Strategic Investment Co. Class A Common Stock,Real Estate,Real Estate Investment Trusts,,20025791.0,6.33,13353
NYT,New York Times Company (The) Common Stock,Consumer Discretionary,Newspapers/Magazines,United States,10299468655.0,64.17,3073491
NYXH,Nyxoah SA Ordinary Shares,Health Care,Medical/Dental Instruments,Belgium,159115776.0,1.59,642601
NZF,Nuveen Municipal Credit Income Fund,Finance,Finance Companies,United States,0.0,10.72,3156416
O,Realty Income Corporation Common Stock,Real Estate,Real Estate Investment Trusts,United States,52373168127.0,55.35,10320021
OABI,OmniAb Inc. Common Stock,Health Care,Biotechnology: Commercial Physical & Biological Resarch,United States,689150487.0,4.74,674996
OACC,Oaktree Acquisition Corp. III Life Sciences Class A Ordinary Share,Finance,Blank Checks,United States,0.0,10.78,14
OAK^A,Brookfield Oaktree Holdings LLC 6.625% Series A Preferred Units,Other,,United States,,20.31,7224
OAK^B,Brookfield Oaktree Holdings LLC 6.550% Series B Preferred Units,Other,,United States,,20.27,11267
OBA,Oxley Bridge Acquisition Limited Class A Ordinary Shares,Finance,Blank Checks,Hong Kong,0.0,10.34,199
OBAI,Our Bond Inc. Common Stock,Consumer Discretionary,Telecommunications Equipment,United States,6678547.0,0.2228,752077
OBAWU,Oxley Bridge Acquisition Limited Unit,Other,,Hong Kong,0.0,10.42,412
OBDC,Blue Owl Capital Corporation Common Stock,Finance,Diversified Financial Services,United States,5311145468.0,10.77,3598843
OBE,Obsidian Energy Ltd. Common Shares,Energy,Oil & Gas Production,Canada,711961832.0,10.67,579768
OBIO,Orchestra BioMed Holdings Inc. Ordinary Shares,Health Care, Medicinal Chemicals and Botanical Products ,United States,354018739.0,5.89,177460
OBK,Origin Bancorp Inc. Common Stock,Finance,Major Banks,United States,1635341431.0,53.01,151706
OBT,Orange County Bancorp Inc. Common Stock,Finance,Major Banks,United States,505212046.0,37.68,64107
OBX,Obsidian Therapeutics Inc. Common Stock,Health Care,Biotechnology: Pharmaceutical Preparations,United States,825903352.0,13.37,912966
OC,Owens Corning Inc Common Stock New,Industrials,Industrial Machinery/Components,United States,9646310786.0,122.03,844380
OCAC,Ocean Capital Acquisition Corporation Ordinary Shares,Finance,Blank Checks,,0.0,9.98,5210
OCC,Optical Cable Corporation Common Stock,Industrials,Telecommunications Equipment,United States,132188259.0,14.95,208353
OCCI,OFS Credit Company Inc. Common Stock,Finance,Trusts Except Educational Religious and Charitable,United States,25904817.0,2.23,91043
OCCIM,OFS Credit Company Inc. 7.875% Series F Term Preferred Stock,Other,,United States,0.0,24.85,120
OCCIN,OFS Credit Company Inc. 5.25% Series E Term Preferred Stock Due 2026,Finance,Trusts Except Educational Religious and Charitable,United States,289831925.0,24.95,4501
OCFC,OceanFirst Financial Corp. Common Stock,Finance,Major Banks,United States,1615908062.0,16.72,918496
OCG,Oriental Culture Holding LTD Ordinary Shares,Consumer Discretionary,Other Consumer Services,China,2868702.0,1.48,22549
OCGN,Ocugen Inc. Common Stock,Health Care,Biotechnology: Biological Products (No Diagnostic Substances),United States,349283713.0,1.03,4859582
OCLT,OceanLight Acquisition Corporation Ordinary Shares,Finance,Blank Checks,United States,0.0,9.89,265456
OCLTR,OceanLight Acquisition Corporation Rights,Finance,Blank Checks,United States,0.0,0.15,1401
OCLTU,OceanLight Acquisition Corporation Units,Finance,Blank Checks,United States,0.0,10.2,11228
OCS,Oculis Holding AG Ordinary shares,Health Care,Biotechnology: Pharmaceutical Preparations,Switzerland,525339008.0,9.06,267006
OCSAW,Oculis Holding AG Warrants,Health Care,Biotechnology: Pharmaceutical Preparations,Switzerland,158645422.0,2.736,3730
OCSL,Oaktree Specialty Lending Corporation Common Stock,Finance,Finance: Consumer Services,United States,1057026276.0,12.0,319941
OCTV,Octave Intelligence plc Class B Ordinary Shares,Technology,Computer Software: Prepackaged Software,United States,4987574101.0,18.58,1976054
OCUL,Ocular Therapeutix Inc. Common Stock,Health Care,Biotechnology: Pharmaceutical Preparations,United States,1681159470.0,7.655,15442553
ODC,Oil-Dri Corporation Of America Common Stock,Consumer Discretionary,Miscellaneous manufacturing industries,United States,1299313883.0,89.68,190550
ODD,ODDITY Tech Ltd. Class A Ordinary Shares,Consumer Discretionary,Package Goods/Cosmetics,Israel,997157656.0,17.6,780865
ODFL,Old Dominion Freight Line Inc. Common Stock,Industrials,Trucking Freight/Courier Services,United States,36671018601.0,176.85,1949957
ODTX,Odyssey Therapeutics Inc. Common Stock,Health Care,Biotechnology: Biological Products (No Diagnostic Substances),United States,1031816575.0,21.47,213064
ODYS,Odysight.ai Inc. Common Stock,Technology,EDP Services,Israel,60733215.0,3.0,6741
OEC,Orion S.A. Common Shares,Industrials,Major Chemicals,Luxembourg,331788243.0,5.87,400415
OESX,Orion Energy Systems Inc. Common Stock,Consumer Discretionary,Building Products,United States,124559652.0,30.46,48595
OFAL,OFA Group Class A Ordinary Shares,Consumer Discretionary,Military/Government/Technical,Hong Kong,14213455.0,0.5373,4959068
OFG,OFG Bancorp Common Stock,Finance,Major Banks,Puerto Rico,2163993293.0,51.2,264730
OFIX,Orthofix Medical Inc. Common Stock (DE),Health Care,Medical/Dental Instruments,Curacao,400808863.0,9.84,438109
OFLX,Omega Flex Inc. Common Stock,Industrials,Industrial Specialties,United States,259121246.0,25.67,27676
OFRM,Once Upon a Farm PBC Common Stock,Consumer Staples,Packaged Foods,,690326335.0,16.44,262432
OFS,OFS Capital Corporation Common Stock,Finance,Finance/Investors Services,United States,49036965.0,3.66,107082
OFSSH,OFS Capital Corporation 4.95% Notes due 2028,Finance,Finance Companies,United States,319410180.0,23.84,104
OGC,OceanaGold Corporation Common Shares,Other,,,6038191359.0,26.93,356975
OGE,OGE Energy Corp Common Stock,Utilities,Electric Utilities: Central,United States,9230051903.0,44.68,2185108
OGEN,Oragenics Inc. Common Stock,Health Care,Biotechnology: Pharmaceutical Preparations,United States,2127839.0,0.4716,33316
OGG,Osisko Gold Group Inc. Common Shares,Basic Materials,Precious Metals,Canada,850229187.0,2.78,2105592
OGI,Organigram Global Inc. Common Shares,Health Care,Biotechnology: Pharmaceutical Preparations,Canada,152992049.0,1.085,534136
OGN,Organon & Co. Common Stock,Health Care,Biotechnology: Pharmaceutical Preparations,United States,3605627515.0,13.73,1989785
OGS,ONE Gas Inc. Common Stock,Utilities,Oil/Gas Transmission,United States,4504280308.0,71.66,698544
OHAC,Oceanhawk Acquisition Corp. Class A Ordinary Shares,Other,,United States,0.0,10.0,857
OHACU,Oceanhawk Acquisition Corp. Units,Other,,United States,0.0,10.2499,18
OHI,Omega Healthcare Investors Inc. Common Stock,Real Estate,Real Estate Investment Trusts,United States,14144646840.0,46.68,1686056
OI,O-I Glass Inc. Common Stock,Consumer Discretionary,Containers/Packaging,United States,888153338.0,5.78,4908853
OIA,Invesco Municipal Income Opportunities Trust Common Stock,Finance,Finance Companies,United States,256118069.0,5.38,585678
OIG,Orion180 Insurance Group Inc. Class A common stock,Finance,Specialty Insurers,United States,926943751.0,9.36,160420
OII,Oceaneering International Inc. Common Stock,Energy,Oilfield Services/Equipment,United States,4562438927.0,45.84,538404
OIM,OneIM Acquisition Corp. Class A Ordinary Shares,Other,,United States,0.0,10.15,128
OIMAU,OneIM Acquisition Corp. Units,Finance,Blank Checks,United States,0.0,10.21,186
OIMAW,OneIM Acquisition Corp. Warrant,Other,,United States,0.0,0.655,1000
OIO,OIO Group Ordinary Shares,Utilities,Environmental Services,Singapore,504632057.0,1.45,126885
OIS,Oil States International Inc. Common Stock,Consumer Discretionary,Oil and Gas Field Machinery,United States,501280964.0,8.31,1250958
OKE,ONEOK Inc. Common Stock,Utilities,Oil & Gas Production,United States,55863359890.0,88.62,3309987
OKLO,Oklo Inc. Class A common stock,Utilities,Electric Utilities: Central,United States,6903114992.0,37.11,6620052
OKTA,Okta Inc. Class A Common Stock,Technology,Computer Software: Prepackaged Software,United States,35345295223.0,202.18,3650415
OKUR,OnKure Therapeutics Inc. Class A Common Stock,Health Care,Biotechnology: Pharmaceutical Preparations,United States,111769813.0,2.76,442234
OKYO,OKYO Pharma Limited Ordinary Shares,Health Care,Biotechnology: Biological Products (No Diagnostic Substances),Guernsey,71896952.0,1.37,141723
OLB,The OLB Group Inc. Common Stock,Consumer Discretionary,Business Services,United States,4686421.0,0.195,779269
OLED,Universal Display Corporation Common Stock,Technology,Electrical Products,United States,3469117037.0,75.47,402827
OLLI,Ollie's Bargain Outlet Holdings Inc. Common Stock,Consumer Discretionary,Department/Specialty Retail Stores,United States,5080687529.0,85.53,1729780
OLMA,Olema Pharmaceuticals Inc. Common Stock,Health Care,Biotechnology: Pharmaceutical Preparations,United States,753354396.0,8.61,979261
OLN,Olin Corporation Common Stock,Industrials,Major Chemicals,United States,1829418965.0,16.05,2447823
OLOX,Olenox Industries Inc. Common Stock,Consumer Discretionary,RETAIL: Building Materials,United States,1385555.0,0.835,219209
OLP,One Liberty Properties Inc. Common Stock,Real Estate,Real Estate Investment Trusts,United States,481460029.0,22.06,127620
OM,Outset Medical Inc. Common Stock,Health Care,Biotechnology: Electromedical & Electrotherapeutic Apparatus,United States,55639605.0,2.96,186344
OMAB,Grupo Aeroportuario del Centro Norte S.A.B. de C.V. ADS,Consumer Discretionary,Aerospace,Mexico,4917384903.0,101.87,141350
OMC,Omnicom Group Inc. Common Stock,Consumer Discretionary,Advertising,United States,20603382122.0,75.1,2772184
OMCL,Omnicell Inc. Common Stock ($0.001 par value),Technology,Computer Manufacturing,United States,1544976121.0,33.87,563671
OMDA,Omada Health Inc. Common Stock,Health Care,Medical/Nursing Services,United States,1186991871.0,19.39,1762226
OMER,Omeros Corporation Common Stock,Health Care,Biotechnology: Pharmaceutical Preparations,United States,1406504980.0,19.43,1026430
OMEX,Odyssey Marine Exploration Inc. Common Stock,Consumer Discretionary,Marine Transportation,United States,40256424.0,0.6859,231973
OMF,OneMain Holdings Inc. Common Stock,Finance,Finance: Consumer Services,United States,6468781802.0,56.23,765489
OMH,Ohmyhome Limited Class A Ordinary Shares,Finance,Real Estate,Singapore,4137288.0,2.45,44592
OMSE,OMS Energy Technologies Inc. Ordinary Shares,Consumer Discretionary,Oil and Gas Field Machinery,Singapore,179558018.0,4.23,25868
ON,ON Semiconductor Corporation Common Stock,Technology,Semiconductors,United States,29451953073.0,75.65,10413723
ONB,Old National Bancorp Common Stock,Finance,Major Banks,United States,9644589700.0,25.21,4441936
ONBPO,Old National Bancorp Depositary Shares Each Representing a 1/40th Interest in a Share of Series C Preferred Stock,Finance,Major Banks,United States,9468607500.0,24.75,6938
ONBPP,Old National Bancorp Depositary Shares Each Representing a 1/40th Interest in a Share of Series A Preferred Stock,Finance,Major Banks,United States,9483910300.0,24.79,2880
ONC,BeOne Medicines Ltd. American Depositary Shares,Health Care,Biotechnology: Pharmaceutical Preparations,Cayman Islands,41728588859.0,367.0,350550
ONCH,1RT Acquisition Corp. Class A Ordinary Share,Other,,United States,0.0,10.33,4239
ONCO,Onconetix Inc. Common Stock,Health Care,Biotechnology: Pharmaceutical Preparations,United States,4862379.0,1.11,22570101
ONCY,Oncolytics Biotech Inc. Common Stock,Health Care,Biotechnology: Pharmaceutical Preparations,Canada,84539465.0,0.663,1134649
ONDS,Ondas Inc. Common Stock,Technology,Radio And Television Broadcasting And Communications Equipment,United States,4472084728.0,7.68,53018699
ONEG,OneConstruction Group Limited Ordinary Shares,Consumer Discretionary,Homebuilding,Hong Kong,16160000.0,1.01,80964
ONEN,ONE Nuclear Energy Inc. Common Stock,Utilities,Electric Utilities: Central,United States,0.0,2.15,334693
ONEW,OneWater Marine Inc. Class A Common Stock,Consumer Discretionary,Auto & Home Supply Stores,United States,162656441.0,9.76,69178
ONFO,Onfolio Holdings Inc. Common Stock,Technology,EDP Services,United States,2649203.0,1.06,5900995
ONFOW,Onfolio Holdings Inc. Warrant,Technology,EDP Services,United States,43737.0,0.0175,121648
ONIT,Onity Group Inc. Common Stock,Finance,Finance: Consumer Services,United States,246291250.0,29.48,68656
ONL,Orion Properties Inc. Common Stock,Real Estate,Real Estate Investment Trusts,United States,143182232.0,2.51,183291
ONMD,OneMedNet Corp Class A Common Stock,Health Care,Biotechnology: Commercial Physical & Biological Resarch,United Kingdom,37528323.0,0.633,568087
ONMDW,OneMedNet Corp Warrant,Health Care,Biotechnology: Commercial Physical & Biological Resarch,United Kingdom,1748950.0,0.0295,17
ONON,On Holding AG Class A Ordinary Shares,Consumer Discretionary,Shoe Manufacturing,,18102932100.0,30.0,7459115
ONT,Onterris Inc. Common Stock,Consumer Discretionary,Professional Services,United States,514119087.0,14.64,1125969
ONTO,Onto Innovation Inc. Common Stock,Industrials,Industrial Machinery/Components,United States,14169698079.0,288.74,395975
OOMA,Ooma Inc. Common Stock,Technology,EDP Services,United States,584568000.0,21.18,580563
OPAD,Offerpad Solutions Inc. Class A Common Stock,Finance,Real Estate,United States,15803089.0,3.27,16184
OPAL,OPAL Fuels Inc. Class A Common Stock,Utilities,Natural Gas Distribution,United States,314442000.0,1.8,343559
OPBK,OP Bancorp Common Stock,Finance,Major Banks,United States,227125074.0,15.21,38627
OPCH,Option Care Health Inc. Common Stock,Health Care,Medical/Nursing Services,United States,3430082065.0,22.9,1889377
OPEN,Opendoor Technologies Inc Common Stock,Finance,Real Estate,United States,2359751252.0,2.43,30377719
OPENL,Opendoor Technologies Inc  Series A Warrants each whole warrant exercisable to purchase one share of Common Stock at an exercise price of $13.00 per warrant,Finance,Real Estate,United States,72928938.0,0.0751,622034
OPENW,Opendoor Technologies Inc  Series K Warrants each whole warrant exercisable to purchase one share of Common Stock at an exercise price of $9.00 per warrant,Finance,Real Estate,United States,118473108.0,0.122,190945
OPENZ,Opendoor Technologies Inc  Series Z Warrants each whole warrant exercisable to purchase one share of Common Stock at an exercise price of $17.00 per warrant,Finance,Real Estate,United States,84484921.0,0.087,1342747
OPFI,OppFi Inc. Class A Common Stock,Finance,Finance: Consumer Services,United States,521474472.0,6.12,516662
OPHC,OptimumBank Holdings Inc. Common Stock,Finance,Major Banks,United States,111708860.0,8.85,65578
OPI,Office Properties Income Trust Common shares of beneficial interest,Finance,Real Estate,United States,363331699.0,16.55,115618
OPK,OPKO Health Inc. Common Stock,Health Care,Biotechnology: Pharmaceutical Preparations,United States,1216515007.0,1.63,1608952
OPLN,OPENLANE Inc. Common Stock,Consumer Discretionary,Retail-Auto Dealers and Gas Stations,United States,4233382918.0,34.68,999873
OPP,RiverNorth/DoubleLine Strategic Opportunity Fund Inc. Common Stock,Finance,Finance/Investors Services,United States,0.0,6.87,72491
OPP^A,RiverNorth/DoubleLine Strategic Opportunity Fund Inc. 4.375% Series A Cumulative Preferred Stock,Other,,United States,,15.05,14252
OPP^B,RiverNorth/DoubleLine Strategic Opportunity Fund Inc. 4.75% Series B Cumulative Preferred Stock,Other,,United States,,16.31,8850
OPP^C,RiverNorth/DoubleLine Strategic Opportunity Fund Inc. 6.00% Series C Term Preferred Stock (Liquidation Preference $10.00 per share),Other,,United States,,10.1301,1684
OPRA,Opera Limited American Depositary Shares,Technology,Computer Software: Prepackaged Software,Norway,1563920926.0,17.4,268472
OPRT,Oportun Financial Corporation Common Stock,Finance,Finance: Consumer Services,United States,380774455.0,8.28,642106
OPRX,OptimizeRx Corporation Common Stock,Consumer Discretionary,Business Services,United States,147108777.0,7.81,142804
OPTH,Optimi Health Corp. Common Shares,Health Care,Biotechnology: Pharmaceutical Preparations,Canada,27770455.0,4.85,15838
OPTT,Ocean Power Technologies Inc. Common Stock,Utilities,Electric Utilities: Central,United States,15187246.0,1.67,547537
OPTU,Optimum Communications Inc. Class A common stock,Telecommunications,Cable & Other Pay Television Services,United States,460140704.0,1.01,1678728
OPTX,Syntec Optics Holdings Inc. Class A Common Stock,Technology,Electronic Components,United States,285584335.0,7.09,213030
OPTXW,Syntec Optics Holdings Inc. Warrant,Technology,Electronic Components,United States,70086988.0,1.74,29019
OPXS,Optex Systems Holdings Inc. Common Stock,Technology,Electronic Components,United States,72730673.0,10.45,7949
OPY,Oppenheimer Holdings Inc. Class A Common Stock (DE),Finance,Investment Bankers/Brokers/Service,United States,1282818999.0,119.8,84092
OR,OR Royalties Inc. Common Shares,Basic Materials,Precious Metals,Canada,6427358218.0,34.28,683642
ORA,Ormat Technologies Inc. Common Stock,Utilities,Electric Utilities: Central,United States,5556863589.0,90.36,831686
ORBS,Eightco Holdings Inc. Common Stock,Finance,Finance Companies,United States,498541784.0,1.16,20515006
ORC,Orchid Island Capital Inc. Common Stock,Real Estate,Real Estate Investment Trusts,United States,1133747528.0,5.68,5355046
ORCL,Oracle Corporation Common Stock,Technology,Computer Software: Prepackaged Software,United States,401977052357.0,132.6,36060163
ORCL^D,Oracle Corporation Depositary Shares each representing a 1/2000th interest in a sh of 6.50% Series D Mandatory Convertible Preferred Stock,Other,,United States,,42.68,377326
ORGO,Organogenesis Holdings Inc. Class A Common Stock,Health Care,Biotechnology: Pharmaceutical Preparations,United States,177570876.0,1.38,446326
ORI,Old Republic International Corporation Common Stock,Finance,Property-Casualty Insurers,United States,9179279694.0,38.02,1928013
ORIC,Oric Pharmaceuticals Inc. Common Stock,Health Care,Biotechnology: Pharmaceutical Preparations,United States,1375470745.0,13.27,1515657
ORIO,Orion Digital Corp. Common Shares,Finance,Finance: Consumer Services,Canada,24256620.0,1.02,36704
ORIQ,Origin Investment Corp I Ordinary Shares,Other,,Singapore,0.0,10.41,184
ORIQU,Origin Investment Corp I Units,Other,,Singapore,71415000.0,10.35,2
ORKA,Oruka Therapeutics Inc. Common Stock,Health Care,Biotechnology: In Vitro & In Vivo Diagnostic Substances,United States,5574194559.0,84.19,923402
ORKT,Orangekloud Technology Inc. Class A Ordinary Shares,Technology,Computer Software: Prepackaged Software,Singapore,5839770.0,1.0,137288
ORLY,O'Reilly Automotive Inc. Common Stock,Consumer Discretionary,Auto & Home Supply Stores,United States,69983198116.0,86.51,4478520
ORMP,Oramed Pharmaceuticals Inc. Common Stock,Health Care,Biotechnology: Pharmaceutical Preparations,Israel,197587432.0,4.75,110395
ORN,Orion Group Holdings Inc. Common,Industrials,Military/Government/Technical,United States,338135672.0,8.35,468687
ORRF,Orrstown Financial Services Inc. Common Stock,Finance,Major Banks,United States,815896086.0,41.48,76386
OSBC,Old Second Bancorp Inc. Common Stock,Finance,Major Banks,United States,1264261543.0,24.85,467674
OSCR,Oscar Health Inc. Class A Common Stock,Health Care,Medical Specialities,United States,9151324250.0,29.65,4007911
OSG,Octave Specialty Group Inc. Common Stock,Finance,Property-Casualty Insurers,United States,184711093.0,4.1,466764
OSIS,OSI Systems Inc. Common Stock (DE),Technology,Semiconductors,United States,3077437503.0,193.04,123541
OSK,Oshkosh Corporation (Holding Company)Common Stock,Industrials,Auto Manufacturing,United States,8198421270.0,132.79,567840
OSPN,OneSpan Inc. Common Stock,Technology,EDP Services,United States,658916853.0,17.88,592467
OSPR,Osprey Acquisition Corp. III Class A Ordinary Shares,Finance,Blank Checks,United States,0.0,9.82,117742
OSPRU,Osprey Acquisition Corp. III Units,Finance,Blank Checks,United States,0.0,9.99,16
OSS,One Stop Systems Inc. Common Stock,Technology,Computer Manufacturing,United States,222216558.0,8.91,521302
OSTX,OS Therapies Incorporated Common Stock,Health Care,Biotechnology: Pharmaceutical Preparations,,76676804.0,1.65,353438
OSUR,OraSure Technologies Inc. Common Stock,Health Care,Medical/Dental Instruments,United States,272426077.0,3.95,848236
OSW,OneSpaWorld Holdings Limited Common Shares,Consumer Discretionary,Hotels/Resorts,Bahamas,2312140659.0,22.78,776509
OTAI,Starlink AI Acquisition Corporation Ordinary Shares,Other,,,0.0,9.9915,3425
OTEX,Open Text Corporation Common Shares,Technology,EDP Services,Canada,5568393705.0,22.22,802621
OTF,Blue Owl Technology Finance Corp. Common Stock,Other,,United States,4682654676.0,10.22,1636649
OTGA,OTG Acquisition Corp. I Class A Ordinary Share,Finance,Blank Checks,United States,0.0,10.26,663
OTGAU,OTG Acquisition Corp. I Unit,Finance,Blank Checks,United States,0.0,10.36,1282
OTIS,Otis Worldwide Corporation Common Stock,Technology,Consumer Electronics/Appliances,United States,25249797256.0,66.33,4870680
OTLK,Outlook Therapeutics Inc. Common Stock,Health Care,Biotechnology: Biological Products (No Diagnostic Substances),United States,151205276.0,0.6211,6098442
OTLY,Oatly Group AB American Depositary Shares,Consumer Staples,Packaged Foods,Sweden,378479380.0,11.86,44512
OTTR,Otter Tail Corporation Common Stock,Utilities,Electric Utilities: Central,United States,3716143686.0,88.51,209205
OUST,Ouster Inc. Common Stock,Industrials,Industrial Machinery/Components,United States,2949394420.0,40.9,3620830
OUT,OUTFRONT Media Inc. Common Stock,Real Estate,Real Estate Investment Trusts,United States,4915934855.0,27.91,1856366
OVBC,Ohio Valley Banc Corp. Common Stock,Finance,Major Banks,United States,210534635.0,44.69,25659
OVID,Ovid Therapeutics Inc. Common Stock,Health Care,Biotechnology: Pharmaceutical Preparations,United States,480432728.0,2.46,1192543
OVLY,Oak Valley Bancorp (CA) Common Stock,Finance,Major Banks,United States,288387630.0,34.28,20031
OVV,Ovintiv Inc. (DE),Energy,Oil & Gas Production,Canada,16829131000.0,59.53,2719771
OWL,Blue Owl Capital Inc. Class A Common Stock,Finance,Investment Managers,United States,14265693840.0,9.15,17357306
OWLS,OBOOK Holdings Inc. Class A Common Shares,Technology,Computer Software: Prepackaged Software,Taiwan,209552777.0,5.54,9525
OWLT,Owlet Inc. Class A Common Stock,Industrials,Industrial Machinery/Components,United States,149322769.0,5.11,62373
OXBR,Oxbridge Re Holdings Limited Ordinary Shares,Finance,Property-Casualty Insurers,Cayman Islands,11918946.0,1.4645,18722
OXBRW,Oxbridge Re Holdings Limited Warrant expiring 3/26/2029,Finance,Property-Casualty Insurers,Cayman Islands,1298917.0,0.1596,6
OXLC,Oxford Lane Capital Corp. Common Stock,Finance,Investment Managers,United States,1546776000.0,8.91,1181699
OXLCG,Oxford Lane Capital Corp. 7.95% Notes due 2032,Finance,Investment Managers,United States,0.0,24.8301,2113
OXLCI,Oxford Lane Capital Corp. 8.75% Notes due 2030,Other,,United States,0.0,25.25,4472
OXLCL,Oxford Lane Capital Corp. 6.75% Notes due 2031,Finance,Finance Companies,United States,4146436000.0,23.885,837
OXLCM,Oxford Lane Capital Corp. Preferred Stock Shares 8.25% Series 2031,Finance,Investment Managers,United States,4348680000.0,25.05,7599
OXLCN,Oxford Lane Capital Corp. 7.125% Series 2029 Term Preferred Stock,Finance,Investment Managers,United States,4253200000.0,24.5,214
OXLCO,Oxford Lane Capital Corp. Preferred Stock Shares 6.00% Series 2029,Finance,Investment Managers,United States,4097828000.0,23.605,1000
OXLCZ,Oxford Lane Capital Corp. 5.00% Notes due 2027,Finance,Finance Companies,United States,4322640000.0,24.9,505
OXM,Oxford Industries Inc. Common Stock,Industrials,Garments and Clothing,United States,387188383.0,25.85,648638
OXSQ,Oxford Square Capital Corp. Common Stock,Finance,Blank Checks,United States,136788874.0,1.27,1083758
OXSQG,Oxford Square Capital Corp. 5.50% Notes due 2028,Consumer Discretionary,Other Consumer Services,United States,1549315998.0,24.3,842
OXSQH,Oxford Square Capital Corp. 7.75% Notes due 2030,Finance,Blank Checks,United States,0.0,25.04,147
OXY,Occidental Petroleum Corporation Common Stock,Energy,Oil & Gas Production,United States,56079656513.0,56.1,12354627
OYSE,Oyster Enterprises II Acquisition Corp Class A Ordinary Shares,Finance,Blank Checks,United States,0.0,10.3975,7
OYSER,Oyster Enterprises II Acquisition Corp Rights,Finance,Blank Checks,United States,0.0,0.0921,1033
OYSEU,Oyster Enterprises II Acquisition Corp Units,Finance,Blank Checks,United States,0.0,10.66,192
OZ,Belpointe PREP LLC Class A Units,Finance,Real Estate,,170253972.0,42.0,49857
OZK,Bank OZK Common Stock,Finance,Major Banks,United States,5273275113.0,46.61,1459863
OZKAP,Bank OZK 4.625% Series A Non-Cumulative Perpetual Preferred Stock,Finance,Major Banks,United States,1684597005.0,14.89,66512
P,Everpure Inc. Class A common stock,Technology,Electronic Components,United States,43119606279.0,129.4,4700113
PAA,Plains All American Pipeline L.P. Common Units representing Limited Partner Interests,Energy,Natural Gas Distribution,United States,17307545264.0,24.53,2842855
PAAC,Proem Acquisition Corp I Ordinary Shares,Finance,Investment Managers,United States,145682690.0,10.07,108637
PAACU,Proem Acquisition Corp I Units,Finance,Blank Checks,United States,0.0,10.635,695
PAACW,Proem Acquisition Corp I Warrants,Finance,Investment Managers,United States,0.0,0.5,172668
PAAI,Paradium.AI Inc. Common Stock,Technology,EDP Services,United States,68559340.0,1.44,893979
PAAS,Pan American Silver Corp. Common Stock,Basic Materials,Precious Metals,Canada,18977065860.0,45.77,3645946
PAC,Grupo Aeroportuario Del Pacifico S.A. B. de C.V. Grupo Aeroportuario Del Pacifico S.A. de C.V. (each representing 10 Series B shares),Consumer Discretionary,Aerospace,Mexico,12722679152.0,213.82,114439
PACB,Pacific Biosciences of California Inc. Common Stock,Industrials,Biotechnology: Laboratory Analytical Instruments,United States,531520598.0,1.71,21281781
PACH,Pioneer Acquisition I Corp Class A Ordinary Shares,Other,,United States,0.0,10.33,2740
PACHW,Pioneer Acquisition I Corp Warrants,Other,,United States,0.0,0.1284,552
PACK,Ranpak Holdings Corp Class A Common Stock,Consumer Discretionary,Containers/Packaging,United States,373048557.0,4.35,463759
PACS,PACS Group Inc. Common Stock,Health Care,Hospital/Nursing Management,United States,6817931453.0,43.06,1101466
PAG,Penske Automotive Group Inc. Common Stock,Consumer Discretionary,Retail-Auto Dealers and Gas Stations,United States,13606660543.0,207.22,459665
PAGP,Plains GP Holdings L.P. Class A Units representing Limited Partner Interests,Energy,Natural Gas Distribution,United States,5264249698.0,26.6,2494225
PAGS,PagSeguro Digital Ltd. Class A Common Shares,Technology,EDP Services,Cayman Islands,2587031610.0,8.9,2770584
PAHC,Phibro Animal Health Corporation Class A Common Stock,Health Care,Biotechnology: Pharmaceutical Preparations,United States,1449477227.0,35.7,485928
PAI,Western Asset Investment Grade Income Fund Inc.,Finance,Trusts Except Educational Religious and Charitable,United States,0.0,11.42,8180
PAII,Pyrophyte Acquisition Corp. II Class A Ordinary Shares,Other,,,0.0,10.33,73112
PAL,Proficient Auto Logistics Inc. Common Stock,Consumer Discretionary,Transportation Services,United States,99026818.0,3.53,1884257
PALI,Palisade Bio Inc. Common Stock,Health Care,Biotechnology: Biological Products (No Diagnostic Substances),United States,261405837.0,1.5,8684952
PALO,Paloma Acquisition Corp I Class A Ordinary Shares,Finance,Blank Checks,United States,0.0,9.97,122
PAM,Pampa Energia S.A.,Utilities,Electric Utilities: Central,Argentina,4175099388.0,76.55,181917
PAMT,PAMT CORP Common Stock,Industrials,Trucking Freight/Courier Services,United States,253610732.0,12.11,21194
PANL,Pangaea Logistics Solutions Ltd. Common Shares,Consumer Discretionary,Marine Transportation,United States,524444914.0,8.01,303510
PANW,Palo Alto Networks Inc. Common Stock,Technology,Computer peripheral equipment,United States,320729620000.0,392.09,6028103
PAPL,Pineapple Financial Inc. Common Stock,Finance,Finance: Consumer Services,,24513061.0,0.97,151894
PAR,PAR Technology Corporation Common Stock,Miscellaneous,Office Equipment/Supplies/Services,United States,564187337.0,13.64,807754
PARA,Banzai International Inc. Class A Common Stock,Industrials,Broadcasting,United States,,0.704,183370
PARAW,Banzai International Inc. Warrant,Technology,Computer Software: Prepackaged Software,United States,39771.0,0.0112,4620
PARK,Park Dental Partners Inc. Common Stock,Health Care,Misc Health and Biotechnology Services,United States,94011925.0,19.77,20333
PARR,Par Pacific Holdings Inc.  Common Stock,Energy,Oil & Gas Production,United States,3906267917.0,77.97,677076
PASG,Passage Bio Inc. Common Stock,Health Care,Biotechnology: Biological Products (No Diagnostic Substances),United States,15043262.0,4.675,18652
PASW,Ping An Biomedical Co. Ltd. Class A Ordinary Shares,Consumer Discretionary,Apparel,Hong Kong,15568750.0,0.125,139718
PATH,UiPath Inc. Class A Common Stock,Technology,Computer Software: Prepackaged Software,United States,6352884436.0,12.19,49586288
PATK,Patrick Industries Inc. Common Stock,Consumer Discretionary,Auto Parts:O.E.M.,United States,2216160216.0,69.0,542677
PAVM,PAVmed Inc. Common Stock,Health Care,Medical/Dental Instruments,United States,30344509.0,3.795,8560
PAVS,Paranovus Entertainment Technology Ltd. Class A Ordinary Shares,Technology,EDP Services,China,3809014.0,4.38,18947
PAX,Patria Investments Limited Class A Common Shares,Finance,Investment Managers,Cayman Islands,1632604413.0,10.06,1022392
PAXS,PIMCO Access Income Fund Common Shares of Beneficial Interest,Finance,Investment Managers,United States,0.0,13.11,296015
PAY,Paymentus Holdings Inc. Class A Common Stock,Consumer Discretionary,Business Services,United States,3768114238.0,29.92,733105
PAYC,Paycom Software Inc. Common Stock,Technology,Computer Software: Prepackaged Software,United States,9941897719.0,220.58,497260
PAYO,Payoneer Global Inc. Common Stock,Consumer Discretionary,Business Services,United States,2419394969.0,7.14,2600685
PAYP,PayPay Corporation American Depository Shares,Consumer Discretionary,Business Services,Japan,10834290160.0,16.0,982574
PAYS,Paysign Inc. Common Stock,Technology,EDP Services,United States,718198624.0,12.72,576019
PAYX,Paychex Inc. Common Stock,Industrials,Diversified Commercial Services,United States,35348860969.0,99.3,3448407
PB,Prosperity Bancshares Inc. Common Stock,Finance,Major Banks,United States,8090300224.0,67.32,1197753
PBA,Pembina Pipeline Corp. Ordinary Shares (Canada),Energy,Oil & Gas Production,Canada,26199052750.0,45.05,701242
PBAM,Private Bancorp of America Inc. Common Stock,Finance,Major Banks,United States,491615810.0,85.8,81388
PBF,PBF Energy Inc. Class A Common Stock,Energy,Integrated oil Companies,United States,8817955379.0,74.39,2466657
PBFS,Pioneer Bancorp Inc. Common Stock,Finance,Banks,United States,440194268.0,17.72,11413
PBH,Prestige Consumer Healthcare Inc. Common Stock,Health Care,Biotechnology: Pharmaceutical Preparations,United States,2223286317.0,46.93,651778
PBHC,Pathfinder Bancorp Inc. Common Stock (MD),Finance,Major Banks,United States,84267957.0,17.2033,523
PBI,Pitney Bowes Inc. Common Stock,Miscellaneous,Office Equipment/Supplies/Services,United States,2245537673.0,16.38,928132
PBI^B,Pitney Bowes Inc 6.70% Notes Due 2043,Other,,United States,,20.75,80369
PBK,PowerBank Corporation Common Stock,Utilities,Power Generation,Canada,12438853.0,0.2649,390901
PBLS,Parabilis Medicines Inc. Common Stock,Health Care,Biotechnology: Pharmaceutical Preparations,United States,3971977617.0,32.57,809634
PBM,Psyence Biomedical Ltd. Common Shares,Health Care,Biotechnology: Pharmaceutical Preparations,Canada,21608168.0,5.665,48345
PBMWW,Psyence Biomedical Ltd. Warrant,Health Care,Biotechnology: Pharmaceutical Preparations,Canada,90400.0,0.0237,280
PBR,Petroleo Brasileiro S.A. Petrobras ADS,Energy,Oil & Gas Production,Brazil,133076165768.0,20.65,18489618
PBT,Permian Basin Royalty Trust Common Stock,Energy,Oil & Gas Production,United States,1527370245.0,32.77,68175
PBYI,Puma Biotechnology Inc Common Stock,Health Care,Biotechnology: Pharmaceutical Preparations,United States,506909048.0,9.82,245970
PCAP,ProCap Acquisition Corp Class A Ordinary Shares,Finance,Blank Checks,United States,0.0,10.39,71148
PCAPU,ProCap Acquisition Corp Unit,Other,,United States,0.0,10.46,1134
PCAPW,ProCap Acquisition Corp Warrant,Finance,Blank Checks,United States,0.0,0.2999,72
PCAR,PACCAR Inc. Common Stock,Industrials,Auto Manufacturing,United States,58768647002.0,111.65,3342785
PCB,PCB Bancorp Common Stock,Finance,Major Banks,United States,387490569.0,27.59,43382
PCF,High Income Securities Fund Common Stock,Finance,Trusts Except Educational Religious and Charitable,United States,0.0,5.18,268185
PCG,Pacific Gas & Electric Co. Common Stock,Utilities,Power Generation,United States,32027320427.0,11.95,33093785
PCG^A,Pacific Gas & Electric Co. 6% Preferred Stock,Other,,United States,,20.2,18906
PCG^B,Pacific Gas & Electric Co. 5 1/2% Preferred Stock,Other,,United States,,18.5,1410
PCG^C,Pacific Gas & Electric Co. 5% 1st Preferred Stock,Other,,United States,,16.8764,9
PCG^D,Pacific Gas & Electric Co. 5% 1st  Red. Preferred Stock,Other,,United States,,16.4,6839
PCG^E,Pacific Gas & Electric Co. 5% 1st A Preferred Stock,Other,,United States,,16.6955,4824
PCG^G,Pacific Gas & Electric Co. 4.80% 1st Preferred Stock,Other,,United States,,16.11,684
PCG^H,Pacific Gas & Electric Co. 4.50% 1st Preferred Stock,Other,,United States,,15.51,9
PCG^I,Pacific Gas & Electric Co. 4.36% 1st Preferred Stock,Other,,United States,,15.175,2238
PCG^X,PG&E Corp 6.000% Series A Mandatory Convertible Preferred Stock,Other,,United States,,31.05,21273
PCLA,PicoCELA Inc. American Depositary Shares,Consumer Discretionary,Building Products,Japan,68354154.0,7.11,22644
PCM,PCM Fund Inc. Common Stock,Finance,Trusts Except Educational Religious and Charitable,United States,0.0,4.92,33737
PCN,Pimco Corporate & Income Strategy Fund Common Stock,Finance,Investment Managers,United States,0.0,10.6,714460
PCOR,Procore Technologies Inc. Common Stock,Technology,Computer Software: Prepackaged Software,United States,7454928882.0,49.06,2790872
PCQ,PIMCO California Municipal Income Fund Common Stock,Finance,Investment Managers,United States,0.0,7.68,461022
PCRX,Pacira BioSciences Inc. Common Stock,Health Care,Biotechnology: Pharmaceutical Preparations,United States,1012093286.0,25.39,483070
PCSA,Processa Pharmaceuticals Inc. Common Stock,Health Care,Biotechnology: Pharmaceutical Preparations,United States,5139830.0,1.84,9409
PCT,PureCycle Technologies Inc. Common stock,Industrials,Major Chemicals,United States,936216415.0,4.66,7584864
PCTTW,PureCycle Technologies Inc. Warrant,Industrials,Major Chemicals,United States,152687656.0,0.76,5317
PCTY,Paylocity Holding Corporation Common Stock,Technology,Computer Software: Prepackaged Software,United States,7572289759.0,142.72,797381
PCVX,Vaxcyte Inc. Common Stock,Health Care,Biotechnology: Biological Products (No Diagnostic Substances),United States,8670883549.0,58.27,1849038
PCYO,Pure Cycle Corporation Common Stock,Utilities,Water Supply,United States,263384254.0,10.93,101172
PD,PagerDuty Inc. Common Stock,Technology,Computer Software: Prepackaged Software,United States,1138850161.0,14.48,1362099
PDC,Perpetuals.com Ltd American Depositary Shares,Technology,EDP Services,Japan,27182362.0,3.35,7257
PDCC,Pearl Diver Credit Company Inc. Common Stock,Other,,,0.0,8.6715,752
PDD,PDD Holdings Inc. American Depositary Shares,Consumer Discretionary,Business Services,China,111722388302.0,78.49,4024954
PDEX,Pro-Dex Inc. Common Stock,Health Care,Medical/Dental Instruments,United States,229422781.0,71.62,92387
PDFS,PDF Solutions Inc. Common Stock,Technology,Computer Software: Prepackaged Software,United States,2100803996.0,49.75,526271
PDI,PIMCO Dynamic Income Fund Common Stock,Finance,Trusts Except Educational Religious and Charitable,United States,3378951000.0,13.9,3273839
PDLB,Ponce Financial Group Inc. Common Stock,Finance,Savings Institutions,United States,488837479.0,20.21,77821
PDM,Piedmont Realty Trust Inc. Class A Common Stock,Real Estate,Building operators,United States,1138708708.0,9.1,1219022
PDO,PIMCO Dynamic Income Opportunities Fund Common Shares of Beneficial Interest,Finance,Trusts Except Educational Religious and Charitable,United States,1694803408.0,11.67,1719991
PDPA,Pearl Diver Credit Company Inc. 8.00% Series A Preferred Stock Due 2029,Other,,,0.0,24.952,857
PDS,Precision Drilling Corporation Common Stock,Energy,Oil & Gas Production,Canada,1012158463.0,80.41,113485
PDSB,PDS Biotechnology Corporation Common Stock,Health Care,Biotechnology: Pharmaceutical Preparations,United States,55507996.0,0.7659,4042398
PDT,John Hancock Premium Dividend Fund,Finance,Finance Companies,United States,0.0,11.58,185826
PDX,PIMCO Dynamic Income Strategy Fund Common Shares of Beneficial Interest,Finance,Finance/Investors Services,,905763820.0,20.26,106361
PDYN,Palladyne AI Corp. Common Stock,Technology,Computer Software: Prepackaged Software,United States,260507333.0,5.28,816792
PEB,Pebblebrook Hotel Trust Common Shares of Beneficial Interest,Real Estate,Real Estate Investment Trusts,United States,2113544071.0,18.73,1920022
PEB^E,Pebblebrook Hotel Trust 6.375% Series E Cumulative Redeemable Preferred Shares of Beneficial Interest,Other,,United States,,19.64,1597
PEB^F,Pebblebrook Hotel Trust 6.3% Series F Cumulative Redeemable Preferred Shares of Beneficial Interest,Other,,United States,,19.57,4625
PEB^G,Pebblebrook Hotel Trust 6.375% Series G Cumulative Redeemable Preferred Shares of Beneficial Interest,Other,,United States,,19.71,6915
PEB^H,Pebblebrook Hotel Trust 5.700% Series H Cumulative Redeemable Preferred Shares of Beneficial Interest,Other,,United States,,18.25,1282
PEBK,Peoples Bancorp of North Carolina Inc. Common Stock,Finance,Major Banks,United States,235663294.0,43.15,13090
PEBO,Peoples Bancorp Inc. Common Stock,Finance,Major Banks,United States,1405703940.0,39.11,217167
PECE,Peace Acquisition Corp Ordinary Shares,Finance,Blank Checks,United States,0.0,10.005,6121
PECO,Phillips Edison & Company Inc. Common Stock,Real Estate,Real Estate Investment Trusts,United States,4837833000.0,37.59,1341527
PED,Pedevco Corp. Common Stock,Energy,Oil & Gas Production,United States,174125370.0,13.1,17468
PEG,Public Service Enterprise Group Incorporated Common Stock,Utilities,Power Generation,United States,33259568602.0,66.73,3394614
PEGA,Pegasystems Inc. Common Stock,Technology,EDP Services,United States,5463176322.0,33.23,1411693
PEN,Penumbra Inc. Common Stock,Health Care,Medical/Dental Instruments,United States,12572315714.0,319.18,189499
PENG,Penguin Solutions Inc. Common Stock,Technology,Semiconductors,United States,2817323591.0,54.98,1338829
PENN,PENN Entertainment Inc. Common Stock,Consumer Discretionary,Hotels/Resorts,United States,2043174847.0,15.24,2203206
PEO,Adams Natural Resources Fund Inc. Common Stock,Finance,Finance/Investors Services,United States,0.0,27.7,82854
PEP,PepsiCo Inc. Common Stock,Consumer Staples,Beverages (Production/Distribution),United States,175388565203.0,128.5,7512730
PEPG,PepGen Inc. Common Stock,Health Care,Biotechnology: Pharmaceutical Preparations,United States,179382149.0,2.59,740058
PERF,Perfect Corp. Class A Ordinary Share,Technology,Computer Software: Prepackaged Software,Taiwan,193512475.0,1.9,110601
PERI,Perion Network Ltd. Ordinary Shares,Technology,EDP Services,Israel,331947892.0,8.44,310271
PESI,Perma-Fix Environmental Services Inc. Common Stock,Industrials,Environmental Services,United States,331855010.0,15.64,147917
PETS,PetMed Express Inc. Common Stock,Consumer Staples,Retail-Drug Stores and Proprietary Stores,United States,30458874.0,1.405,275258
PETZ,TDH Holdings Inc. Common Shares,Finance,Real Estate,China,14349343.0,1.39,3213
PEW,GrabAGun Digital Holdings Inc. Common Stock,Consumer Discretionary,Other Specialty Stores,,62273354.0,2.11,94504
PFAI,Pinnacle Food Group Limited Class A Common Shares,Consumer Staples,Farming/Seeds/Milling,Canada,32510327.0,2.77,337
PFBC,Preferred Bank Common Stock,Finance,Major Banks,United States,1565168524.0,109.02,205217
PFD,Flaherty & Crumrine Preferred and Income Fund Incorporated,Finance,Investment Managers,United States,0.0,10.67,40969
PFE,Pfizer Inc. Common Stock,Health Care,Biotechnology: Pharmaceutical Preparations,United States,163694625476.0,28.72,24950486
PFG,Principal Financial Group Inc Common Stock,Finance,Accident &Health Insurance,United States,24544956044.0,114.64,1372342
PFGC,Performance Food Group Company Common Stock,Consumer Discretionary,Food Distributors,United States,14488312953.0,91.97,1418093
PFH,Prudential Financial Inc. 4.125% Junior Subordinated Notes due 2060,Finance,Life Insurance,United States,5312160000.0,14.88,22181
PFIS,Peoples Financial Services Corp. Common Stock,Finance,Major Banks,United States,694319055.0,69.36,71592
PFL,PIMCO Income Strategy Fund Shares of Beneficial Interest,Finance,Finance Companies,United States,0.0,6.83,412073
PFLA,PennantPark Floating Rate Capital Ltd. 7.375% Notes Due 2031,Finance,Finance: Consumer Services,United States,0.0,24.87,5220
PFLT,PennantPark Floating Rate Capital Ltd. Common Stock,Finance,Finance: Consumer Services,United States,689564377.0,6.95,750273
PFN,PIMCO Income Strategy Fund II,Finance,Finance/Investors Services,United States,0.0,6.2,750354
PFO,Flaherty & Crumrine Preferred and Income Opportunity Fund Incorporated,Finance,Finance Companies,United States,0.0,8.56,41628
PFS,Provident Financial Services Inc Common Stock,Finance,Savings Institutions,United States,2938421584.0,22.53,796034
PFSA,Profusa Inc. Common Stock,Health Care,Medical/Dental Instruments,United States,1023543.0,1.69,824919
PFSI,PennyMac Financial Services Inc. Common Stock,Finance,Finance: Consumer Services,United States,3307237074.0,63.66,451116
PFX,PhenixFIN Corporation Common Stock,Finance,Finance: Consumer Services,United States,86269965.0,44.67,7192
PFXNZ,PhenixFIN Corporation  5.25% Notes due 2028,Finance,Finance: Consumer Services,United States,48173011.0,24.04,142
PG,Procter & Gamble Company (The) Common Stock,Consumer Discretionary,Package Goods/Cosmetics,United States,346410258932.0,149.03,8850091
PGAC,Pantages Capital Acquisition Corporation Class A Ordinary Shares,Other,,United States,0.0,10.78,208
PGC,Peapack-Gladstone Financial Corporation Common Stock,Finance,Commercial Banks,United States,782157242.0,44.12,123048
PGEN,Precigen Inc. Common Stock,Health Care,Biotechnology: Pharmaceutical Preparations,United States,2796255279.0,7.81,3491174
PGNY,Progyny Inc. Common Stock,Health Care,Misc Health and Biotechnology Services,United States,1958067885.0,25.52,1080760
PGP,Pimco Global StocksPlus & Income Fund Common Shares of Beneficial Interest,Finance,Finance Companies,United States,0.0,8.12,36526
PGR,Progressive Corporation (The) Common Stock,Finance,Property-Casualty Insurers,United States,121779944662.0,209.47,3568611
PGY,Pagaya Technologies Ltd. Class A Ordinary Shares,Finance,Finance: Consumer Services,United States,1418239331.0,17.0,2770622
PGYWW,Pagaya Technologies Ltd. Warrants,Finance,Finance: Consumer Services,United States,1393212.0,0.0167,113
PGZ,Principal Real Estate Income Fund Common Shares of Beneficial Interest,Finance,Investment Managers,,0.0,8.95,26300
PH,Parker-Hannifin Corporation Common Stock,Industrials,Metal Fabrications,United States,122272291963.0,969.55,675031
PHAR,Pharming Group N.V. ADS each representing 10 ordinary shares,Health Care,Biotechnology: Pharmaceutical Preparations,Netherlands,742977420.0,10.52,15483
PHAT,Phathom Pharmaceuticals Inc. Common Stock,Health Care,Biotechnology: Pharmaceutical Preparations,United States,594621865.0,7.35,1690923
PHG,Koninklijke Philips N.V. NY Registry Shares,Health Care,Medical Electronics,Netherlands,24680237002.0,25.11,835722
PHI,PLDT Inc. Sponsored ADR,Telecommunications,Telecommunications Equipment,Philippines,3696714310.0,17.11,152607
PHIN,PHINIA Inc. Common Stock,Consumer Discretionary,Auto Parts:O.E.M.,United States,2225397465.0,60.74,335036
PHIO,Phio Pharmaceuticals Corp. Common Stock,Health Care,Biotechnology: Pharmaceutical Preparations,United States,11733423.0,1.01,112284
PHK,Pimco High Income Fund,Finance,Finance/Investors Services,United States,0.0,4.07,1961492
PHM,PulteGroup Inc. Common Stock,Consumer Discretionary,Homebuilding,United States,22331221090.0,119.13,1614819
PHOE,Phoenix Asia Holdings Limited Ordinary Shares,Consumer Discretionary,Engineering & Construction,Hong Kong,409320000.0,18.95,20593
PHOS,First Phosphate Corp. American Depositary Shares,Industrials,Mining & Quarrying of Nonmetallic Minerals (No Fuels),Canada,305468416.0,16.15,17373
PHR,Phreesia Inc. Common Stock,Consumer Discretionary,Business Services,United States,626916534.0,10.1,645976
PHUN,Phunware Inc. Common Stock,Technology,EDP Services,Greece,40925350.0,2.0,71091
PHVS,Pharvaris N.V. Ordinary Shares,Health Care,Biotechnology: Pharmaceutical Preparations,Netherlands,2223056515.0,31.91,753684
PHXE^,Phoenix Energy One LLC Series A Cumulative Redeemable Preferred Shares,Other,,,,26.25,29737
PI,Impinj Inc. Common Stock,Technology,Industrial Machinery/Components,United States,5404464571.0,176.88,371430
PICS,PicS N.V. Class A Common Shares,Finance,Finance: Consumer Services,Brazil,1078168358.0,8.32,507104
PII,Polaris Inc. Common Stock,Consumer Discretionary,Industrial Specialties,United States,2976054305.0,52.3,844292
PIII,P3 Health Partners Inc. Class A Common Stock,Health Care,Medical/Nursing Services,United States,50391215.0,6.94,8959
PIIIW,P3 Health Partners Inc. Warrant,Health Care,Medical/Nursing Services,United States,45744.0,0.0063,601
PIM,Franklin Master Intermediate Income Trust Shares of Beneficial Interest,Finance,Finance Companies,United States,151262716.0,3.01,118704
PINE,Alpine Income Property Trust Inc. Common Stock,Real Estate,Real Estate Investment Trusts,United States,302929024.0,16.89,149753
PINE^A,Alpine Income Property Trust Inc. 8.00% Series A Cumulative Redeemable Preferred Stock,Other,,United States,,25.31,12087
PINS,Pinterest Inc. Class A Common Stock,Technology,Computer Software: Programming Data Processing,United States,10425822827.0,18.41,8822943
PIPR,Piper Sandler Companies Common Stock,Finance,Investment Bankers/Brokers/Service,United States,5066353162.0,71.69,833926
PJT,PJT Partners Inc. Class A Common Stock,Finance,Investment Managers,United States,6116471366.0,149.14,407953
PK,Park Hotels & Resorts Inc. Common Stock,Consumer Discretionary,Hotels/Resorts,United States,3165038548.0,15.72,4941288
PKBK,Parke Bancorp Inc. Common Stock,Finance,Major Banks,United States,395773466.0,33.65,43330
PKE,Park Aerospace Corp. Common Stock,Industrials,Military/Government/Technical,United States,647751064.0,29.78,252643
PKG,Packaging Corporation of America Common Stock,Consumer Discretionary,Containers/Packaging,United States,20895333081.0,234.52,684581
PKOH,Park-Ohio Holdings Corp. Common Stock,Industrials,Industrial Specialties,United States,687406074.0,47.44,110505
PKX,POSCO HOLDINGS INC. American Depositary Shares (Each representing 1/4th of a share of Common Stock),Industrials,Steel/Iron Ore,South Korea,18724647775.0,57.84,203315
PL,Planet Labs PBC Class A Common Stock,Technology,Radio And Television Broadcasting And Communications Equipment,United States,6101730776.0,16.77,8422732
PLAB,Photronics Inc. Common Stock,Technology,Semiconductors,United States,1799413594.0,30.5,872222
PLAG,Planet Green Holdings Corp. Common Stock,Consumer Staples,Packaged Foods,China,10247554.0,0.72,248931
PLAY,Dave & Buster's Entertainment Inc. Common Stock,Consumer Discretionary,Restaurants,United States,223264428.0,6.41,2283446
PLBC,Plumas Bancorp,Finance,Finance Companies,United States,433825057.0,62.34,40064
PLBL,Polibeli Group Ltd Class A Ordinary Shares,Consumer Discretionary,Consumer Electronics/Appliances,Indonesia,2055433707.0,5.61,185868
PLBY,Playboy Inc. Common Stock,Consumer Discretionary,Other Specialty Stores,United States,123401919.0,1.03,413472
PLCE,Children's Place Inc. (The) Common Stock,Consumer Discretionary,Clothing/Shoe/Accessory Stores,United States,46920211.0,2.11,51268
PLCI,Pelican Acquisition II Corporation Ordinary Shares,Finance,Blank Checks,United States,0.0,9.8901,42
PLD,Prologis Inc. Common Stock,Real Estate,Real Estate Investment Trusts,United States,125563185440.0,132.44,3045487
PLG,Platinum Group Metals Ltd. Ordinary Shares (Canada),Basic Materials,Precious Metals,Canada,164971794.0,1.29,1538883
PLGO,Pelagos Insurance Capital Limited Common Shares,Finance,Property-Casualty Insurers,Bermuda,2068605068.0,23.92,439609
PLMK,Plum Acquisition Corp. IV Class A Ordinary Shares,Other,,United States,0.0,10.72,39
PLMKU,Plum Acquisition Corp. IV Unit,Other,,United States,0.0,10.76,3
PLMR,Palomar Holdings Inc. Common stock,Finance,Property-Casualty Insurers,United States,3238127716.0,123.04,239421
PLNT,Planet Fitness Inc. Common Stock,Consumer Discretionary,Hotels/Resorts,United States,3046287083.0,40.5,3605690
PLOW,Douglas Dynamics Inc. Common Stock,Industrials,Construction/Ag Equipment/Trucks,United States,912466399.0,39.54,323368
PLPC,Preformed Line Products Company Common Stock,Industrials,Water Sewer Pipeline Comm & Power Line Construction,United States,2035508435.0,416.37,72983
PLRX,Pliant Therapeutics Inc. Common Stock,Health Care,Biotechnology: Pharmaceutical Preparations,United States,66875649.0,1.08,349137
PLRZ,Polyrizon Ltd. Ordinary Shares,Health Care,Medical/Dental Instruments,Israel,24885414.0,10.36,4477
PLSE,Pulse Biosciences Inc Common Stock (DE),Health Care,Medical/Dental Instruments,United States,3731598798.0,52.32,374868
PLSM,Pulsenmore Ltd. Ordinary Shares,Health Care,Medical/Dental Instruments,Israel,14800473.0,2.276,32207
PLTK,Playtika Holding Corp. Common Stock,Technology,EDP Services,Israel,812420736.0,2.13,831841
PLTR,Palantir Technologies Inc. Class A Common Stock,Technology,Computer Software: Prepackaged Software,United States,450336986430.0,187.48,18464277
PLUG,Plug Power Inc. Common Stock,Energy,Industrial Machinery/Components,United States,2598783217.0,1.86,65340497
PLUN,Plutonian Acquisition Corp II Class A Ordinary Shares,Other,,,0.0,10.08,128
PLUR,Pluri Inc. Common Stock,Health Care,Biotechnology: Biological Products (No Diagnostic Substances),Israel,11974394.0,0.97,16662
PLUS,ePlus inc. Common Stock,Technology,Retail: Computer Software & Peripheral Equipment,United States,2332744273.0,89.41,148763
PLUT,Plutus Financial Group Limited Ordinary Shares,Finance,Investment Bankers/Brokers/Service,Hong Kong,32388500.0,2.11,121
PLX,Protalix BioTherapeutics Inc. (DE) Common Stock,Health Care,Biotechnology: Biological Products (No Diagnostic Substances),Israel,216737717.0,2.69,832823
PLXS,Plexus Corp. Common Stock,Technology,Electrical Products,United States,7061740151.0,264.96,161957
PLYX,Polaryx Therapeutics Inc. Common Stock,Health Care,Biotechnology: Pharmaceutical Preparations,United States,101685826.0,2.04,17274
PM,Philip Morris International Inc Common Stock,Health Care, Medicinal Chemicals and Botanical Products ,United States,301996939941.0,193.76,4094841
PMA,PMA Graphene Technology Group Inc. Class A Ordinary Shares,Consumer Discretionary,Engineering & Construction,Hong Kong,212193450.0,1.302,7396
PMAX,Powell Max Limited Class A Ordinary Shares,Consumer Discretionary,Other Consumer Services,Hong Kong,2472076.0,1.26,17279817
PMCB,PharmaCyte  Biotech Inc. Common Stock,Health Care,Biotechnology: Biological Products (No Diagnostic Substances),United States,4507899.0,0.4199,142302
PMEC,Primech Holdings Ltd. Ordinary Shares,Consumer Discretionary,Diversified Commercial Services,Singapore,20204019.0,0.5259,98283
PMI,Picard Medical Inc. Common Stock,Health Care,Medical/Dental Instruments,,10781103.0,4.61,52046
PML,Pimco Municipal Income Fund II Common Shares of Beneficial Interest,Finance,Investment Managers,United States,0.0,6.5,1802167
PMM,Franklin Managed Municipal Income Trust Shares of Beneficial Interest,Finance,Investment Managers,United States,268550838.0,5.51,332386
PMN,ProMIS Neurosciences Inc. Common Shares (ON),Health Care,Biotechnology: Pharmaceutical Preparations,Canada,95505930.0,10.65,25066
PMO,Franklin Municipal Opportunities Trust Shares of Beneficial Interest,Finance,Finance Companies,United States,307872997.0,9.06,203357
PMT,PennyMac Mortgage Investment Trust Common Shares of Beneficial Interest,Real Estate,Real Estate Investment Trusts,United States,703723061.0,8.07,2241737
PMT^A,PennyMac Mortgage Investment Trust 8.125% Series A Fixed-to-Floating Rate Cumulative Redeemable Preferred Shares of Beneficial Interest,Other,,United States,,21.51,8567
PMT^B,PennyMac Mortgage Investment Trust 8.00% Series B Fixed-to-Floating Rate Cumulative Redeemable Preferred Shares of Beneficial Interest,Other,,United States,,21.32,10898
PMT^C,PennyMac Mortgage Investment Trust 6.75% Series C Cumulative Redeemable Preferred Shares of Beneficial Interest,Other,,United States,,16.79,27619
PMTR,Perimeter Acquisition Corp. I Class A Ordinary Shares,Finance,Blank Checks,United States,0.0,10.42,2036
PMTS,CPI Card Group Inc. Common Stock,Consumer Discretionary,Publishing,United States,287365234.0,24.79,159997
PMTU,PennyMac Mortgage Investment Trust 8.50% Senior Notes due 2028,Real Estate,Real Estate Investment Trusts,United States,2193139404.0,25.15,5235
PMTV,PennyMac Mortgage Investment Trust 9.00% Senior Notes due 2030,Real Estate,Real Estate Investment Trusts,United States,0.0,25.21,16226
PMTW,PennyMac Mortgage Investment Trust 9.00% Senior Notes due 2030,Real Estate,Real Estate Investment Trusts,United States,0.0,25.0708,7043
PMVP,PMV Pharmaceuticals Inc. Common Stock,Health Care,Biotechnology: Pharmaceutical Preparations,United States,102700988.0,1.36,341570
PN,PN Smart Energy Limited Class A Ordinary Shares,Technology,Retail: Computer Software & Peripheral Equipment,China,38655546.0,2.62,92755
PNAQ,Pinnacle Acquisition Corporation Class A Ordinary Shares,Other,,,0.0,9.825,6411
PNBK,Patriot National Bancorp Inc. Common Stock,Finance,Major Banks,United States,118742200.0,1.0,98383
PNC,PNC Financial Services Group Inc. (The) Common Stock,Finance,Major Banks,United States,89231729998.0,223.67,1418203
PNFP,Pinnacle Financial Partners Inc. Common stock,Finance,Major Banks,United States,14122987334.0,93.46,808799
PNFP^A,Pinnacle Financial Partners Inc. Fixed-to-Floating Rate Non-Cumulative Perpetual Preferred Stock Series A,Other,,United States,,25.1749,3312
PNFP^B,Pinnacle Financial Partners Inc. Fixed-to-Floating Rate Non-Cumulative Perpetual Preferred Stock Series B,Other,,United States,,25.71,14607
PNFP^C,Pinnacle Financial Partners Inc. Fixed-to-Floating Rate Non-Cumulative Perpetual Preferred Stock Series C,Other,,United States,,24.41,20892
PNI,Pimco New York Municipal Income Fund II Common Shares of Beneficial Interest,Finance,Trusts Except Educational Religious and Charitable,United States,0.0,6.19,118719
PNNT,PennantPark Investment Corporation Common Stock,Finance,Finance: Consumer Services,United States,214824149.0,3.29,410816
PNR,Pentair plc. Ordinary Share,Industrials,Industrial Machinery/Components,Switzerland,8465600489.0,53.03,2242176
PNRG,PrimeEnergy Resources Corporation Common Stock,Energy,Oil & Gas Production,United States,327250028.0,206.78,50214
PNTG,The Pennant Group Inc. Common Stock,Health Care,Medical/Nursing Services,United States,1428599127.0,40.9,461419
PNW,Pinnacle West Capital Corporation Common Stock,Utilities,Electric Utilities: Central,United States,11067731409.0,91.32,943210
POAS,Phaos Technology Holdings (Cayman) Limited Class A Ordinary Shares,Industrials,Industrial Machinery/Components,,5240952.0,0.166,166726
POCI,Precision Optics Corporation Inc. Common stock,Health Care,Biotechnology: Electromedical & Electrotherapeutic Apparatus,United States,49525532.0,4.525,522569
PODC,PodcastOne Inc. Common Stock,Technology,Computer Software: Programming Data Processing,United States,62623081.0,2.07,67560
PODD,Insulet Corporation Common Stock,Health Care,Medical/Dental Instruments,United States,9231737429.0,133.11,1725028
POET,POET Technologies Inc. Common Shares,Technology,Semiconductors,Canada,1282360432.0,7.41,9056446
POLA,Polar Power Inc. Common Stock,Miscellaneous,Industrial Machinery/Components,United States,5429742.0,1.26,97466
POLE,Andretti Acquisition Corp. II Class A Ordinary Shares,Other,,United States,0.0,10.73,635
POLEW,Andretti Acquisition Corp. II Warrant,Other,,United States,0.0,0.1101,899
POM,POMDOCTOR LIMITED American Depositary Shares,Consumer Discretionary,Other Specialty Stores,China,6784280.0,0.91,5770
PONO,Pono Capital Four Inc. Class A Ordinary Shares,Finance,Blank Checks,Cayman Islands,0.0,10.02,43
PONY,Pony AI Inc. American Depositary Shares,Technology,EDP Services,China,3008778378.0,6.94,2983021
POOL,Pool Corporation Common Stock,Consumer Discretionary,Industrial Specialties,United States,5934807393.0,163.31,723629
POR,Portland General Electric Co Common Stock,Utilities,Electric Utilities: Central,United States,5195909953.0,44.18,4643772
POST,Post Holdings Inc. Common Stock,Consumer Staples,Packaged Foods,United States,3291045990.0,74.87,829210
POWI,Power Integrations Inc. Common Stock,Technology,Semiconductors,United States,2896471768.0,51.84,629292
POWL,Powell Industries Inc. Common Stock,Energy,Electrical Products,United States,6821268958.0,187.23,426626
POWW,Outdoor Holding Company Common Stock,Industrials,Ordnance And Accessories,United States,263458313.0,2.27,392179
POWWP,Outdoor Holding Company 8.75% Series A Cumulative Redeemable Perpetual Preferred Stock,Industrials,Ordnance And Accessories,United States,2797068437.0,24.1,9600
PPBT,Purple Biotech Ltd. American Depositary Shares,Health Care,Biotechnology: Pharmaceutical Preparations,Israel,2424032.0,1.49,13448
PPC,Pilgrim's Pride Corporation Common Stock,Consumer Staples,Meat/Poultry/Fish,United States,6693230610.0,28.11,1638667
PPCB,Propanc Biopharma Inc. Common Stock,Health Care,Biotechnology: Pharmaceutical Preparations,Australia,3377017.0,0.5334,421657
PPG,PPG Industries Inc. Common Stock,Consumer Discretionary,Paints/Coatings,United States,23788323000.0,107.01,1537810
PPHC,Public Policy Holding Company Inc. Common Stock,Other,,United States,335724095.0,11.23,217108
PPIH,Perma-Pipe International Holdings Inc. Common Stock,Industrials,Pollution Control Equipment,United States,261262307.0,31.88,56974
PPL,PPL Corporation Common Stock,Utilities,Electric Utilities: Central,United States,24164214845.0,32.11,7700200
PPLC,PPL Corporation Corporate Units,Utilities,Electric Utilities: Central,United States,33217329282.0,44.14,5640
PPLI,People Incorporated Common Stock,Technology,Computer Software: Programming Data Processing,United States,2951749987.0,39.64,1621330
PPSI,Pioneer Power Solutions Inc. Common Stock,Miscellaneous,Industrial Machinery/Components,United States,36627578.0,3.3,123280
PPT,Franklin Premier Income Trust Shares of Beneficial Interest,Finance,Finance Companies,United States,322471572.0,3.24,229938
PPTA,Perpetua Resources Corp. Common Shares,Basic Materials,Precious Metals,Canada,2729590421.0,21.82,1064250
PR,Permian Resources Corporation Class A Common Stock,Energy,Oil & Gas Production,United States,17839964718.0,21.3,8192661
PRAA,PRA Group Inc. Common Stock,Finance,Finance Companies,United States,754842520.0,20.05,533479
PRAX,Praxis Precision Medicines Inc. Common Stock,Health Care,Biotechnology: Pharmaceutical Preparations,United States,7975344572.0,285.65,436866
PRCH,Porch Group Inc. Common Stock,Technology,Computer Software: Prepackaged Software,United States,2218733301.0,16.83,1492575
PRCT,PROCEPT BioRobotics Corporation Common Stock,Health Care,Medical/Dental Instruments,United States,987970618.0,17.25,1749504
PRDO,Perdoceo Education Corporation Common Stock,Real Estate,Other Consumer Services,United States,1877937421.0,30.01,531560
PRE,Prenetics Global Limited Class A Ordinary Share,Finance,Blank Checks,Hong Kong,385502507.0,22.76,74360
PRFX,PRF Technologies Ltd. Ordinary Shares,Health Care,Biotechnology: Pharmaceutical Preparations,Israel,2955746.0,0.9717,41472
PRG,PROG Holdings Inc. Common Stock,Consumer Discretionary,Diversified Commercial Services,United States,1272222358.0,31.94,475129
PRGO,Perrigo Company plc Ordinary Shares,Health Care,Biotechnology: Pharmaceutical Preparations,United States,2095415600.0,15.1,2889464
PRGS,Progress Software Corporation Common Stock (DE),Technology,Computer Software: Prepackaged Software,United States,1616320044.0,39.41,451218
PRH,Prudential Financial Inc. 5.950% Junior Subordinated Notes due 2062,Finance,Life Insurance,United States,7471200000.0,21.225,32966
PRHI,Presurance Holdings Inc. Common Stock,Finance,Property-Casualty Insurers,United States,25173738.0,6.72,33932
PRI,Primerica Inc. Common Stock,Finance,Life Insurance,United States,8477621058.0,275.45,153458
PRIF^D,Priority Income Fund Inc. 7.00% Series D Term Preferred Stock due 2029,Other,,,,24.56,5889
PRIF^K,Priority Income Fund Inc. 7.000% Series K Cumulative Preferred Stock,Other,,,,20.6,7362
PRIF^L,Priority Income Fund Inc. 6.375% Series L Term Preferred Stock Due 2029,Other,,,,24.98,847
PRIM,Primoris Services Corporation Common Stock,Industrials,Water Sewer Pipeline Comm & Power Line Construction,United States,3828555096.0,71.12,1186720
PRK,Park National Corporation Common Stock,Finance,Major Banks,United States,3278645222.0,181.5,114762
PRKS,United Parks & Resorts Inc. Common Stock,Consumer Discretionary,Services-Misc. Amusement & Recreation,United States,1452735540.0,32.04,855718
PRLB,Proto Labs Inc. Common stock,Industrials,Metal Fabrications,United States,2318031819.0,96.9,297712
PRLD,Prelude Therapeutics Incorporated Common Stock,Health Care,Biotechnology: Pharmaceutical Preparations,United States,312031626.0,3.91,496468
PRM,Perimeter Solutions SA Common Stock,Industrials,Major Chemicals,Luxembourg,4563591413.0,27.88,753977
PRMB,Primo Brands Corporation Class A Common Stock,Consumer Staples,Beverages (Production/Distribution),United States,7062280337.0,19.49,3739624
PRME,Prime Medicine Inc. Common Stock,Health Care,Biotechnology: Biological Products (No Diagnostic Substances),United States,521458461.0,2.875,3682523
PROF,Profound Medical Corp. Common Stock,Health Care,Medical/Dental Instruments,Canada,216272956.0,5.92,58392
PROK,ProKidney Corp. Class A Ordinary Shares,Health Care,Biotechnology: Biological Products (No Diagnostic Substances),United States,486739475.0,1.61,1814573
PROP,Prairie Operating Co. Common Stock,Energy,Oil & Gas Production,United States,45863671.0,0.4066,418199
PROV,Provident Financial Holdings Inc. Common Stock,Finance,Savings Institutions,United States,113894413.0,18.27,8923
PRPL,Purple Innovation Inc. Common Stock,Consumer Discretionary,Home Furnishings,United States,10578055.0,2.43,15580
PRPO,Precipio Inc.  Common Stock,Industrials,Biotechnology: Laboratory Analytical Instruments,United States,43161433.0,24.11,72402
PRQR,ProQR Therapeutics N.V. Ordinary Shares,Health Care,Biotechnology: Pharmaceutical Preparations,Netherlands,232850435.0,1.65,471639
PRS,Prudential Financial Inc. 5.625% Junior Subordinated Notes due 2058,Finance,Life Insurance,United States,7099840000.0,20.17,60214
PRSO,Peraso Inc. Common Stock,Technology,Semiconductors,United States,7452396.0,0.4947,122163
PRSU,Pursuit Attractions and Hospitality Inc. Common Stock,Consumer Discretionary,Services-Misc. Amusement & Recreation,United States,1353665296.0,49.65,142302
PRT,PermRock Royalty Trust Units of Beneficial Interest,Energy,Oil & Gas Production,United States,23966492.0,1.97,37641
PRTA,Prothena Corporation plc Ordinary Shares,Health Care,Biotechnology: Pharmaceutical Preparations,United States,447658413.0,8.72,488918
PRTH,Priority Technology Holdings Inc. Common Stock,Consumer Discretionary,Business Services,United States,640561690.0,7.77,1440043
PRTS,CarParts.com Inc. Common Stock,Consumer Discretionary,Auto & Home Supply Stores,United States,65733271.0,8.15,30369
PRU,Prudential Financial Inc. Common Stock,Finance,Life Insurance,United States,40051050000.0,116.09,1510742
PRVA,Privia Health Group Inc. Common Stock,Health Care,Medical/Nursing Services,United States,2538078693.0,19.87,1399285
PRZO,ParaZero Technologies Ltd. Ordinary Shares,Industrials,Military/Government/Technical,Israel,15064500.0,0.581,148866
PS,Pershing Square Inc. Common Stock,Finance,Investment Managers,,23668000000.0,59.17,630556
PSA,Public Storage Common Stock,Real Estate,Real Estate Investment Trusts,United States,50015142752.0,284.79,963834
PSA^F,Public Storage Depositary Shares Each Representing 1/1000 of a 5.15% Cumulative Preferred Share of Beneficial Interest Series F par value $0.01 per share,Other,,United States,,18.0958,11156
PSA^G,Public Storage Depositary Shares Each Representing 1/1000 of a 5.05% Cumulative Preferred Share of Beneficial Interest Series G,Other,,United States,,17.76,21974
PSA^H,Public Storage Depositary Shares Each Representing 1/1000 of a  5.60% Cumulative Preferred  Share of Beneficial Interest Series H,Other,,United States,,19.73,24284
PSA^I,Public Storage Depositary Shares Each Representing 1/1000 of a 4.875% Cumulative Preferred Share of Beneficial Interest Series I par value $0.01 per share,Other,,United States,,17.12,17389
PSA^J,Public Storage Depositary Shares Each Representing 1/1000 of a 4.700% Cumulative Preferred Share of Beneficial Interest Series J par value $0.01 per share,Other,,United States,,16.65,23503
PSA^K,Public Storage Depositary Shares Each Representing 1/1000 of a 4.75% Cumulative Preferred Share of Beneficial Interest Series K,Other,,United States,,16.64,17543
PSA^L,Public Storage Depositary Shares Each Representing 1/1000 of a 4.625% Cumulative Preferred Share of Beneficial Interest Series L par value $0.01 per share,Other,,United States,,16.16,32621
PSA^M,Public Storage Depositary Shares Each Representing 1/1000 of a 4.125% Cumulative Preferred Share of Beneficial Interest Series M,Other,,United States,,14.5,15648
PSA^N,Public Storage Depositary Shares Each Representing 1/1000 of a 3.875% Cumulative Preferred Share of Beneficial Interest Series N,Other,,United States,,13.61,26370
PSA^O,Public Storage Depositary Shares Each Representing 1/1000 of a 3.900% Cumulative Preferred Share of Beneficial Interest Series O,Other,,United States,,13.65,27976
PSA^P,Public Storage Depositary Shares Each Representing 1/1000 of a 4.000% Cumulative Preferred Share of Bene cial Interest Series P,Other,,United States,,13.98,104833
PSA^Q,Public Storage Depositary Shares Each Representing 1/1000 of a 3.950% Cumulative Preferred Share of Beneficial Interest Series Q par value $0.01 per share,Other,,United States,,13.83,19649
PSA^R,Public Storage Depositary Shares Each Representing 1/1000 of a 4.00% Cumulative Preferred Share of Bene cial Interest Series R,Other,,United States,,14.015,32913
PSA^S,Public Storage Depositary Shares Each Representing 1/1000 of a 4.100% Cumulative Preferred Share of Beneficial Interest Series S,Other,,United States,,14.52,8921
PSA^T,Public Storage 6.000% Cumulative Preferred Shares of beneficial interest Series T,Other,,United States,,21.28,68229
PSA^U,Public Storage 6.000% Cumulative Preferred Shares of Beneficial Interest Series U,Other,,United States,,21.67,2979
PSBD,Palmer Square Capital BDC Inc. Common Stock,Other,,,0.0,9.78,76053
PSEC,Prospect Capital Corporation Common Stock,Finance,Finance: Consumer Services,United States,1137029888.0,2.13,6262695
PSEC^A,Prospect Capital Corporation 5.35% Series A Fixed Rate Cumulative Perpetual Preferred Stock,Other,,United States,,15.525,3845
PSF,Cohen & Steers Select Preferred and Income Fund Inc. Common Stock,Finance,Investment Managers,,887935008.0,18.07,129022
PSFE,Paysafe Limited Common Shares,Consumer Discretionary,Business Services,United Kingdom,314337141.0,6.02,306822
PSHG,Performance Shipping Inc. Common Shares,Consumer Discretionary,Marine Transportation,Greece,21817209.0,1.755,85995
PSIG,PS International Group Ltd. Ordinary Shares,Industrials,Integrated Freight & Logistics,Hong Kong,70444165.0,4.58,1137982
PSIX,Power Solutions International Inc. Common Stock,Industrials,Industrial Machinery/Components,United States,1050400593.0,45.54,265138
PSKY,Paramount Skydance Corporation Class B Common Stock,Industrials,Broadcasting,United States,11533602608.0,10.28,24192642
PSMT,PriceSmart Inc. Common Stock,Consumer Discretionary,Department/Specialty Retail Stores,United States,5337944836.0,172.97,230835
PSN,Parsons Corporation Common Stock,Technology,EDP Services,United States,4443104390.0,41.6,1247737
PSNL,Personalis Inc. Common Stock,Health Care,Medical Specialities,United States,1742973911.0,16.32,1669517
PSNY,Polestar Automotive Holding UK PLC Class A ADS,Industrials,Auto Manufacturing,Sweden,1090820057.0,6.64,203085
PSNYW,Polestar Automotive Holding UK PLC Class C-1 ADS (ADW),Industrials,Auto Manufacturing,Sweden,660406119.0,4.02,19344
PSO,Pearson Plc Common Stock,Consumer Discretionary,Books,United Kingdom,9591415094.0,15.94,479037
PSQH,PSQ Holdings Inc. Class A Common Stock,Consumer Discretionary,Advertising,,18635840.0,5.0,21563
PSQL,Pasqal Holding SA Ordinary Share,Technology,EDP Services,France,1422367730.0,6.7,401783
PSQLW,Pasqal Holding SA Warrant,Technology,EDP Services,France,261121240.0,1.23,63115
PSTL,Postal Realty Trust Inc. Class A Common Stock,Real Estate,Real Estate Investment Trusts,United States,702378831.0,23.22,439595
PSUS,Pershing Square USA Ltd. Common Shares,Other,,,964935000.0,36.9,397579
PSX,Phillips 66 Common Stock,Energy,Integrated oil Companies,United States,101171753252.0,253.55,3597160
PTA,Cohen & Steers Tax-Advantaged Preferred Securities and Income Fund Common Shares of Beneficial Interest,Finance,Trusts Except Educational Religious and Charitable,United States,944623380.0,17.09,339908
PTAC,Patriot Acquisition Corp. Class A Ordinary Shares,Finance,Blank Checks,United States,0.0,9.96,6
PTC,PTC Inc. Common Stock,Technology,Computer Software: Prepackaged Software,United States,15157239599.0,139.69,985800
PTCT,PTC Therapeutics Inc. Common Stock,Health Care,Biotechnology: Pharmaceutical Preparations,United States,5504239892.0,65.95,1913840
PTEN,Patterson-UTI Energy Inc. Common Stock,Energy,Oil & Gas Production,United States,4138025883.0,10.85,6503242
PTGX,Protagonist Therapeutics Inc. Common Stock,Health Care,Biotechnology: Pharmaceutical Preparations,United States,9217048115.0,142.44,925682
PTHS,Pelthos Therapeutics Inc. Common Stock,Health Care,Biotechnology: Biological Products (No Diagnostic Substances),,81354966.0,21.25,12015
PTLE,PTL LTD Class A Ordinary Shares,Energy,Oil Refining/Marketing,Singapore,42334762.0,6.74,93131
PTLO,Portillo's Inc. Class A Common Stock,Consumer Discretionary,Restaurants,United States,267320148.0,3.52,2743060
PTN,Palatin Technologies Inc. Common Stock,Health Care,Biotechnology: Pharmaceutical Preparations,United States,17045455.0,9.58,39310
PTON,Peloton Interactive Inc. Class A Common Stock,Consumer Discretionary,Recreational Games/Products/Toys,United States,2106584645.0,4.8,9024613
PTOR,Praetorian Acquisition Corp. Class A Ordinary Shares,Finance,Blank Checks,United States,0.0,9.95,65064
PTRN,Pattern Group Inc. Series A Common Stock,Consumer Discretionary,Catalog/Specialty Distribution,United States,2974982723.0,16.77,1674571
PTY,Pimco Corporate & Income Opportunity Fund,Finance,Investment Managers,United States,0.0,10.77,1859933
PUBM,PubMatic Inc. Class A Common Stock,Technology,Computer Software: Programming Data Processing,United States,838576623.0,18.41,839508
PUK,Prudential Public Limited Company Common Stock,Finance,Life Insurance,United Kingdom,31494905165.0,25.2,965127
PULM,Pulmatrix Inc. Common Stock,Health Care,Biotechnology: Pharmaceutical Preparations,United States,5807133.0,1.59,40181
PUMP,ProPetro Holding Corp. Common Stock,Energy,Oilfield Services/Equipment,United States,1142262428.0,9.3,3690682
PURR,Hyperliquid Strategies Inc Common Stock,Finance,Finance: Consumer Services,United States,2874064999.0,12.08,18342957
PUSA,Aureus Greenway Holdings Inc. Common Stock,Consumer Discretionary,Hotels/Resorts,United States,100899074.0,3.65,594766
PVH,PVH Corp. Common Stock,Industrials,Garments and Clothing,United States,3494018093.0,75.73,771309
PVL,Permianville Royalty Trust Units of Beneficial Interest,Energy,Oil & Gas Production,United States,60060000.0,1.82,105066
PVLA,Palvella Therapeutics Inc. Common Stock,Health Care,Biotechnology: Pharmaceutical Preparations,United States,2014727551.0,139.83,188637
PW,Power REIT (MD) Common Stock,Real Estate,Real Estate Investment Trusts,United States,2533128.0,6.9,6233
PW^A,Power REIT 7.75% Series A Cumulative Perpetual Preferred Stock,Other,,United States,,8.25,374
PWCM,PowerCompute Inc. Common Stock,Finance,Finance: Consumer Services,United States,2445687.0,1.01,58499
PWP,Perella Weinberg Partners Class A Common Stock,Finance,Finance: Consumer Services,United States,1424637813.0,14.64,1559780
PWR,Quanta Services Inc. Common Stock,Industrials,Engineering & Construction,United States,94933416396.0,644.36,848375
PWRL,Powerlaw Corp. Common Stock,Other,,United States,0.0,10.76,425056
PXED,Phoenix Education Partners Inc. Common Stock,Real Estate,Other Consumer Services,,918487140.0,25.48,66569
PXLW,Pixelworks Inc.  Common Stock,Technology,Computer Software: Prepackaged Software,United States,42224763.0,6.98,27375
PXS,Pyxis Tankers Inc. Common Stock,Consumer Discretionary,Marine Transportation,Greece,66993906.0,6.52,110446
PYPD,PolyPid Ltd. Ordinary Shares,Health Care,Medical/Dental Instruments,Israel,107855477.0,5.31,76007
PYPL,PayPal Holdings Inc. Common Stock,Industrials,Diversified Commercial Services,United States,46434416241.0,54.28,9902308
PYT,PPlus Tr GSC-2 Tr Ctf Fltg Rate,Finance,Finance: Consumer Services,United States,0.0,23.77,6
PYXS,Pyxis Oncology Inc. Common Stock,Health Care,Biotechnology: Pharmaceutical Preparations,United States,241883345.0,2.9,368438
PZG,Paramount Gold Nevada Corp. Common Stock,Basic Materials,Metal Mining,United States,107769226.0,1.25,768923
PZZA,Papa John's International Inc. Common Stock,Consumer Discretionary,Restaurants,United States,661396692.0,20.09,1476307
Q,Qnity Electronics Inc. Common Stock,Technology,Semiconductors,United States,26132239106.0,124.91,1186208
QADR,QDRO Acquisition Corp. Class A Ordinary Shares,Finance,Blank Checks,United States,0.0,10.0,109
QBTS,D-Wave Quantum Inc. Common Stock,Technology,EDP Services,United States,6370134818.0,16.78,13791345
QCLS,Q/C Technologies Inc. Common Stock,Health Care,Biotechnology: In Vitro & In Vivo Diagnostic Substances,United States,6821316.0,0.8329,439575
QCOM,QUALCOMM Incorporated Common Stock,Technology,Radio And Television Broadcasting And Communications Equipment,United States,196897855509.0,187.48,16680140
QCRH,QCR Holdings Inc. Common Stock,Finance,Major Banks,United States,1637233888.0,99.98,75612
QDEL,QuidelOrtho Corporation Common Stock,Health Care,Biotechnology: In Vitro & In Vivo Diagnostic Substances,United States,742671874.0,10.83,760180
QETA,Quetta Acquisition Corporation Common Stock,Finance,Blank Checks,United States,0.0,11.81,275
QETAR,Quetta Acquisition Corporation Right,Finance,Blank Checks,United States,0.0,0.4102,2
QFIN,Qfin Holdings Inc. American Depositary Shares,Finance,Finance: Consumer Services,China,858350782.0,7.05,1578236
QGEN,Qiagen N.V. Common Shares,Health Care,Biotechnology: Biological Products (No Diagnostic Substances),Netherlands,9275424633.0,45.01,2746301
QH,Quhuo Limited Class A Ordinary Shares,Consumer Discretionary,Business Services,China,10673465.0,3.88,15874
QLEP,Quantum Leap Acquisition Corp Class A Ordinary Shares,Other,,,0.0,10.05,5214
QLYS,Qualys Inc. Common Stock,Technology,Computer Software: Prepackaged Software,United States,6013649024.0,173.83,605130
QMCO,Quantum Corporation Common Stock,Technology,Electronic Components,United States,1237474031.0,31.4,1616816
QMLS,QumulusAI Inc. Common Stock,Technology,EDP Services,United States,239562967.0,7.16,91072
QNBC,QNB Corp. Common Stock,Finance,Major Banks,United States,276057602.0,45.64,23801
QNC,Quantum eMotion Corp. Common Shares,Other,,,482723274.0,2.2,1598317
QNCX,Quince Therapeutics Inc. Common Stock,Health Care,Biotechnology: Biological Products (No Diagnostic Substances),United States,29494827.0,29.0,40809
QNME,Quanome Technologies Inc. Common Stock,Industrials,Integrated Freight & Logistics,United States,22374471.0,0.6499,1094569
QNRX,Quoin Pharmaceuticals Ltd. American Depositary Shares,Health Care,Biotechnology: Pharmaceutical Preparations,Israel,25269887.0,5.26,70294
QNST,QuinStreet Inc. Common Stock,Consumer Discretionary,Business Services,United States,813144400.0,14.21,781358
QNT,Quantinuum Inc. Class A Common Stock,Technology,EDP Services,United States,12931062854.0,49.11,1809251
QNTM,Quantum Biopharma Ltd. Class B Subordinate Voting Shares,Health Care,Biotechnology: Pharmaceutical Preparations,Canada,32026583.0,3.96,140307
QQQX,Nuveen NASDAQ 100 Dynamic Overwrite Fund Shares of Beneficial Interest,Finance,Finance Companies,United States,0.0,30.33,97789
QRED,QuasarEdge Acquisition Corporation Ordinary Shares,Finance,Blank Checks,,0.0,10.05,8
QRHC,Quest Resource Holding Corporation Common Stock,Utilities,Environmental Services,United States,28897213.0,1.37,9890
QRVO,Qorvo Inc. Common Stock,Technology,Semiconductors,United States,10260175918.0,116.3,1529780
QS,QuantumScape Corporation Class A Common Stock,Miscellaneous,Industrial Machinery/Components,United States,2823157592.0,4.56,16437491
QSEA,Quartzsea Acquisition Corporation Ordinary Shares,Finance,Blank Checks,United States,0.0,10.66,389
QSEAR,Quartzsea Acquisition Corporation Rights,Finance,Blank Checks,United States,0.0,0.225,315
QSEAU,Quartzsea Acquisition Corporation Units,Finance,Blank Checks,United States,0.0,10.98,4
QSI,Quantum-Si Incorporated Class A Common Stock,Industrials,Industrial Machinery/Components,United States,174012710.0,0.795,1567056
QSR,Restaurant Brands International Inc. Common Shares,Consumer Discretionary,Restaurants,Canada,32465570227.0,71.43,3431940
QTEX,QTREX Quantum Ltd. Ordinary Shares,Health Care,Medical/Dental Instruments,Israel,38497590.0,0.6879,3955774
QTI,QT Imaging Holdings Inc. Common Stock,Health Care,Biotechnology: Electromedical & Electrotherapeutic Apparatus,United States,35859484.0,2.45,12018
QTRX,Quanterix Corporation Common Stock,Industrials,Biotechnology: Laboratory Analytical Instruments,United States,166471589.0,3.52,1044661
QTTB,Q32 Bio Inc. Common Stock,Health Care,Biotechnology: Pharmaceutical Preparations,United States,274772171.0,9.23,1004970
QTWO,Q2 Holdings Inc. Common Stock,Technology,Computer Software: Prepackaged Software,United States,3435743695.0,55.1,527610
QUAD,Quad Graphics Inc Class A Common Stock,Consumer Discretionary,Publishing,United States,484250852.0,9.41,252808
QUBT,Quantum Computing Inc. Common Stock,Technology,Computer Software: Prepackaged Software,United States,1939792599.0,8.57,6671879
QUCY,Quantum Cyber N.V. Ordinary Shares,Health Care,Biotechnology: Pharmaceutical Preparations,Germany,114332741.0,1.36,206799
QUIK,QuickLogic Corporation Common Stock,Technology,Semiconductors,United States,199846554.0,10.91,154806
QUMS,Quantumsphere Acquisition Corp. Ordinary Shares,Other,,United States,0.0,10.34,529
QUMSR,Quantumsphere Acquisition Corp. Rights,Other,,United States,0.0,0.0603,3444
QURE,uniQure N.V. Ordinary Shares,Health Care,Biotechnology: Pharmaceutical Preparations,Netherlands,2712920373.0,39.11,1853574
QVCG,QVC Group Inc. Common Stock,Consumer Discretionary,Catalog/Specialty Distribution,United States,706998544.0,14.14,177677
QXL,Quantum X Labs Inc. Common Stock,Technology,Computer Software: Prepackaged Software,Israel,99427678.0,4.61,47462
QXO,QXO Inc. Common Stock,Consumer Discretionary,RETAIL: Building Materials,United States,12574387393.0,12.12,23186589
QXO^B,QXO Inc.  Depositary Shares each representing a 1/20th interest in a share of 5.50% Series B Mandatory Convertible Preferred Stock,Other,,United States,,42.52,205737
R,Ryder System Inc. Common Stock,Consumer Discretionary,Rental/Leasing Companies,United States,8970482831.0,233.93,285682
RA,Brookfield Real Assets Income Fund Inc. Common Stock,Finance,Investment Managers,United States,0.0,11.54,405662
RAC,Rithm Acquisition Corp. Class A Ordinary Shares,Other,,,0.0,10.55,34723
RACC,Research Alliance Corporation III Class A Ordinary Shares,Finance,Blank Checks,United States,0.0,10.71,50778
RACD,Research Alliance Corporation IV Class A Ordinary Shares,Other,,United States,0.0,12.1,3405
RACE,Ferrari N.V. Common Shares,Industrials,Auto Manufacturing,Italy,93109924532.0,398.0,700127
RADX,Radiopharm Theranostics Limited American Depositary Shares,Health Care,Biotechnology: Pharmaceutical Preparations,Australia,21976917.0,1.52,43977
RAIL,FreightCar America Inc. Common Stock,Industrials,Railroads,United States,232818088.0,7.1,107861
RAIN,Rain Enhancement Technologies Holdco Inc. Class A Common Stock,Technology,Industrial Machinery/Components,United States,10630790.0,0.9083,123673
RAINW,Rain Enhancement Technologies Holdco Inc. Warrants,Technology,Industrial Machinery/Components,United States,2222599.0,0.1899,1084
RAL,Ralliant Corporation Common Stock,Industrials,Industrial Machinery/Components,United States,7740374960.0,69.96,967983
RAMP,LiveRamp Holdings Inc. Common Stock,Technology,EDP Services,United States,2287715173.0,37.63,2035622
RAND,Rand Capital Corporation Common Stock,Finance,Finance: Consumer Services,United States,29698140.0,10.0,299
RANG,Range Capital Acquisition Corp. Ordinary Shares,Finance,Blank Checks,United States,0.0,10.86,942
RANGR,Range Capital Acquisition Corp. Rights,Finance,Blank Checks,United States,0.0,0.2742,201
RANI,Rani Therapeutics Holdings Inc. Class A Common Stock,Health Care,Biotechnology: Pharmaceutical Preparations,United States,108170768.0,0.776,624810
RAPP,Rapport Therapeutics Inc. Common Stock,Health Care,Biotechnology: Pharmaceutical Preparations,United States,1604393884.0,33.44,552347
RARE,Ultragenyx Pharmaceutical Inc. Common Stock,Health Care,Biotechnology: Pharmaceutical Preparations,United States,1420665660.0,14.41,4940006
RAVE,Rave Restaurant Group Inc. Common Stock,Consumer Discretionary,Food Distributors,United States,33397180.0,2.35,201531
RAYA,Erayak Power Solution Group Inc. Class A Ordinary Shares,Consumer Discretionary,Metal Fabrications,China,1898478.0,1.8,67080
RBA,RB Global Inc. Common Stock,Consumer Discretionary,Business Services,Canada,14662703347.0,80.77,1064441
RBB,RBB Bancorp Common Stock,Finance,Major Banks,United States,445397332.0,26.33,93122
RBBN,Ribbon Communications Inc. Common Stock,Technology,EDP Services,United States,309364399.0,1.73,1228720
RBC,RBC Bearings Incorporated Common Stock,Industrials,Metal Fabrications,United States,15962591329.0,504.2,329006
RBCAA,Republic Bancorp Inc. Class A Common Stock,Finance,Major Banks,United States,1834811411.0,93.45,74815
RBKB,Rhinebeck Bancorp Inc. Common Stock,Finance,Banks,United States,198420409.0,12.69,71358
RBLX,Roblox Corporation Class A Common Stock,Technology,Computer Software: Prepackaged Software,United States,29903776890.0,41.86,18062034
RBNE,Robin Energy Ltd. Common Stock,Consumer Discretionary,Marine Transportation,Cyprus,3141690.0,2.3581,4750
RBRK,Rubrik Inc. Class A Common Stock,Technology,Computer Software: Prepackaged Software,United States,23444058328.0,113.09,2720733
RC,Ready Capital Corporation Common Stock,Real Estate,Real Estate Investment Trusts,United States,214748290.0,1.3,1702337
RC^C,Ready Capital Corporation 6.25% Series C Cumulative Convertible Preferred Stock,Other,,United States,,10.805,598
RC^E,Ready Capital Corporation 6.50% Series E Cumulative Redeemable Preferred Stock,Other,,United States,,11.715,5763
RCAT,Red Cat Holdings Inc. Common Stock,Technology,Computer Software: Prepackaged Software,United States,992643353.0,6.5,6283417
RCBC,River City Bank Common stock,Finance,Major Banks,United States,718221028.0,50.58,61448
RCD,Ready Capital Corporation 9.00% Senior Notes due 2029,Real Estate,Real Estate Investment Trusts,United States,0.0,23.039,5844
RCEL,Avita Medical Inc. Common Stock,Health Care,Medical/Dental Instruments,United States,360916304.0,11.67,208157
RCG,RENN Fund Inc Common Stock,Finance,Investment Managers,United States,0.0,3.03,5225
RCI,Rogers Communication Inc. Common Stock,Telecommunications,Cable & Other Pay Television Services,Canada,16979249058.0,31.43,1801241
RCKT,Rocket Pharmaceuticals Inc. Common Stock,Health Care,Biotechnology: Pharmaceutical Preparations,United States,286511698.0,2.61,2079405
RCKY,Rocky Brands Inc. Common Stock,Consumer Discretionary,Shoe Manufacturing,United States,337360752.0,45.03,60260
RCL,Royal Caribbean Cruises Ltd. Common Stock,Consumer Discretionary,Marine Transportation,United States,64881201058.0,242.59,3372472
RCMT,RCM Technologies Inc. Common Stock,Consumer Discretionary,Professional Services,United States,289194569.0,40.67,62006
RCON,Recon Technology Ltd. Class A Ordinary Shares,Energy,Oilfield Services/Equipment,China,28090720.0,1.34,148203
RCS,PIMCO Strategic Income Fund Inc.,Finance,Investment Managers,United States,0.0,4.93,177566
RCT,RedCloud Holdings plc Ordinary Shares,Technology,Computer Software: Programming Data Processing,United Kingdom,12759823.0,0.1866,239821
RCUS,Arcus Biosciences Inc. Common Stock,Health Care,Biotechnology: Pharmaceutical Preparations,United States,3184607734.0,25.01,1249307
RDAC,Rising Dragon Acquisition Corp. Ordinary Shares,Other,,China,0.0,5.32,34358
RDACR,Rising Dragon Acquisition Corp. Rights,Finance,Blank Checks,China,0.0,0.103,514
RDAG,Republic Digital Acquisition Company Class A Ordinary Shares,Finance,Blank Checks,United States,0.0,10.44,1833
RDAGU,Republic Digital Acquisition Company Unit,Finance,Blank Checks,United States,0.0,10.53,1172
RDAGW,Republic Digital Acquisition Company Warrants,Finance,Blank Checks,United States,0.0,0.25,440
RDCM,Radcom Ltd. Ordinary Shares,Technology,Computer peripheral equipment,Israel,168907425.0,10.12,64548
RDDT,Reddit Inc. Class A Common Stock,Technology,EDP Services,United States,27528092651.0,143.08,4339887
RDGT,Ridgetech Inc. Ordinary Shares,Consumer Staples,Retail-Drug Stores and Proprietary Stores,China,2925772.0,0.8061,183429
RDHL,Redhill Biopharma Ltd. American Depositary Shares,Health Care,Biotechnology: Pharmaceutical Preparations,Israel,3073905.0,0.5055,91588
RDI,Reading International Inc Class A Common Stock,Consumer Discretionary,Movies/Entertainment,United States,45093550.0,1.97,60326
RDIB,Reading International Inc Class B Common Stock,Consumer Discretionary,Movies/Entertainment,United States,373795774.0,16.33,41289
RDN,Radian Group Inc. Common Stock,Finance,Property-Casualty Insurers,United States,4365943494.0,33.0,2235589
RDNT,RadNet Inc. Common Stock,Health Care,Medical Specialities,United States,5651250025.0,71.81,528259
RDNW,RideNow Group Inc. Class B Common Stock,Technology,EDP Services,United States,241868746.0,6.2,158270
RDVT,Red Violet Inc. Common Stock,Technology,Computer Software: Prepackaged Software,United States,1261452705.0,78.61,151193
RDW,Redwire Corporation Common Stock,Industrials,Military/Government/Technical,United States,2799917221.0,11.2,11867406
RDWR,Radware Ltd. Ordinary Shares,Consumer Discretionary,Business Services,Israel,1246363336.0,29.46,413184
RDY,Dr. Reddy's Laboratories Ltd Common Stock,Health Care,Biotechnology: Pharmaceutical Preparations,India,10441558695.0,12.51,4029632
RDZN,Roadzen Inc. Ordinary Shares,Finance,Specialty Insurers,United States,106882154.0,1.255,215152
RDZNW,Roadzen Inc. Warrants,Finance,Specialty Insurers,United States,8090681.0,0.095,536
REA,Rare Earths Americas Inc. Common Stock,Basic Materials,Metal Mining,,204327854.0,10.24,139785
REAL,The RealReal Inc. Common Stock,Consumer Discretionary,Other Specialty Stores,United States,1071922523.0,8.81,2223459
REAX,Real REMAX Group Inc. Common Stock,Finance,Real Estate,Canada,351377600.0,16.03,638544
REBN,Reborn Coffee Inc. Common Stock,Consumer Discretionary,Restaurants,United States,12240573.0,1.42,207422
RECT,Rectitude Holdings Ltd Ordinary Shares,Consumer Discretionary,Industrial Machinery/Components,Singapore,21195885.0,1.369,1671
REED,Reed's Inc. Common Stock,Consumer Staples,Beverages (Production/Distribution),,7422536.0,0.626,117925
REF,Reformation Inc. Common Stock,Consumer Discretionary,Apparel,,729629602.0,12.35,451560
REFI,Chicago Atlantic Real Estate Finance Inc. Common Stock,Real Estate,Real Estate Investment Trusts,United States,273121416.0,10.66,232212
REFR,Research Frontiers Incorporated Common Stock,Miscellaneous,Multi-Sector Companies,United States,27001613.0,0.7744,132840
REG,Regency Centers Corporation Common Stock,Real Estate,Real Estate Investment Trusts,United States,13428229712.0,73.33,1025020
REGCO,Regency Centers Corporation 5.875% Series B Cumulative Redeemable Preferred Stock,Real Estate,Real Estate Investment Trusts,United States,3790595323.0,20.7,2775
REGCP,Regency Centers Corporation 6.25% Series A Cumulative Redeemable Preferred Stock,Real Estate,Real Estate Investment Trusts,United States,3993859130.0,21.81,7912
REGN,Regeneron Pharmaceuticals Inc. Common Stock,Health Care,Biotechnology: Pharmaceutical Preparations,United States,77447889723.0,752.25,1149835
REI,Ring Energy Inc. Common Stock,Energy,Oil & Gas Production,United States,341306885.0,1.31,2701679
REKR,Rekor Systems Inc. Common Stock,Telecommunications,Telecommunications Equipment,United States,53664469.0,0.3899,2662224
RELL,Richardson Electronics Ltd. Common Stock,Technology,Electronic Components,United States,254326770.0,17.11,113680
RELX,RELX PLC PLC American Depositary Shares (Each representing One Ordinary Share),Consumer Discretionary,Business Services,United Kingdom,57791824478.0,33.07,1748218
RELY,Remitly Global Inc. Common Stock,Consumer Discretionary,Business Services,United States,4633763942.0,21.89,3004592
RENT,Rent the Runway Inc. Class A Common Stock,Consumer Discretionary,Other Specialty Stores,United States,54376335.0,1.61,183331
RENX,RenX Enterprises Corp. Common Stock,Utilities,Environmental Services,United States,6271515.0,2.37,247289
REPL,Replimune Group Inc. Common Stock,Health Care,Biotechnology: Biological Products (No Diagnostic Substances),United States,1183398603.0,12.56,1966840
REPX,Riley Exploration Permian Inc. Common Stock,Energy,Oil & Gas Production,United States,888809854.0,40.12,146900
RERE,ATRenew Inc. American Depositary Shares (every three of which representing two Class A ordinary shares),Consumer Discretionary,Other Specialty Stores,Cayman Islands,844170235.0,3.85,432027
RES,RPC Inc. Common Stock,Energy,Oilfield Services/Equipment,United States,1270094679.0,5.73,1997996
RETO,ReTo Eco-Solutions Inc. Class A Shares,Industrials,Industrial Machinery/Components,China,19865560.0,0.142,28223968
REVB,Revelation Biosciences Inc. Common Stock,Health Care,Biotechnology: Pharmaceutical Preparations,United States,3422949.0,0.8593,34329
REVBW,Revelation Biosciences Inc. Warrant,Health Care,Biotechnology: Pharmaceutical Preparations,United States,17925.0,0.0045,8007
REX,REX American Resources Corporation,Industrials,Major Chemicals,United States,1413614020.0,42.61,221373
REXR,Rexford Industrial Realty Inc. Common Stock,Real Estate,Real Estate Investment Trusts,United States,8292928332.0,37.19,2717457
REXR^B,Rexford Industrial Realty Inc. 5.875% Series B Cumulative Redeemable Preferred Stock,Other,,United States,,20.75,12790
REXR^C,Rexford Industrial Realty Inc. 5.625% Series C Cumulative Redeemable Preferred Stock par value $0.01 per share,Other,,United States,,19.6576,19065
REYN,Reynolds Consumer Products Inc. Common Stock,Consumer Discretionary,Containers/Packaging,United States,4654264883.0,22.08,2170409
REZI,Resideo Technologies Inc. Common Stock,Industrials,Wholesale Distributors,United States,2766659227.0,18.22,1275242
RF,Regions Financial Corporation Common Stock,Finance,Major Banks,United States,23223598334.0,27.26,12401863
RF^C,Regions Financial Corporation Depositary Shares each Representing a 1/40th Interest in a  Share of 5.700% Fixed-to-Floating Rate Non-Cumulative  Perpetual Preferred Stock Series C,Other,,United States,,24.09,20672
RF^E,Regions Financial Corporation Depositary Shares Each Representing a 1/40th Interest in a Share of 4.45% Non-Cumulative Perpetual Preferred Stock Series E,Other,,United States,,15.46,33448
RF^F,Regions Financial Corporation Depositary Shares Each Representing a 1/40th Interest in a Share of Non-Cumulative Perpetual Preferred Stock Series F,Other,,United States,,25.04,48647
RFAI,RF Acquisition Corp II Ordinary Shares,Other,,Singapore,0.0,37.0,21289
RFAIR,RF Acquisition Corp II Right,Technology,Computer Software: Prepackaged Software,Singapore,0.0,0.153,80055
RFAIU,RF Acquisition Corp II Unit,Technology,Computer Software: Prepackaged Software,Singapore,0.0,44.48,6601
RFAM,RF Acquisition Corp III Ordinary Shares,Other,,Singapore,0.0,9.99,5456
RFAMR,RF Acquisition Corp III Rights,Finance,Blank Checks,Singapore,0.0,0.14,58
RFAMU,RF Acquisition Corp III Units,Finance,Blank Checks,Singapore,0.0,10.0801,6219
RFI,Cohen & Steers Total Return Realty Fund Inc. Common Stock,Finance,Investment Managers,United States,514972821.0,10.48,97926
RFIL,RF Industries Ltd. Common Stock,Technology,Electrical Products,United States,85914267.0,7.92,131821
RFL,Rafael Holdings Inc. Class B Common Stock,Health Care,Biotechnology: Pharmaceutical Preparations,United States,105039992.0,2.02,66529
RFM,RiverNorth Flexible Municipal Income Fund Inc. Common Stock,Finance,Finance/Investors Services,,77901265.0,12.74,81237
RFMZ,RiverNorth Flexible Municipal Income Fund II Inc. Common Stock,Finance,Finance/Investors Services,,278584089.0,11.44,201929
RGA,Reinsurance Group of America Incorporated Common Stock,Finance,Life Insurance,United States,16519362195.0,252.97,499670
RGC,Regencell Bioscience Holdings Limited Ordinary Shares,Health Care, Medicinal Chemicals and Botanical Products ,Hong Kong,3065831230.0,6.2,76193
RGCO,RGC Resources Inc. Common Stock,Utilities,Oil & Gas Production,United States,225062410.0,21.6,12332
RGEN,Repligen Corporation Common Stock,Health Care,Biotechnology: Biological Products (No Diagnostic Substances),United States,9495529702.0,194.09,1567374
RGLD,Royal Gold Inc. Common Stock,Industrials,Precious Metals,United States,20361798594.0,240.32,765070
RGNT,Regentis Biomaterials Ltd. Ordinary Shares,Health Care,Industrial Specialties,Israel,13275211.0,1.89,7633
RGNX,REGENXBIO Inc. Common Stock,Health Care,Biotechnology: Biological Products (No Diagnostic Substances),United States,493118544.0,7.47,1325901
RGP,Resources Connection Inc. Common Stock,Consumer Discretionary,Business Services,United States,130476896.0,3.76,374045
RGR,Sturm Ruger & Company Inc. Common Stock,Industrials,Ordnance And Accessories,United States,671725882.0,42.04,225887
RGS,Regis Corporation Common Stock,Consumer Discretionary,Other Consumer Services,United States,70129404.0,28.05,6768
RGT,Royce Global Trust Inc. Common Stock,Finance,Trusts Except Educational Religious and Charitable,,89366607.0,14.26,39685
RGTI,Rigetti Computing Inc. Common Stock,Technology,EDP Services,United States,5323611515.0,15.95,13140406
RGTIW,Rigetti Computing Inc. Warrants,Technology,EDP Services,United States,2076041606.0,6.22,62228
RH,RH Common Stock,Consumer Discretionary,Other Specialty Stores,United States,2311360051.0,122.08,863848
RHI,Robert Half Inc. Common Stock,Consumer Discretionary,Professional Services,United States,3762820797.0,36.76,979301
RHLD,Resolute Holdings Management Common Stock,Finance,Finance: Consumer Services,United States,971350091.0,124.22,84226
RHP,Ryman Hospitality Properties Inc. (REIT),Real Estate,Real Estate Investment Trusts,United States,8422177812.0,122.09,458911
RIBB,Ribbon Acquisition Corp Class A Ordinary Shares,Other,,Japan,0.0,8.52,15060
RICK,RCI Hospitality Holdings Inc. Common Stock,Consumer Discretionary,Restaurants,United States,210758865.0,27.57,39399
RIG,Transocean Ltd (Switzerland) Common Stock,Energy,Oil & Gas Production,Switzerland,5897126849.0,5.28,53627359
RIGL,Rigel Pharmaceuticals Inc. Common Stock,Health Care,Biotechnology: Pharmaceutical Preparations,United States,922038087.0,49.36,180916
RILY,BRC Group Holdings Inc. Common Stock,Finance,Investment Managers,United States,220696655.0,5.49,436324
RILYG,BRC Group Holdings Inc. 5.00% Senior Notes due 2026,Finance,Investment Managers,United States,753887472.0,24.72,14250
RILYL,BRC Group Holdings Inc. Depositary Shares each representing 1/1000th in a share of 7.375% Series B Cumulative Perpetual Preferred Stock par value $0.0001,Finance,Investment Managers,United States,463173537.0,11.5218,14882
RILYP,BRC Group Holdings Inc. Depositary Shares each representing a 1/1000th fractional interest in a share of Series A Cumulative Perpetual Preferred Stock,Finance,Investment Managers,United States,437417554.0,10.8811,14728
RILYT,BRC Group Holdings Inc. 6.00% Senior Notes Due 2028,Finance,Investment Managers,United States,625189853.0,20.5,7398
RILYZ,BRC Group Holdings Inc. 5.25% Senior Notes due 2028,Finance,Investment Managers,United States,588898344.0,19.31,32323
RIME,Algorhythm Holdings Inc. Common Stock,Technology,EDP Services,United States,3368525.0,0.1599,2759818
RIO,Rio Tinto Plc Common Stock,Basic Materials,Metal Mining,Australia,118582602715.0,94.41,2292567
RIOT,Riot Platforms Inc. Common Stock,Finance,Finance: Consumer Services,United States,8113098175.0,21.62,12551258
RITM,Rithm Capital Corp. Common Stock,Real Estate,Real Estate Investment Trusts,United States,5070335841.0,9.08,8634129
RITM^A,Rithm Capital Corp. 7.50% Series A Fixed-to-Floating Rate Cumulative Redeemable Preferred Stock,Other,,United States,,25.45,12043
RITM^B,Rithm Capital Corp. 7.125% Series B Fixed-to-Floating Rate Cumulative Redeemable Preferred Stock,Other,,United States,,25.35,9140
RITM^C,Rithm Capital Corp. 6.375% Series C Fixed-to-Floating Rate Cumulative Redeemable Preferred Stock,Other,,United States,,24.3,51930
RITM^D,Rithm Capital Corp. 7.00% Fixed-Rate Reset Series D Cumulative Redeemable Preferred Stock,Other,,United States,,25.29,50459
RITM^E,Rithm Capital Corp. 8.75% Series E Fixed-Rate Cumulative Redeemable Preferred Stock,Other,,United States,,23.47,43786
RITM^F,Rithm Capital Corp. 8.750% Series F Fixed-Rate Reset Cumulative Redeemable Preferred Stock,Other,,United States,,24.31,24126
RIV,RiverNorth Opportunities Fund Inc. Common Stock,Finance,Finance Companies,United States,0.0,10.38,42353
RIV^A,RiverNorth Opportunities Fund Inc. 6.00% Series A Perpetual Preferred Stock,Other,,United States,,20.93,12085
RIVN,Rivian Automotive Inc. Class A Common Stock,Industrials,Auto Manufacturing,United States,21413858718.0,14.79,25153051
RJET,Republic Airways Holdings Inc. Common Stock,Consumer Discretionary,Air Freight/Delivery Services,United States,860542410.0,18.38,81583
RJF,Raymond James Financial Inc. Common Stock,Finance,Investment Bankers/Brokers/Service,United States,31001013345.0,161.16,1236104
RKDA,Arcadia Biosciences Inc. Common Stock,Energy,Oil & Gas Production,United States,742037.0,0.308,2850805
RKLB,Rocket Lab Corporation Common Stock,Industrials,Military/Government/Technical,United States,45317975558.0,72.19,15012456
RKT,Rocket Companies Inc. Class A Common Stock,Finance,Finance: Consumer Services,United States,32960317780.0,11.64,45497720
RKTO,Rocket One Inc. Common Stock,Health Care,Biotechnology: Pharmaceutical Preparations,United States,18381884.0,0.7383,205296
RL,Ralph Lauren Corporation Common Stock,Industrials,Garments and Clothing,United States,21280392481.0,357.16,564161
RLAY,Relay Therapeutics Inc. Common Stock,Health Care,Biotechnology: Biological Products (No Diagnostic Substances),United States,3876615452.0,17.69,1846439
RLGT,Radiant Logistics Inc. Common Stock,Industrials,Integrated Freight & Logistics,United States,410324863.0,8.75,181510
RLI,RLI Corp. Common Stock (DE),Finance,Property-Casualty Insurers,United States,5137450861.0,55.98,778724
RLJ,RLJ Lodging Trust Common Shares of Beneficial Interest $0.01 par value,Real Estate,Real Estate Investment Trusts,United States,1686800903.0,11.07,2487652
RLJ^A,RLJ Lodging Trust $1.95 Series A Cumulative Convertible  Preferred Shares,Other,,United States,,24.69,25002
RLMD,Relmada Therapeutics Inc. Common Stock,Health Care,Biotechnology: Pharmaceutical Preparations,United States,404278716.0,3.79,986636
RLTY,Cohen & Steers Real Estate Opportunities and Income Fund Common Shares of Beneficial Interest,Finance,Investment Managers,,0.0,13.95,92521
RLX,RLX Technology Inc. American Depositary Shares each representing the right to receive one (1) Class A ordinary share,Health Care, Medicinal Chemicals and Botanical Products ,Cayman Islands,2077832759.0,1.7,2442063
RLYB,Rallybio Corporation Common Stock,Health Care,Biotechnology: Pharmaceutical Preparations,United States,90544008.0,17.05,16077
RM,Regional Management Corp. Common Stock,Finance,Finance: Consumer Services,United States,280740911.0,30.43,76297
RMBI,Richmond Mutual Bancorporation Inc. Common Stock,Finance,Major Banks,United States,253229185.0,15.11,53188
RMBS,Rambus Inc. Common Stock,Technology,Semiconductors,United States,11076098898.0,102.12,1814508
RMCF,Rocky Mountain Chocolate Factory Inc. Common Stock,Consumer Staples,Specialty Foods,United States,8047248.0,0.8525,42622
RMCO,Royalty Management Holding Corporation Class A Common Stock,Miscellaneous,Multi-Sector Companies,United States,38842132.0,2.56,4593
RMCOW,Royalty Management Holding Corporation Warrant,Miscellaneous,Multi-Sector Companies,United States,2275906.0,0.15,9383
RMD,ResMed Inc. Common Stock,Health Care,Medical/Dental Instruments,United States,32038437163.0,222.1,862828
RMI,RiverNorth Opportunistic Municipal Income Fund Inc. Common Stock,Finance,Finance/Investors Services,,85274326.0,13.38,31507
RMIX,Suncrete Inc. Class A Common Stock,Industrials,Building Materials,United States,926656367.0,12.61,527906
RML,Resolution Minerals Ltd American Depositary Shares,Other,,Australia,65621768.0,5.86,57649
RMM,RiverNorth Managed Duration Municipal Income Fund Inc. Common Stock,Finance,Trusts Except Educational Religious and Charitable,,244376595.0,12.38,250607
RMMZ,RiverNorth Managed Duration Municipal Income Fund II Inc. Common Stock,Finance,Investment Managers,,257009957.0,13.02,23371
RMNI,Rimini Street Inc. (DE) Common Stock,Consumer Discretionary,Business Services,United States,393028760.0,4.21,287741
RMR,The RMR Group Inc. Class A Common Stock,Consumer Discretionary,Professional Services,United States,593804983.0,18.51,87199
RMSG,Real Messenger Corporation Ordinary Shares,Technology,Computer Software: Programming Data Processing,United States,4768141.0,0.2949,278490
RMSGW,Real Messenger Corporation Warrants,Technology,Computer Software: Programming Data Processing,United States,520631.0,0.0322,28
RMT,Royce Micro-Cap Trust Inc. Common Stock,Finance,Investment Managers,United States,619543343.0,13.39,131284
RMTI,Rockwell Medical Inc. Common Stock,Health Care,Biotechnology: Pharmaceutical Preparations,United States,34782913.0,8.63,17668
RNA,Atrium Therapeutics Inc. Common Stock,Health Care,Biotechnology: Pharmaceutical Preparations,United States,144029514.0,8.42,504929
RNAC,Cartesian Therapeutics Inc. Common Stock,Health Care,Biotechnology: Pharmaceutical Preparations,United States,218141088.0,7.21,109180
RNAQ,Rainier Acquisition Corporation Class A Ordinary Shares,Finance,Blank Checks,United States,0.0,10.09,1896
RNAQU,Rainier Acquisition Corporation Units,Finance,Blank Checks,United States,0.0,10.179,13624
RNAQW,Rainier Acquisition Corporation Warrants,Finance,Blank Checks,United States,0.0,0.4399,3
RNAZ,TransCode Therapeutics Inc. Common Stock,Health Care,Biotechnology: Pharmaceutical Preparations,United States,28951564.0,1.71,40688
RNG,RingCentral Inc. Class A Common Stock,Technology,EDP Services,United States,6357324113.0,76.13,1418560
RNGR,Ranger Energy Services Inc. Class A Common Stock,Energy,Oilfield Services/Equipment,United States,357114871.0,15.26,178490
RNGT,Range Capital Acquisition Corp II Class A Ordinary Shares,Finance,Blank Checks,United States,0.0,10.17,16
RNP,Cohen & Steers REIT and Preferred and Income Fund Inc. Common Shares,Finance,Investment Managers,United States,921349275.0,18.75,162193
RNR,RenaissanceRe Holdings Ltd. Common Stock,Finance,Property-Casualty Insurers,Bermuda,13500210036.0,324.9,242613
RNR^F,RenaissanceRe Holdings Ltd. Depositary Shares each Representing a 1/1000th Interest in a 5.750% Series F Preference Share,Other,,Bermuda,,19.68,33344
RNR^G,RenaissanceRe Holdings Ltd. Depositary Shares each representing a 1/1000th interest in a share of 4.20% Series G Preference Shares,Other,,Bermuda,,14.23,50279
RNST,Renasant Corporation Common Stock,Finance,Major Banks,United States,3643381975.0,39.86,612886
RNTX,Rein Therapeutics Inc. Common Stock,Health Care,Biotechnology: Pharmaceutical Preparations,United States,62198530.0,0.721,162793
RNW,ReNew Energy Global plc Class A Ordinary Shares,Utilities,Electric Utilities: Central,United Kingdom,2492514386.0,6.84,1003852
RNXT,RenovoRx Inc. Common Stock,Health Care,Biotechnology: Pharmaceutical Preparations,United States,69950737.0,1.55,877014
ROAD,Construction Partners Inc. Class A Common Stock,Industrials,Military/Government/Technical,United States,5248050546.0,91.47,703244
ROC,Rank One Computing Corporation Common stock,Technology,Computer Software: Prepackaged Software,United States,80518136.0,4.22,145443
ROCK,Gibraltar Industries Inc. Common Stock,Industrials,Steel/Iron Ore,United States,1203681699.0,40.55,349000
ROG,Rogers Corporation Common Stock,Industrials,Major Chemicals,United States,2441529294.0,136.64,174013
ROIV,Roivant Sciences Ltd. Common Shares,Health Care,Biotechnology: Pharmaceutical Preparations,United Kingdom,26711505095.0,36.98,6972134
ROK,Rockwell Automation Inc. Common Stock,Industrials,Industrial Machinery/Components,United States,47983554013.0,431.22,598821
ROKU,Roku Inc. Class A Common Stock,Telecommunications,Cable & Other Pay Television Services,United States,22659123997.0,152.67,1801882
ROL,Rollins Inc. Common Stock,Consumer Discretionary,Diversified Commercial Services,United States,14718237908.0,30.59,10845744
ROLR,High Roller Technologies Inc. Common Stock,Consumer Discretionary,Services-Misc. Amusement & Recreation,,61764153.0,5.6,43367
ROMA,Roma Green Finance Limited Class A Ordinary Shares,Consumer Discretionary,Professional Services,Hong Kong,507490145.0,8.52,786
ROOT,Root Inc. Class A Common Stock,Finance,Property-Casualty Insurers,United States,723999666.0,46.73,205567
ROP,Roper Technologies Inc. Common Stock,Industrials,Industrial Machinery/Components,United States,35010909396.0,354.0,927083
ROST,Ross Stores Inc. Common Stock,Consumer Discretionary,Clothing/Shoe/Accessory Stores,United States,75739137850.0,237.09,1971246
RPAY,Repay Holdings Corporation Class A Common Stock,Consumer Discretionary,Business Services,United States,336977426.0,3.75,444921
RPC,Ridgepost Capital Inc. Class A Common Stock,Finance,Investment Managers,United States,808047765.0,7.33,518110
RPD,Rapid7 Inc. Common Stock,Technology,Computer Software: Prepackaged Software,United States,795327552.0,11.8,980673
RPGL,Republic Power Group Limited Class A Ordinary Shares,Technology,Computer Software: Prepackaged Software,Singapore,12383412.0,12.27,5501
RPID,Rapid Micro Biosystems Inc. Class A Common Stock,Industrials,Biotechnology: Laboratory Analytical Instruments,United States,54924714.0,1.095,268318
RPM,RPM International Inc. Common Stock,Consumer Discretionary,Paints/Coatings,United States,12799689482.0,100.2,744254
RPRX,Royalty Pharma plc Class A Ordinary Shares,Health Care,Biotechnology: Pharmaceutical Preparations,United States,33562820277.0,58.37,1862915
RPT,Rithm Property Trust Inc. Common stock,Real Estate,Real Estate Investment Trusts,United States,83788240.0,10.78,4503
RPT^C,Rithm Property Trust Inc. 9.875% Series C Fixed-to-Floating Rate Cumulative Redeemable Preferred Stock,Other,,United States,,24.9,1544
RQI,Cohen & Steers Quality Income Realty Fund Inc Common Shares,Finance,Trusts Except Educational Religious and Charitable,United States,1477304488.0,11.0,756367
RR,Richtech Robotics Inc. Class B Common Stock,Industrials,Industrial Machinery/Components,United States,353410051.0,1.57,3571100
RRBI,Red River Bancshares Inc. Common Stock,Finance,Major Banks,United States,656896256.0,99.77,57612
RRC,Range Resources Corporation Common Stock,Energy,Oil & Gas Production,United States,8847106438.0,37.86,3371936
RREV,RRE Ventures Acquisition Corp. Class A Ordinary Shares,Finance,Blank Checks,United States,0.0,9.92,67
RRGB,Red Robin Gourmet Burgers Inc. Common Stock,Consumer Discretionary,Restaurants,United States,141021990.0,7.46,158042
RRR,Red Rock Resorts Inc. Class A Common Stock,Consumer Discretionary,Hotels/Resorts,United States,5298066735.0,50.45,694246
RRX,Regal Rexnord Corporation Common Stock,Industrials,Industrial Machinery/Components,United States,10420295348.0,156.48,823089
RS,Reliance Inc. Common Stock,Industrials,Metal Fabrications,United States,19989389919.0,391.53,188640
RSF,RiverNorth Capital and Income Fund Common Stock,Finance,Investment Managers,,47717720.0,14.28,26251
RSG,Republic Services Inc. Common Stock,Utilities,Environmental Services,United States,65201929406.0,212.93,1046023
RSI,Rush Street Interactive Inc. Class A Common Stock,Consumer Discretionary,Services-Misc. Amusement & Recreation,United States,4531169149.0,19.55,2781309
RSKD,Riskified Ltd. Class A Ordinary Shares,Consumer Discretionary,Business Services,,1046939802.0,7.7,2526998
RSSS,Research Solutions Inc Common Stock,Technology,EDP Services,United States,72589738.0,2.15,56701
RSVR,Reservoir Media Inc. Common Stock,Consumer Discretionary,Services-Misc. Amusement & Recreation,United States,629638596.0,9.55,28019
RTAC,Renatus Tactical Acquisition Corp I Class A Ordinary Shares,Finance,Blank Checks,United States,0.0,10.44,20077
RTACU,Renatus Tactical Acquisition Corp I Unit,Finance,Blank Checks,United States,0.0,10.74,1182
RTACW,Renatus Tactical Acquisition Corp I Warrant,Finance,Blank Checks,United States,0.0,0.55,31519
RTB,RTB Digital Inc. Common Stock,Consumer Discretionary,Professional Services,United States,140013189.0,9.36,47397
RTO,Rentokil Initial plc American Depositary Shares (each representing five (5) Ordinary Shares),Consumer Discretionary,Other Consumer Services,United States,10340200000.0,20.5,2699721
RTX,RTX Corporation Common Stock,Industrials,Aerospace,United States,252920293303.0,187.66,3227573
RUBI,Rubico Inc. Common Stock,Consumer Discretionary,Marine Transportation,Greece,2685646.0,1.13,231826
RUM,RUM Group Inc. Class A Common Stock,Technology,Computer Software: Programming Data Processing,United States,3931774838.0,7.93,3548839
RUMBW,RUM Group Inc. Warrant,Technology,Computer Software: Programming Data Processing,United States,897416451.0,1.81,17586
RUN,Sunrun Inc. Common Stock,Miscellaneous,Industrial Machinery/Components,United States,1847296352.0,7.67,6455536
RUSHA,Rush Enterprises Inc. Common Stock Cl A,Consumer Discretionary,Retail-Auto Dealers and Gas Stations,United States,5548193868.0,47.53,485549
RUSHB,Rush Enterprises Inc. Class B,Consumer Discretionary,Retail-Auto Dealers and Gas Stations,United States,6430675367.0,55.09,106205
RVI,Robinhood Ventures Fund I Common Shares of Beneficial Interest,Other,,,0.0,28.33,319958
RVII,Robinhood Ventures Fund II Common Shares of Beneficial Interest,Other,,,175440000.0,21.93,141842
RVLV,Revolve Group Inc. Class A Common Stock,Consumer Discretionary,Catalog/Specialty Distribution,United States,1509854321.0,21.24,768758
RVMD,Revolution Medicines Inc. Common Stock,Health Care,Biotechnology: Biological Products (No Diagnostic Substances),United States,43240228967.0,201.74,1815118
RVMDW,Revolution Medicines Inc. Warrant,Health Care,Biotechnology: Biological Products (No Diagnostic Substances),United States,2404854610.0,11.22,6894
RVP,Retractable Technologies Inc. Common Stock,Health Care,Medical/Dental Instruments,United States,20566828.0,0.687,5640
RVSB,Riverview Bancorp Inc Common Stock,Finance,Savings Institutions,United States,119754041.0,5.94,30379
RVSN,Rail Vision Ltd. Ordinary Share,Industrials,Railroads,Israel,7760338.0,3.54,7396
RVSNW,Rail Vision Ltd. Warrant,Industrials,Railroads,Israel,26525.0,0.0121,11118
RVT,Royce Small-Cap Trust Inc. Common Stock,Finance,Trusts Except Educational Religious and Charitable,United States,1856855498.0,17.2,239858
RVTY,Revvity Inc. Common Stock,Industrials,Biotechnology: Laboratory Analytical Instruments,United States,16851778279.0,151.02,1500679
RWAY,Runway Growth Finance Corp. Common Stock,Finance,Finance: Consumer Services,United States,280377258.0,6.69,241050
RWAYI,Runway Growth Finance Corp. 7.25% Notes due 2031,Finance,Finance: Consumer Services,United States,0.0,24.47,3726
RWAYL,Runway Growth Finance Corp. 7.50% Notes due 2027,Finance,Finance: Consumer Services,United States,909892176.0,25.1236,4528
RWT,Redwood Trust Inc. Common Stock,Real Estate,Real Estate Investment Trusts,United States,463509874.0,3.69,3190251
RWT^A,Redwood Trust Inc. 10.00% Series A Fixed-Rate Reset Cumulative Redeemable Preferred Stock,Other,,United States,,22.425,8973
RWTN,Redwood Trust Inc. 9.125% Senior Notes Due 2029,Real Estate,Real Estate Investment Trusts,United States,3072933974.0,23.78,4178
RWTO,Redwood Trust Inc. 9.00% Senior Notes Due 2029,Real Estate,Real Estate Investment Trusts,United States,2901066767.0,22.45,7432
RWTP,Redwood Trust Inc. 9.125% Senior Notes Due 2030,Real Estate,Real Estate Investment Trusts,United States,0.0,22.55,3195
RWTQ,Redwood Trust Inc. 9.500% Senior Notes Due 2030,Real Estate,Real Estate Investment Trusts,United States,0.0,20.5,36069
RWTS,Redwood Trust Inc. 9.75% Senior Notes Due 2031,Real Estate,Real Estate Investment Trusts,United States,0.0,20.9201,37286
RXO,RXO Inc. Common Stock,Consumer Discretionary,Transportation Services,United States,3323261479.0,20.15,1450279
RXRX,Recursion Pharmaceuticals Inc. Class A Common Stock,Health Care,Biotechnology: Biological Products (No Diagnostic Substances),United States,1980766029.0,3.7,13058979
RXST,RxSight Inc. Common Stock,Health Care,Ophthalmic Goods,United States,194240506.0,4.67,1023192
RXT,Rackspace Technology Inc. Common Stock,Technology,Computer Software: Programming Data Processing,United States,965968102.0,3.79,3041444
RY,Royal Bank Of Canada Common Stock,Finance,Commercial Banks,Canada,278201168109.0,200.95,789031
RYAAY,Ryanair Holdings plc American Depositary Shares,Consumer Discretionary,Air Freight/Delivery Services,Ireland,29011268788.0,55.13,922929
RYAM,Rayonier Advanced Materials Inc. Common Stock,Basic Materials,Paper,United States,551300295.0,8.15,885620
RYAN,Ryan Specialty Holdings Inc. Class A Common Stock,Finance,Specialty Insurers,United States,9751659604.0,38.12,1777589
RYDE,Ryde Group Ltd. Class A Ordinary Shares,Consumer Discretionary,Business Services,,134268598.0,0.745,119743
RYET,Ruanyun Edai Technology Inc. Ordinary shares,Technology,Computer Software: Prepackaged Software,China,33175476.0,0.8899,22053
RYM,RYTHM Inc. Common Stock,Consumer Staples,Farming/Seeds/Milling,United States,47168000.0,21.44,6198
RYN,Rayonier Inc. REIT Common Stock,Real Estate,Real Estate Investment Trusts,United States,5591289398.0,18.79,3770716
RYOJ,rYojbaba Co. Ltd. Common Shares,Consumer Discretionary,Professional Services,Japan,42735000.0,3.7,14617
RYTM,Rhythm Pharmaceuticals Inc. Common Stock,Health Care,Biotechnology: Pharmaceutical Preparations,United States,6786061202.0,98.56,897390
RYZ,Ryerson Holding Corporation Common Stock,Industrials,Metal Fabrications,United States,1260618281.0,24.29,447615
RZC,Reinsurance Group of America Incorporated 7.125% Fixed-Rate Reset Subordinated Debentures due 2052,Finance,Life Insurance,United States,1654091174.0,25.33,25758
RZLT,Rezolute Inc. Common Stock (NV),Health Care,Biotechnology: Pharmaceutical Preparations,United States,404299352.0,4.18,1587576
RZLV,Rezolve AI PLC Ordinary Shares,Technology,Computer Software: Programming Data Processing,United Kingdom,848830544.0,2.12,8737270
RZLVW,Rezolve AI PLC Warrants,Technology,Computer Software: Programming Data Processing,United Kingdom,218213512.0,0.545,1494
S,SentinelOne Inc. Class A Common Stock,Technology,Computer Software: Prepackaged Software,United States,7914636921.0,22.74,6402226
SA,Seabridge Gold Inc. Common Shares New,Basic Materials,Precious Metals,Canada,3073250944.0,28.49,584388
SAAQ,Space Asset Acquisition Corp. Class A Ordinary Shares,Finance,Blank Checks,United States,0.0,10.05,130759
SAAQU,Space Asset Acquisition Corp. Units,Finance,Blank Checks,United States,0.0,10.24,124
SAAQW,Space Asset Acquisition Corp. Warrants,Finance,Blank Checks,United States,0.0,0.54,852
SABA,Saba Capital Income & Opportunities Fund II Shares of Beneficial Interest,Other,,United States,0.0,7.96,76030
SABR,Sabre Corporation Common Stock,Technology,Computer Software: Programming Data Processing,United States,847524749.0,2.1,4854636
SABS,SAB Biotherapeutics Inc. Common Stock,Health Care,Biotechnology: Biological Products (No Diagnostic Substances),United States,292521173.0,3.215,697935
SABSW,SAB Biotherapeutics Inc. Warrant,Health Care,Biotechnology: Biological Products (No Diagnostic Substances),United States,1273809.0,0.014,10805
SAC,Safeguard Acquisition Corp. Class A Ordinary Shares,Finance,Blank Checks,,0.0,10.1,19945
SACH,Sachem Capital Corp. Common Shares,Real Estate,Real Estate Investment Trusts,United States,43279055.0,0.9025,142574
SACH^A,Sachem Capital Corp. 7.75% Series A Cumulative Redeemable Preferred Stock,Other,,United States,,20.75,3847
SAFE,Safehold Inc. New Common Stock,Real Estate,Real Estate Investment Trusts,United States,864666779.0,12.21,679836
SAFT,Safety Insurance Group Inc. Common Stock,Finance,Property-Casualty Insurers,United States,1520457521.0,103.57,96949
SAFX,XCF Global Inc. Class A Common Stock,Industrials,Major Chemicals,United States,154365856.0,0.3717,2377114
SAGT,SAGTEC GLOBAL LIMITED Class A Ordinary shares,Technology,Computer Software: Prepackaged Software,Malaysia,12336010.0,0.6199,107890
SAGU,Shreya Acquisition Group Class A Ordinary Shares,Finance,Blank Checks,,0.0,10.01,229
SAH,Sonic Automotive Inc. Common Stock,Consumer Discretionary,Retail-Auto Dealers and Gas Stations,United States,1974344385.0,62.45,412753
SAIA,Saia Inc. Common Stock,Industrials,Trucking Freight/Courier Services,United States,8809303163.0,330.25,392013
SAIC,Science Applications International Corporation Common Stock,Technology,EDP Services,United States,5485657351.0,130.93,260863
SAIH,SAIHEAT Limited Class A Ordinary Shares,Technology,EDP Services,Singapore,57388412.0,31.7,13724
SAIHW,SAIHEAT Limited Warrant,Technology,EDP Services,Singapore,53768.0,0.0297,8
SAIL,SailPoint Inc. Common Stock,Technology,Computer Software: Prepackaged Software,United States,11743652291.0,20.57,3578404
SAJ,Saratoga Investment Corp 8.00% Notes due 2027,Finance,Investment Managers,United States,394442064.0,25.1748,1837
SAM,Boston Beer Company Inc. (The) Common Stock,Consumer Staples,Beverages (Production/Distribution),United States,1701832370.0,165.36,219279
SAMG,Silvercrest Asset Management Group Inc. Class A Common Stock,Finance,Investment Managers,United States,122979821.0,10.38,70120
SAMO,Samos Energy Acquisition Corporation Class A Ordinary Shares,Other,,,0.0,9.83,11805
SAN,Banco Santander S.A. Sponsored ADR (Spain),Finance,Commercial Banks,Spain,205830353946.0,14.22,8123244
SANA,Sana Biotechnology Inc. Common Stock,Health Care,Biotechnology: Biological Products (No Diagnostic Substances),United States,877126666.0,2.93,2265947
SANG,Sangoma Technologies Corporation Common Shares,Technology,Computer Software: Programming Data Processing,Canada,119470856.0,3.59,829596
SANM,Sanmina Corporation Common Stock,Technology,Electrical Products,United States,11794634161.0,220.06,431334
SAP,SAP  SE ADS,Technology,Computer Software: Prepackaged Software,Germany,257138220800.0,209.31,2055484
SAR,Saratoga Investment Corp New,Finance,Investment Managers,United States,270159389.0,16.8,95199
SARO,StandardAero Inc. Common Stock,Industrials,Aerospace,United States,7353029757.0,22.22,5294849
SATA,Strive Inc. Variable Rate Series A Perpetual Preferred Stock,Finance,Finance: Consumer Services,United States,9701234926.0,100.01,699471
SATL,Satellogic Inc. Class A Common Stock,Technology,Radio And Television Broadcasting And Communications Equipment,Uruguay,930126462.0,6.05,6127042
SATLW,Satellogic Inc. Warrant,Technology,Radio And Television Broadcasting And Communications Equipment,Uruguay,92243947.0,0.6,7810
SAV,Saratoga Investment Corp 7.50% Notes due 2031,Finance,Investment Managers,United States,0.0,24.46,1675
SAX,Saratoga Investment Corp 8.00% Notes due 2031,Finance,Investment Managers,United States,0.0,24.96,13853
SAY,Saratoga Investment Corp 8.125% Notes due 2027,Finance,Investment Managers,United States,393740132.0,25.13,21963
SAZ,Saratoga Investment Corp 8.50% Notes due 2028,Finance,Investment Managers,United States,396638736.0,25.315,8946
SB,Safe Bulkers Inc Common Stock ($0.001 par value),Consumer Discretionary,Marine Transportation,Monaco,942519452.0,8.25,1846976
SB^C,Safe Bulkers Inc Cumulative Redeemable Perpetual Preferred Series C (Marshall Islands),Other,,Monaco,,26.095,1878
SB^D,Safe Bulkers Inc Perpetual Preferred Series D (Marshall Islands),Other,,Monaco,,25.75,478
SBAC,SBA Communications Corporation Class A Common Stock,Real Estate,Real Estate Investment Trusts,United States,17337979817.0,163.43,912023
SBC,SBC Medical Group Holdings Incorporated Common Stock,Health Care,Medical/Nursing Services,United States,517320123.0,5.03,194964
SBCF,Seacoast Banking Corporation of Florida Common Stock,Finance,Major Banks,United States,3151582107.0,32.55,703949
SBCWW,SBC Medical Group Holdings Incorporated Warrants,Health Care,Medical/Nursing Services,United States,35996430.0,0.35,200
SBET,Sharplink Inc. Common Stock,Technology,Computer Software: Prepackaged Software,United States,2063624238.0,9.5,6997981
SBFG,SB Financial Group Inc. Common Stock,Finance,Major Banks,United States,187527230.0,29.99,9136
SBFM,Sunshine Biopharma Inc. Common Stock,Health Care,Biotechnology: Pharmaceutical Preparations,Canada,3525395.0,0.8179,38075
SBGI,Sinclair Inc. Class A Common Stock,Industrials,Broadcasting,United States,926394349.0,12.81,427436
SBH,Sally Beauty Holdings Inc. (Name to be changed from Sally Holdings Inc.) Common Stock,Consumer Discretionary,Other Specialty Stores,United States,1584089181.0,16.92,1156352
SBI,Western Asset Intermediate Muni Fund Inc Common Stock,Finance,Finance/Investors Services,United States,0.0,6.91,117808
SBLK,Star Bulk Carriers Corp. Common Shares,Consumer Discretionary,Marine Transportation,Greece,3267833395.0,29.3,1902941
SBMT,Silver Bow Mining Corp. Common Shares,Basic Materials,Precious Metals,,248039400.0,8.4,152988
SBR,Sabine Royalty Trust Common Stock,Energy,Oil & Gas Production,United States,1036591430.0,71.1,51586
SBRA,Sabra Health Care REIT Inc. Common Stock,Real Estate,Real Estate Investment Trusts,United States,5063271824.0,19.82,1856561
SBS,Companhia de saneamento Basico Do Estado De Sao Paulo - Sabesp American Depositary Shares (Each repstg 250 Common Shares),Utilities,Water Supply,Brazil,18116104889.0,5.14,5429729
SBSI,Southside Bancshares Inc. Common Stock,Finance,Major Banks,United States,916595385.0,30.75,109945
SBSW,D/B/A Sibanye-Stillwater Limited ADS,Basic Materials,Precious Metals,South Africa,7175488014.0,10.14,5947875
SBUX,Starbucks Corporation Common Stock,Consumer Discretionary,Restaurants,United States,108607800000.0,95.27,7428088
SBXE,SilverBox Corp V Class A Ordinary Shares,Other,,,0.0,10.1,25
SCAG,Scage Future American Depositary Shares,Consumer Discretionary,Construction/Ag Equipment/Trucks,China,17070532.0,0.2351,126460
SCATU,Southern Cross Acquisition II Corp. Units,Finance,Blank Checks,United States,0.0,10.04,40387
SCCD,Sachem Capital Corp. 6.00% Notes due 2026,Real Estate,Real Estate Investment Trusts,United States,1172195051.0,24.76,1687
SCCE,Sachem Capital Corp. 6.00% Notes due 2027,Real Estate,Real Estate Investment Trusts,United States,1162253170.0,24.55,4695
SCCF,Sachem Capital Corp. 7.125% Notes due 2027,Real Estate,Real Estate Investment Trusts,United States,1168407668.0,24.68,483
SCCG,Sachem Capital Corp. 8.00% Notes due 2027,Real Estate,Real Estate Investment Trusts,United States,1165259406.0,24.6135,1622
SCCO,Southern Copper Corporation Common Stock,Basic Materials,Metal Mining,United States,169060633587.0,202.63,907580
SCD,LMP Capital and Income Fund Inc. Common Stock,Finance,Trusts Except Educational Religious and Charitable,United States,0.0,14.62,70408
SCE^G,SCE Trust II Trust Preferred Securities,Other,,United States,,16.37,19992
SCE^L,SCE TRUST VI,Other,,United States,,16.1914,33687
SCE^M,SCE Trust VII 7.50% Trust Preference Securities,Other,,United States,,22.42,51159
SCE^N,SCE Trust VIII 6.95% Trust Preference Securities,Other,,United States,,20.815,22513
SCHL,Scholastic Corporation Common Stock,Consumer Discretionary,Books,United States,618189130.0,33.58,772927
SCHW,Charles Schwab Corporation (The) Common Stock,Finance,Investment Bankers/Brokers/Service,United States,169993700686.0,98.3,6031378
SCHW^D,The Charles Schwab Corporation Depositary Shares each representing 1/40th interest in a share of 5.95% Non-Cumulative Perpetual Preferred Stock Series D,Other,,United States,,21.49,74841
SCHW^J,The Charles Schwab Corporation Depositary Shares Each Representing a 1/40th Interest in a Share of 4.450% Non-Cumulative Perpetual Preferred Stock Series J,Other,,United States,,15.95,65084
SCI,Service Corporation International Common Stock,Consumer Discretionary,Other Consumer Services,United States,10529262861.0,77.07,957576
SCII,SC II Acquisition Corp. Class A ordinary share,Other,,United States,0.0,10.17,506
SCIIR,SC II Acquisition Corp. Rights,Other,,United States,0.0,0.1503,11010
SCIIU,SC II Acquisition Corp. Units,Other,,United States,0.0,10.27,3
SCKT,Socket Mobile Inc. Common Stock,Technology,Computer Manufacturing,United States,3743694.0,0.4515,39116
SCL,Stepan Company Common Stock,Consumer Discretionary,Package Goods/Cosmetics,United States,1453063957.0,63.92,116950
SCLX,Scilex Holding Company Common Stock,Health Care,Biotechnology: Biological Products (No Diagnostic Substances),United States,38133570.0,4.49,73244
SCLXW,Scilex Holding Company Warrant,Health Care,Biotechnology: Biological Products (No Diagnostic Substances),United States,747384.0,0.088,315
SCM,Stellus Capital Investment Corporation Common Stock,Finance,Finance/Investors Services,United States,213884327.0,7.51,67074
SCNI,Scinai Immunotherapeutics Ltd. American Depositary Shares,Health Care,Biotechnology: Biological Products (No Diagnostic Substances),Israel,1989245.0,1.47,67366
SCNX,Scienture Holdings Inc. Common Stock,Health Care,Biotechnology: Pharmaceutical Preparations,United States,11075000.0,0.2697,399546
SCOR,comScore Inc. Common Stock,Consumer Discretionary,Business Services,United States,73795824.0,4.86,24550
SCPQ,Social Commerce Partners Corporation Class A Ordinary Shares,Other,,United States,0.0,10.05,11
SCPQU,Social Commerce Partners Corporation Unit,Other,,United States,0.0,10.28,100
SCSC,ScanSource Inc. Common Stock,Technology,Retail: Computer Software & Peripheral Equipment,United States,1163851677.0,57.78,122693
SCTX,Scribe Therapeutics Inc. Common Stock,Health Care,Biotechnology: Biological Products (No Diagnostic Substances),United States,412142674.0,21.77,307567
SCWO,374Water Inc. Common Stock,Consumer Discretionary,Metal Fabrications,United States,52091393.0,2.94,15475
SCYX,SCYNEXIS Inc. Common Stock,Health Care,Biotechnology: Pharmaceutical Preparations,United States,45967194.0,4.62,7784337
SCZM,Santacruz Silver Mining Ltd. Common Shares,Basic Materials,Precious Metals,Canada,838772362.0,9.02,737531
SD,SandRidge Energy Inc. Common Stock,Energy,Oil & Gas Production,United States,504224026.0,13.6,419759
SDA,SunCar Technology Group Inc. Class A Ordinary Shares,Consumer Discretionary,Automotive Aftermarket,Hong Kong,52992995.0,0.5016,275414
SDEV,Stablecoin Development Corporation Common Stock,Health Care,Biotechnology: Pharmaceutical Preparations,United States,79466236.0,1.57,14831244
SDGR,Schrodinger Inc. Common Stock,Health Care,Biotechnology: Pharmaceutical Preparations,United States,2206766026.0,29.5,2130904
SDHC,Smith Douglas Homes Corp. Class A Common Stock,Consumer Discretionary,Homebuilding,United States,522515757.0,10.28,20013
SDHI,Siddhi Acquisition Corp Class A Common stock,Finance,Blank Checks,United States,0.0,10.55,5316
SDHIR,Siddhi Acquisition Corp Right,Other,,United States,0.0,0.14,413
SDHY,PGIM Short Duration High Yield Opportunities Fund Common Shares,Finance,Finance/Investors Services,,375770643.0,15.23,78800
SDOT,Sadot Group Inc. Common Stock,Consumer Discretionary,Restaurants,United States,15319339.0,10.53,41669
SDRL,Seadrill Limited Common Shares,Energy,Oil & Gas Production,Bermuda,2850638972.0,45.58,609040
SDST,Stardust Power Inc. Common Stock,Industrials,Major Chemicals,United States,4378261.0,0.1079,10912615
SDSTW,Stardust Power Inc. Warrant,Industrials,Major Chemicals,United States,2747064.0,0.0677,200
SE,Sea Limited American Depositary Shares each representing one Class A Ordinary Share,Consumer Discretionary,Other Consumer Services,United States,60580844071.0,98.91,3323419
SEAL^A,Seapeak LLC 9.00% Series A Cumulative Redeemable Perpetual Preferred Units,Other,,Bermuda,,25.65,7365
SEAL^B,Seapeak LLC 8.50% Series B Fixed-to-Floating Rate Cumulative Redeemable Perpetual Preferred Units,Other,,Bermuda,,25.7,2977
SEAT,Vivid Seats Inc. Class A Common Stock,Consumer Discretionary,Services-Misc. Amusement & Recreation,United States,44271953.0,3.78,69895
SEB,Seaboard Corporation Common Stock,Industrials,Farming/Seeds/Milling,United States,3937261263.0,4110.76,15759
SECZ,Securitize Corp. Common Stock,Finance,Finance: Consumer Services,,2715108342.0,16.63,4356758
SEDG,SolarEdge Technologies Inc. Common Stock,Technology,Semiconductors,Israel,1939906834.0,31.53,1312067
SEED,Origin Agritech Limited Common Stock,Consumer Staples,Farming/Seeds/Milling,China,11050609.0,0.91,6710
SEER,Seer Inc. Class A Common Stock,Industrials,Biotechnology: Laboratory Analytical Instruments,United States,112405190.0,2.03,699083
SEG,Seaport Entertainment Group Inc. Common Stock,Consumer Discretionary,Services-Misc. Amusement & Recreation,United States,295772186.0,23.09,99042
SEGG,Sports Entertainment Gaming Global Corporation Common Stock,Technology,Computer Software: Prepackaged Software,United States,7887959.0,2.42,63933
SEI,Solaris Energy Infrastructure Inc. Class A Common Stock,Consumer Discretionary,Oil and Gas Field Machinery,United States,5294566007.0,69.15,2881764
SEIC,SEI Investments Company Common Stock,Finance,Investment Bankers/Brokers/Service,United States,12580410657.0,104.82,681742
SELF,Global Self Storage Inc. Common Stock,Real Estate,Real Estate Investment Trusts,United States,55051244.0,4.82,76113
SENEA,Seneca Foods Corp. Class A Common Stock,Consumer Staples,Packaged Foods,United States,1235676444.0,182.53,82832
SENEB,Seneca Foods Corp. Class B Common Stock,Consumer Staples,Packaged Foods,United States,1268780360.0,187.42,38
SENS,Senseonics Holdings Inc. Common Stock,Health Care,Medical/Dental Instruments,United States,520280682.0,9.84,566691
SEPN,Septerna Inc. Common Stock,Health Care,Biotechnology: Pharmaceutical Preparations,United States,1854941874.0,39.74,338354
SER,Serina Therapeutics Inc. Common Stock,Health Care,Biotechnology: Pharmaceutical Preparations,United States,51054951.0,2.01,1018115
SERA,Sera Prognostics Inc. Class A Common Stock,Health Care,Medical Specialities,United States,79687921.0,2.02,6916
SERV,Serve Robotics Inc. Common Stock,Industrials,Industrial Machinery/Components,United States,384114256.0,4.43,1746359
SES,SES AI Corporation Class A Common Stock,Miscellaneous,Industrial Machinery/Components,United States,197599154.0,0.5322,22988824
SEV,Aptera Motors Corp. Class B Common Stock,Industrials,Auto Manufacturing,United States,80275388.0,1.98,114944
SEVN,Seven Hills Realty Trust Common Stock,Real Estate,Real Estate Investment Trusts,United States,163580695.0,7.22,124867
SEZL,Sezzle Inc. Common Stock,Finance,Finance: Consumer Services,United States,3647004016.0,108.3,392635
SF,Stifel Financial Corporation Common Stock,Finance,Investment Bankers/Brokers/Service,United States,10632032091.0,70.41,2156334
SF^B,Stifel Financial Corporation Depositary Shares Each Representing 1/1000th  Interest in a Share of 6.25% Non-Cumulative  Preferred Stock Series B,Other,,United States,,23.56,10578
SF^C,Stifel Financial Corporation Depositary Shares Each Representing 1/1000th Interest in a Share of 6.125% Non Cumulative Preferred Stock Series C,Other,,United States,,21.44,16491
SF^D,Stifel Financial Corporation Depositary Shares Each Representing 1/1000th Interest in a Share of 4.50% Non-Cumulative Preferred Stock Series D,Other,,United States,,15.6024,34848
SFB,Stifel Financial Corporation 5.20% Senior Notes due 2047,Finance,Investment Bankers/Brokers/Service,United States,1947425118.0,19.06,16131
SFBC,Sound Financial Bancorp Inc. Common Stock,Finance,Savings Institutions,United States,119054473.0,46.36,4289
SFBS,ServisFirst Bancshares Inc. Common Stock,Finance,Major Banks,United States,4485332720.0,41.02,580104
SFD,Smithfield Foods Inc. Common Stock,Consumer Staples,Meat/Poultry/Fish,United States,7536708629.0,19.14,1980860
SFHG,Samfine Creation Holdings Group Limited Class A Ordinary Share,Consumer Discretionary,Publishing,Hong Kong,9338000.0,2.3,1811
SFIX,Stitch Fix Inc. Class A Common Stock,Consumer Discretionary,Catalog/Specialty Distribution,United States,330001107.0,2.47,7432547
SFL,SFL Corporation Ltd,Consumer Discretionary,Marine Transportation,Bermuda,1706297419.0,12.83,1020966
SFM,Sprouts Farmers Market Inc. Common Stock,Consumer Staples,Food Chains,United States,5916561806.0,63.45,3060176
SFNC,Simmons First National Corporation Class A Common Stock,Finance,Major Banks,United States,3299249803.0,22.83,1793061
SFST,Southern First Bancshares Inc. Common Stock,Finance,Major Banks,United States,567642277.0,59.93,63035
SFWL,Shengfeng Development Limited Class A Ordinary Shares,Industrials,Trucking Freight/Courier Services,China,48948523.0,8.9,4834
SG,Sweetgreen Inc. Class A Common Stock,Consumer Discretionary,Restaurants,United States,980900436.0,8.24,7947508
SGA,Saga Communications Inc. Class A Common Stock (FL),Consumer Discretionary,Broadcasting,United States,52834880.0,8.31,26566
SGC,Superior Group of Companies Inc. Common Stock,Consumer Discretionary,Apparel,United States,200112273.0,12.55,45086
SGHC,Super Group (SGHC) Limited Ordinary Shares,Consumer Discretionary,Services-Misc. Amusement & Recreation,,5954659955.0,11.72,2463774
SGHT,Sight Sciences Inc. Common Stock,Health Care,Medical/Dental Instruments,United States,510665667.0,9.27,468542
SGI,Somnigroup International Inc. Common Stock,Consumer Discretionary,Home Furnishings,United States,14339296753.0,62.28,3097068
SGLD,Scorpio Gold Corporation American Depositary Shares,Other,,Canada,62655720.0,3.62,95347
SGLY,Singularity Future Technology Ltd. Common Stock,Industrials,Integrated Freight & Logistics,United States,4515405.0,0.8356,57069
SGML,Sigma Lithium Corporation Common Shares,Basic Materials,Metal Mining,Canada,1069398974.0,9.5,1474789
SGMT,Sagimet Biosciences Inc. Series A Common Stock,Health Care,Biotechnology: Pharmaceutical Preparations,United States,612216120.0,9.94,1345998
SGP,SpyGlass Pharma Inc. Common Stock,Health Care,Medical/Dental Instruments,United States,868978494.0,25.98,120006
SGRX,SANGRIX INC. Class A Ordinary Shares,Finance,Finance: Consumer Services,United States,2968646.0,1.56,122248
SGRY,Surgery Partners Inc. Common Stock,Health Care,Hospital/Nursing Management,United States,1923189239.0,14.69,1103807
SGU,Star Group L.P. Common Stock,Consumer Discretionary,Other Specialty Stores,United States,419327340.0,12.78,22747
SHAK,Shake Shack Inc. Class A Common Stock,Consumer Discretionary,Restaurants,United States,2461794914.0,57.52,1753180
SHAZ,SharonAI Holdings Inc. Class A Common Stock,Technology,EDP Services,United States,1894363450.0,52.91,1483447
SHBI,Shore Bancshares Inc Common Stock,Finance,Major Banks,United States,760887893.0,22.8,199272
SHC,Sotera Health Company Common Stock,Health Care,Misc Health and Biotechnology Services,United States,5265164968.0,18.45,1391409
SHEL,Shell PLC American Depositary Shares (each representing two (2) Ordinary Shares),Energy,Oil & Gas Production,Netherlands,266843046778.0,96.47,7700094
SHEN,Shenandoah Telecommunications Co Common Stock,Telecommunications,Telecommunications Equipment,United States,605689118.0,11.35,746102
SHFS,SHF Holdings Inc. Class A Common Stock,Finance,Finance: Consumer Services,United States,1345525.0,0.1091,3888460
SHFSW,SHF Holdings Inc. Warrants,Finance,Finance: Consumer Services,United States,152929.0,0.0124,30470
SHG,Shinhan Financial Group Co Ltd American Depositary Shares,Finance,Major Banks,South Korea,38503961764.0,81.12,110804
SHIM,Shimmick Corporation Common Stock,Industrials,Military/Government/Technical,United States,127727693.0,3.09,219736
SHIP,Seanergy Maritime Holdings Corp. Common Stock,Consumer Discretionary,Marine Transportation,Greece,355791811.0,16.42,477197
SHLS,Shoals Technologies Group Inc. Class A Common Stock,Technology,Semiconductors,United States,1248785629.0,7.42,2746199
SHMD,SCHMID Group N.V. Class A Ordinary Shares,Technology,Industrial Machinery/Components,Germany,266695201.0,4.375,5348567
SHMDW,SCHMID Group N.V. Warrants,Technology,Industrial Machinery/Components,Germany,65835615.0,1.08,48831
SHO,Sunstone Hotel Investors Inc. Sunstone Hotel Investors Inc. Common Shares,Consumer Discretionary,Hotels/Resorts,United States,2101166533.0,11.3,1850260
SHO^H,Sunstone Hotel Investors Inc. 6.125% Series H Cumulative Redeemable Preferred Stock,Other,,United States,,22.355,11909
SHO^I,Sunstone Hotel Investors Inc. 5.70% Series I Cumulative Redeemable Preferred Stock,Other,,United States,,21.77,8704
SHOE,Shoe Station Group Inc. Common Stock,Consumer Discretionary,Clothing/Shoe/Accessory Stores,United States,359098196.0,13.21,979895
SHOO,Steven Madden Ltd. Common Stock,Consumer Discretionary,Shoe Manufacturing,United States,3285651566.0,44.9,1228317
SHOP,Shopify Inc. Class A Subordinate Voting Shares,Technology,Computer Software: Prepackaged Software,Canada,186609745710.0,144.01,8153917
SHOT,RMG ML Sports Holdings Class A Ordinary Shares,Other,,United States,0.0,9.855,18
SHOTU,RMG ML Sports Holdings Unit,Other,,United States,0.0,9.965,734
SHPH,Shuttle Pharmaceuticals Holdings Inc. Common Stock,Health Care,Biotechnology: Pharmaceutical Preparations,United States,19582901.0,4.11,32559
SHW,Sherwin-Williams Company (The) Common Stock,Consumer Discretionary,RETAIL: Building Materials,United States,80787485071.0,332.79,1470522
SI,Shoulder Innovations Inc. Common Stock,Health Care,Medical/Dental Instruments,United States,373700278.0,17.95,155223
SIBN,SI-BONE Inc. Common Stock,Health Care,Medical/Dental Instruments,United States,840796467.0,18.76,461566
SID,Companhia Siderurgica Nacional S.A. Common Stock,Industrials,Steel/Iron Ore,Brazil,1471964281.0,1.11,3875254
SIDU,Sidus Space Inc. Class A Common Stock,Telecommunications,Telecommunications Equipment,United States,203462905.0,2.01,5058021
SIEB,Siebert Financial Corp. Common Stock,Finance,Investment Bankers/Brokers/Service,United States,91655087.0,2.23,39516
SIF,SIFCO Industries Inc. Common Stock,Industrials,Aerospace,United States,140217550.0,22.42,33980
SIFY,Sify Technologies Limited American Depositary Shares,Technology,Computer Software: Programming Data Processing,India,965553418.0,13.33,25979
SIG,Signet Jewelers Limited Common Shares,Consumer Discretionary,Consumer Specialties,Bermuda,3958171202.0,103.3,591195
SIGA,SIGA Technologies Inc. Common Stock,Health Care,Biotechnology: Pharmaceutical Preparations,United States,248600017.0,3.46,645567
SIGI,Selective Insurance Group Inc. Common Stock,Finance,Property-Casualty Insurers,United States,5068140645.0,85.08,645550
SIGIP,Selective Insurance Group Inc. Depositary Shares each representing a 1/1000th interest in a share of 4.60% Non-Cumulative Preferred Stock Series B,Finance,Property-Casualty Insurers,United States,892345403.0,14.98,14902
SII,Sprott Inc. Common Shares,Finance,Finance: Consumer Services,,3105030000.0,120.35,114159
SILC,Silicom Ltd Ordinary Shares,Telecommunications,Computer Communications Equipment,Israel,293645446.0,51.09,131376
SILO,Silo Pharma Inc. Common Stock,Health Care,Biotechnology: Pharmaceutical Preparations,United States,2892863.0,1.65,22725
SIM,Grupo Simec S.A.B. de C.V. American Depositary Shares,Industrials,Steel/Iron Ore,Mexico,4809530028.0,28.99,2400
SIMA,SIM Acquisition Corp. I Class A Ordinary Shares,Miscellaneous,Industrial Machinery/Components,United States,0.0,10.93,52
SIMAW,SIM Acquisition Corp. I Warrant,Finance,Blank Checks,United States,0.0,0.2,6001
SIMO,Silicon Motion Technology Corporation American Depositary Shares,Technology,Semiconductors,Taiwan,9428862906.0,278.07,414314
SIND,Sinda Ltd. Common Stock,Basic Materials,Precious Metals,,2180198851.0,13.73,96634
SINT,SiNtx Technologies Inc. Common Stock,Health Care,Medical/Dental Instruments,United States,13262423.0,1.99,107544
SION,Sionna Therapeutics Inc. Common Stock,Health Care,Biotechnology: Pharmaceutical Preparations,United States,231487483.0,5.12,775834
SIRI,SiriusXM Holdings Inc. Common Stock,Consumer Discretionary,Broadcasting,United States,8743515153.0,25.94,4206067
SITC,SITE Centers Corp. Common Stock,Real Estate,Real Estate Investment Trusts,United States,160049784.0,3.05,643030
SITE,SiteOne Landscape Supply Inc. Common Stock,Consumer Discretionary,Professional and commerical equipment,United States,3969584613.0,90.93,1059082
SITM,SiTime Corporation Common Stock,Technology,Semiconductors,United States,19746145789.0,656.65,335757
SJ,Scienjoy Holding Corporation Class A Ordinary Shares,Technology,EDP Services,China,27600799.0,0.65,12956
SJM,The J.M. Smucker Company Common Stock,Consumer Staples,Packaged Foods,United States,12886080565.0,120.63,987165
SJT,San Juan Basin Royalty Trust Common Stock,Energy,Oil & Gas Production,United States,173384721.0,3.72,1199544
SKE,Skeena Resources Limited Common Shares,Basic Materials,Precious Metals,,3747570998.0,29.87,471938
SKHY,SK hynix Inc. American Depositary Shares,Technology,Semiconductors,South Korea,1325952117600.0,181.92,16342299
SKIL,Skillsoft Corp. Class A Common Stock,Technology,Computer Software: Prepackaged Software,United States,54693668.0,6.01,51986
SKIN,SkinHealth Systems Inc. Class A Common Stock,Health Care,Medical/Dental Instruments,United States,84591496.0,0.65,211144
SKK,SKK Holdings Limited Class A Ordinary Shares,Industrials,Water Sewer Pipeline Comm & Power Line Construction,Singapore,14581024.0,4.57,38371
SKM,SK Telecom Co. Ltd. Common Stock,Telecommunications,Telecommunications Equipment,South Korea,13617090000.0,35.5,999445
SKT,Tanger Inc. Common Stock,Real Estate,Real Estate Investment Trusts,United States,3994342448.0,34.77,795397
SKWD,Skyward Specialty Insurance Group Inc. Common Stock,Finance,Property-Casualty Insurers,United States,2379208060.0,53.59,285560
SKY,Champion Homes Inc. Common Stock,Consumer Discretionary,Homebuilding,United States,4712601234.0,86.82,449803
SKYA,SkyAI Inc. Common Stock,Health Care,Medical/Dental Instruments,United States,76548086.0,1.77,270659
SKYAW,SkyAI Inc. Warrant,Technology,EDP Services,United States,1215255.0,0.0281,109
SKYE,Skye Bioscience Inc. Common Stock,Health Care,Biotechnology: Pharmaceutical Preparations,United States,7128560.0,1.61,51000
SKYH,Sky Harbour Group Corporation Class A Common Stock,Finance,Real Estate,United States,812213605.0,9.95,173275
SKYQ,Sky Quarry Inc. Common Stock,Industrials,Environmental Services,United States,22966814.0,2.6,1089482
SKYW,SkyWest Inc. Common Stock,Consumer Discretionary,Air Freight/Delivery Services,United States,3910788894.0,100.72,394458
SKYX,SKYX Platforms Corp. Common Stock,Consumer Discretionary,Building Products,United States,158454263.0,1.17,704117
SLAB,Silicon Laboratories Inc. Common Stock,Technology,Semiconductors,United States,7375055184.0,221.03,140397
SLB,SLB Limited Common Shares,Energy,Oilfield Services/Equipment,France,76418534964.0,51.49,13940352
SLBT,SL Science Holding Limited Ordinary Shares,Health Care,Biotechnology: Biological Products (No Diagnostic Substances),Taiwan,1082266331.0,1.93,284704
SLDB,Solid Biosciences Inc. Common Stock,Health Care,Biotechnology: Biological Products (No Diagnostic Substances),United States,780599733.0,7.28,1413533
SLDE,Slide Insurance Holdings Inc. Common Stock,Finance,Property-Casualty Insurers,United States,2670315896.0,22.86,690182
SLDP,Solid Power Inc. Class A Common Stock,Miscellaneous,Industrial Machinery/Components,United States,515689539.0,2.26,2893802
SLDPW,Solid Power Inc. Warrant,Miscellaneous,Industrial Machinery/Components,United States,4814624.0,0.0211,220
SLE,Super League Enterprise Inc. Common Stock,Technology,EDP Services,United States,11154001.0,4.51,260601
SLF,Sun Life Financial Inc. Common Stock,Finance,Life Insurance,Canada,44259614622.0,79.48,367374
SLG,SL Green Realty Corp Common Stock,Real Estate,Real Estate Investment Trusts,United States,3494317413.0,49.32,577648
SLG^I,SL Green Realty Corporation Preferred Series I,Other,,United States,,21.35,13146
SLGB,Smart Logistics Global Limited Class A Ordinary Shares,Industrials,Integrated Freight & Logistics,Hong Kong,12955500.0,0.2879,271734
SLGL,Sol-Gel Technologies Ltd. Ordinary Shares,Health Care,Biotechnology: Pharmaceutical Preparations,Israel,227379231.0,69.45,57971
SLGN,Silgan Holdings Inc. Common Stock,Industrials,Containers/Packaging,United States,3799268619.0,35.95,1761776
SLI,Standard Lithium Ltd. Common Shares,Industrials,Major Chemicals,Canada,451615016.0,1.83,3253667
SLM,SLM Corporation Common Stock,Finance,Finance: Consumer Services,United States,4303985338.0,22.9,2048577
SLMBP,SLM Corporation Floating Rate Non-Cumulative Preferred Stock Series B,Finance,Finance: Consumer Services,United States,13908074892.0,74.0,631
SLMT,Brera Holdings PLC Class B Ordinary Shares,Consumer Discretionary,Services-Misc. Amusement & Recreation,Ireland,48330801.0,4.39,79585
SLN,Silence Therapeutics Plc American Depository Share,Health Care,Biotechnology: Pharmaceutical Preparations,United Kingdom,524160000.0,11.2,710719
SLND,Southland Holdings Inc. Common Stock,Industrials,Military/Government/Technical,United States,33205507.0,0.61,81314
SLNG,Stabilis Solutions Inc. Common Stock,Utilities,Oil/Gas Transmission,United States,95770950.0,5.15,13870
SLNH,Soluna Holdings Inc. Common Stock,Technology,EDP Services,United States,291108415.0,1.18,5034564
SLNHP,Soluna Holdings Inc 9.0% Series A Cumulative Perpetual Preferred Stock,Technology,EDP Services,United States,3162720243.0,12.82,276
SLP,Simulations Plus Inc. Common Stock,Technology,EDP Services,United States,373755006.0,18.48,138513
SLQT,SelectQuote Inc. Common Stock,Finance,Specialty Insurers,United States,77190132.0,0.4306,1403101
SLRC,SLR Investment Corp. Common Stock,Finance,Finance/Investors Services,United States,635015940.0,11.64,407388
SLS,SELLAS Life Sciences Group Inc. Common Stock,Health Care,Biotechnology: Pharmaceutical Preparations,United States,2340550767.0,11.59,3762041
SLSN,Solesence Inc. Common Stock,Consumer Discretionary,Package Goods/Cosmetics,United States,58778341.0,0.832,7719
SLSR,Solaris Resources Inc. Common Shares,Other,,,1162565883.0,6.96,128593
SLVM,Sylvamo Corporation Common Stock,Basic Materials,Paper,United States,1390813300.0,34.98,278536
SLXN,Silexion Therapeutics Corp Ordinary Shares,Health Care,Biotechnology: Biological Products (No Diagnostic Substances),Israel,2741528.0,0.2484,77399297
SLXNW,Silexion Therapeutics Corp Warrant,Health Care,Biotechnology: Biological Products (No Diagnostic Substances),Israel,109264.0,0.0099,10105
SM,SM Energy Company Common Stock,Energy,Oil & Gas Production,United States,7980003981.0,33.55,3683325
SMA,SmartStop Self Storage REIT Inc. Common Stock,Real Estate,Real Estate Investment Trusts,United States,1727509774.0,31.2,773287
SMBC,Southern Missouri Bancorp Inc. Common Stock,Finance,Banks,United States,787449449.0,71.5,54606
SMBK,SmartFinancial Inc. Common Stock,Finance,Major Banks,United States,850820016.0,49.76,131580
SMC,Summit Midstream Corporation Common Stock,Utilities,Natural Gas Distribution,United States,622645886.0,30.66,67378
SMCI,Super Micro Computer Inc. Common Stock,Technology,Computer Manufacturing,United States,27448013744.0,41.78,29494533
SMCIP,Super Micro Computer Inc. Depositary Shares representing a 1/20th Interest in a Share of 7% Series A Mandatory Convertible Preferred Stock,Technology,Computer Manufacturing,United States,45941589303.0,69.93,113209
SMFG,Sumitomo Mitsui Financial Group Inc Unsponsored American Depositary Shares (Japan),Finance,Commercial Banks,Japan,120556477117.0,26.43,1374143
SMG,Scotts Miracle-Gro Company (The) Common Stock,Industrials,Agricultural Chemicals,United States,2820190073.0,48.44,1733792
SMHI,SEACOR Marine Holdings Inc. Common Stock,Consumer Discretionary,Marine Transportation,United States,229815036.0,8.47,97033
SMID,Smith-Midland Corporation Common Stock,Industrials,Building Materials,United States,127894051.0,24.11,6516
SMJF,SMJ International Holdings Inc. Class A Ordinary Shares,Consumer Discretionary,RETAIL: Building Materials,,61782150.0,2.23,2067285
SMMT,Summit Therapeutics Inc. Common Stock,Health Care,Biotechnology: Pharmaceutical Preparations,United States,12349163839.0,15.48,6151246
SMP,Standard Motor Products Inc. Common Stock,Consumer Discretionary,Auto Parts:O.E.M.,United States,845356687.0,37.84,119323
SMPL,The Simply Good Foods Company Common Stock,Consumer Staples,Packaged Foods,United States,849221232.0,9.6,2027851
SMR,NuScale Power Corporation Class A Common Stock,Industrials,Metal Fabrications,United States,3399111082.0,7.91,32945550
SMRT,SmartRent Inc. Class A Common Stock,Technology,EDP Services,United States,228018041.0,1.19,646960
SMSI,Smith Micro Software Inc. Common Stock,Technology,Computer Software: Prepackaged Software,United States,14813182.0,2.65,4712
SMTC,Semtech Corporation Common Stock,Technology,Semiconductors,United States,16311452912.0,174.78,2750040
SMTI,Sanara MedTech Inc. Common Stock,Health Care,Industrial Specialties,United States,322500029.0,35.1,95098
SMTK,SmartKem Inc. Common Stock,Technology,Semiconductors,United States,1812648.0,1.75,86482
SMWB,Similarweb Ltd. Ordinary Shares,Technology,Computer Software: Programming Data Processing,,660075371.0,7.59,506795
SMX,SMX (Security Matters) Public Limited Company Ordinary Shares,Technology,Industrial Machinery/Components,Ireland,7424307.0,6.82,100171
SMXT,Solarmax Technology Inc. Common Stock,Consumer Discretionary,Engineering & Construction,United States,10812250.0,2.28,8665
SMXWW,SMX (Security Matters) Public Limited Company Warrant,Technology,Industrial Machinery/Components,Ireland,14478.0,0.0133,882
SN,SharkNinja Inc. Ordinary Shares,Consumer Discretionary,Consumer Electronics/Appliances,United States,25637213748.0,181.99,1576746
SNA,Snap-On Incorporated Common Stock,Consumer Discretionary,Industrial Machinery/Components,United States,19098171452.0,369.21,317517
SNAL,Snail Inc. Class A Common Stock,Technology,Computer Software: Prepackaged Software,United States,21673063.0,2.42,16581
SNAP,Snap Inc. Class A Common Stock,Technology,Computer Software: Programming Data Processing,United States,8828052057.0,5.22,28220178
SND,Smart Sand Inc. Common Stock,Industrials,Mining & Quarrying of Nonmetallic Minerals (No Fuels),United States,222807066.0,5.255,199571
SNDA,Sonida Senior Living Inc. Common Stock,Health Care,Hospital/Nursing Management,United States,1807084904.0,37.61,271543
SNDK,Sandisk Corporation Common Stock,Technology,Electronic Components,United States,250799642623.0,1712.89,6662455
SNDL,SNDL Inc. Common Shares,Health Care, Medicinal Chemicals and Botanical Products ,Canada,342107972.0,1.39,727172
SNDR,Schneider National Inc. Common Stock,Industrials,Trucking Freight/Courier Services,United States,5536002390.0,31.58,923070
SNDX,Syndax Pharmaceuticals Inc. Common Stock,Health Care,Biotechnology: Pharmaceutical Preparations,United States,1594845956.0,17.86,1554251
SNES,SenesTech Inc. Common Stock,Industrials,Agricultural Chemicals,United States,3428221.0,0.6321,79717
SNEX,StoneX Group Inc. Common Stock,Finance,Investment Bankers/Brokers/Service,United States,7948642837.0,65.9,916646
SNFCA,Security National Financial Corporation Class A Common Stock,Finance,Finance: Consumer Services,United States,240920143.0,8.8,27349
SNGX,Soligenix Inc. Common Stock,Health Care,Biotechnology: Pharmaceutical Preparations,United States,8214292.0,0.3774,134986
SNN,Smith & Nephew SNATS Inc. Common Stock,Health Care,Industrial Specialties,United Kingdom,11338627913.0,27.08,826502
SNOA,Sonoma Pharmaceuticals Inc. Common Stock,Health Care,Medical/Dental Instruments,United States,6033416.0,1.26,30453
SNOW,Snowflake Inc. Common Stock,Technology,Computer Software: Prepackaged Software,United States,115760736000.0,328.12,4525126
SNPS,Synopsys Inc. Common Stock,Technology,Computer Software: Prepackaged Software,United States,80029379736.0,417.61,1547104
SNSC,SunScout Holding Limited Class A Ordinary Shares,Technology,Semiconductors,,46863000.0,1.23,8322
SNT,Senstar Technologies Corporation Common Shares,Telecommunications,Telecommunications Equipment,Canada,38263911.0,1.64,6032
SNTG,Sentage Holdings Inc. Class A Ordinary Shares,Finance,Finance: Consumer Services,China,4825159.0,1.72,34867
SNTI,Senti Biosciences Holdings Inc. Common Stock,Health Care,Biotechnology: Biological Products (No Diagnostic Substances),United States,9654874.0,0.31,549044
SNUS^H,Santander Holdings USA Inc. Depositary Shares Each Representing a 1/1000th Interest in a Share of Fixed-Rate Reset Non-Cumulative Perpetual Preferred Stock Series H,Other,,,,20.92,46156
SNUS^I,Santander Holdings USA Inc. Depositary Shares Each Representing a 1/40th Interest in a Share of Fixed-Rate Reset Non-Cumulative Perpetual Preferred Stock Series I,Other,,,,25.34,37348
SNWV,SANUWAVE Health Inc. Common Stock,Health Care,Medical/Dental Instruments,United States,40000737.0,4.65,68888
SNX,TD SYNNEX Corporation Common Stock,Technology,Retail: Computer Software & Peripheral Equipment,United States,20529409576.0,256.75,1159892
SNY,Sanofi ADS,Health Care,Biotechnology: Pharmaceutical Preparations,France,100432015627.0,41.18,2173874
SO,Southern Company (The) Common Stock,Utilities,Electric Utilities: Central,United States,94732390250.0,82.35,5048943
SOAR,Volato Group Inc. Class A Common Stock,Consumer Discretionary,Transportation Services,,17098279.0,0.3188,999815276
SOBO,South Bow Corporation Common Shares,Energy,Natural Gas Distribution,Canada,7093963164.0,34.01,3481931
SOC,Sable Offshore Corp. Common Stock,Energy,Oil & Gas Production,United States,684974372.0,3.57,9351262
SOCA,Solarius Capital Acquisition Corp. Class A Ordinary Share,Other,,United States,0.0,10.34,9
SOCAW,Solarius Capital Acquisition Corp. Warrant,Other,,United States,0.0,0.1753,172
SOFI,SoFi Technologies Inc. Common Stock,Finance,Finance: Consumer Services,United States,20574715261.0,15.93,58726512
SOGP,Sound Group Inc. American Depositary Shares,Technology,Computer Software: Programming Data Processing,China,50214976.0,12.03,23314
SOHU,Sohu.com Limited American Depositary Shares,Technology,EDP Services,China,341504188.0,13.1,35687
SOJC,Southern Company (The) Series 2017B 5.25% Junior Subordinated Notes due December 1 2077,Utilities,Electric Utilities: Central,United States,20493883192.0,18.63,49180
SOJD,Southern Company (The) Series 2020A 4.95% Junior Subordinated Notes due January 30 2080,Utilities,Electric Utilities: Central,United States,19305831993.0,17.55,96729
SOJE,Southern Company (The) Series 2020C 4.20% Junior Subordinated Notes due October 15 2060,Utilities,Electric Utilities: Central,United States,17129953784.0,15.65,52446
SOJF,Southern Company (The) Series 2025A 6.50% Junior Subordinated Notes due March 15 2085,Utilities,Electric Utilities: Central,United States,0.0,23.16,90700
SOLS,Solstice Advanced Materials Inc. Common Stock,Industrials,Major Chemicals,United States,9043180717.0,56.93,2919343
SOLV,Solventum Corporation Common Stock,Health Care,Medical/Dental Instruments,United States,15241832695.0,89.54,649158
SOMN,Southern Company (The) 2025 Series A Corporate Units,Utilities,Electric Utilities: Central,United States,51352202802.0,44.64,14251
SON,Sonoco Products Company Common Stock,Consumer Discretionary,Containers/Packaging,United States,4940783900.0,49.97,913542
SONM,DNA X Inc. Common Stock,Utilities,Telecommunications Equipment,United States,6473966.0,4.35,44518
SONO,Sonos Inc. Common Stock,Consumer Staples,Consumer Electronics/Appliances,United States,2125742803.0,17.97,2542111
SONY,Sony Group Corporation American Depositary Shares,Consumer Staples,Consumer Electronics/Appliances,Japan,137554906085.0,23.33,2624355
SOPH,SOPHiA GENETICS SA Ordinary Shares,Technology,EDP Services,Switzerland,722735234.0,8.49,547695
SOR,Source Capital Inc. Cmn Shs of BI,Finance,Investment Managers,United States,377587856.0,45.25,1911
SORA,AsiaStrategy Ordinary Shares,Industrials,Other Specialty Stores,Hong Kong,51717120.0,2.08,33648
SORN,Soren Acquisition Corp. Class A Ordinary Shares,Finance,Blank Checks,United States,0.0,10.02,9
SOS,SOS Limited Class A Ordinary Shares,Finance,Investment Bankers/Brokers/Service,China,6130666.0,0.3374,456959
SOTK,Sono-Tek Corporation Common Stock,Technology,Industrial Machinery/Components,United States,80155287.0,5.1,65078
SOUL,Soulpower Acquisition Corporation Class A Ordinary Shares,Consumer Discretionary,Publishing,,0.0,10.48,2211
SOUN,SoundHound AI Inc Class A Common Stock,Technology,Computer Software: Prepackaged Software,United States,2804257302.0,5.83,15055753
SOUNW,SoundHound AI Inc. Warrant,Technology,Computer Software: Prepackaged Software,United States,274172669.0,0.57,11056
SOWG,Sow Good Inc. Common Stock,Consumer Staples,Packaged Foods,United States,44219765.0,2.2,7375
SPAI,Safe Pro Group Inc. Common Stock,Technology,Computer Software: Prepackaged Software,United States,81858705.0,4.02,122955
SPB,Spectrum Brands Holdings Inc. Common Stock,Miscellaneous,Industrial Machinery/Components,United States,1904955173.0,82.84,290266
SPCB,SuperCom Ltd. Ordinary Shares (Israel),Technology,Semiconductors,Israel,56900895.0,9.06,45445
SPCE,Virgin Galactic Holdings Inc. Common Stock,Consumer Discretionary,Transportation Services,United States,476011135.0,3.14,3235751
SPCX,Space Exploration Technologies Corp. Class A Common Stock,Technology,Computer Software: Programming Data Processing,United States,1974438361789.0,145.47,83516942
SPE,Special Opportunities Fund Inc Common Stock,Finance,Finance/Investors Services,United States,0.0,12.81,19398
SPE^C,Special Opportunities Fund Inc. 2.75% Convertible Preferred Stock Series C,Other,,United States,,24.7501,4603
SPEG,Silver Pegasus Acquisition Corp Class A Ordinary Shares,Other,,United States,0.0,10.38,129
SPEGR,Silver Pegasus Acquisition Corp Rights.,Other,,United States,0.0,0.1699,1018
SPFI,South Plains Financial Inc. Common Stock,Finance,Major Banks,United States,797270924.0,42.32,80017
SPG,Simon Property Group Inc. Common Stock,Real Estate,Real Estate Investment Trusts,United States,66175991363.0,204.53,926295
SPG^J,Simon Property Group Inc. Simon Property Group 8 3/8% Series J Cumulative Redeemable Preferred Stock,Other,,United States,,54.334,1206
SPGI,S&P Global Inc. Common Stock,Finance,Finance: Consumer Services,United States,116717216000.0,395.92,1926528
SPH,Suburban Propane Partners L.P. Common Stock,Consumer Discretionary,Other Specialty Stores,United States,1098753014.0,16.47,187528
SPHL,Springview Holdings Ltd Class A Ordinary Shares,Consumer Discretionary,Homebuilding,Singapore,33597825.0,2.74,83733
SPHR,Sphere Entertainment Co. Class A Common Stock,Consumer Discretionary,Services-Misc. Amusement & Recreation,United States,4981935563.0,138.72,405510
SPIR,Spire Global Inc. Class A Common Stock,Consumer Discretionary,Telecommunications Equipment,United States,476906636.0,11.74,469991
SPKL,Spark I Acquisition Corp. Class A Ordinary Share,Other,,United States,0.0,11.56,17124
SPMA,Sound Point Meridian Capital Inc. 8.00% Series A Preferred Shares Due 2029,Other,,,0.0,24.91,4426
SPMC,Sound Point Meridian Capital Inc. Common Stock,Other,,,0.0,8.32,20376
SPME,Sound Point Meridian Capital Inc. 7.875% Series B Preferred Shares due 2030,Other,,,0.0,24.85,2666
SPNT,SiriusPoint Ltd. Common Shares,Finance,Property-Casualty Insurers,Bermuda,2884377347.0,24.83,604352
SPOK,Spok Holdings Inc. Common Stock,Telecommunications,Telecommunications Equipment,United States,216921081.0,10.37,107187
SPOT,Spotify Technology S.A. Ordinary Shares,Consumer Discretionary,Broadcasting,Luxembourg,102403740508.0,497.51,1256372
SPPL,SIMPPLE LTD. Ordinary Shares,Consumer Discretionary,Diversified Commercial Services,Singapore,20159539.0,2.06,58924
SPRB,Spruce Biosciences Inc. Common Stock,Health Care,Biotechnology: Pharmaceutical Preparations,United States,136544358.0,47.51,42381
SPRC,SciSparc Ltd. Ordinary Shares,Health Care,Biotechnology: Pharmaceutical Preparations,Israel,2852577.0,4.91,6571
SPRO,Spero Therapeutics Inc. Common Stock,Health Care,Biotechnology: Pharmaceutical Preparations,United States,69299444.0,1.19,393261
SPRU,Spruce Power Holding Corporation Class A Common Stock,Utilities,Electric Utilities: Central,United States,34846457.0,1.81,105896
SPRY,ARS Pharmaceuticals Inc. Common Stock,Health Care,Biotechnology: Pharmaceutical Preparations,United States,410717527.0,4.13,949906
SPSC,SPS Commerce Inc. Common Stock,Technology,Computer Software: Prepackaged Software,United States,2916374096.0,81.01,301658
SPT,Sprout Social Inc Class A Common Stock,Technology,Computer Software: Prepackaged Software,United States,573808248.0,9.47,895562
SPTX,Seaport Therapeutics Inc. Common Stock,Health Care,Biotechnology: Pharmaceutical Preparations,United States,1051340002.0,19.64,284491
SPWH,Sportsman's Warehouse Holdings Inc. Common Stock,Consumer Discretionary,Other Specialty Stores,United States,45599807.0,1.165,109667
SPWR,SunPower Inc. Common Stock,Technology,Semiconductors,United States,96250254.0,0.3005,2136551
SPWRW,SunPower Inc. Warrants,Technology,Semiconductors,United States,8007509.0,0.025,60539
SPXC,SPX Technologies Inc. Common Stock,Industrials,Industrial Machinery/Components,United States,8520105645.0,170.11,663754
SPXX,Nuveen S&P 500 Dynamic Overwrite Fund,Finance,Trusts Except Educational Religious and Charitable,United States,0.0,18.4,222642
SQFT,Presidio Property Trust Inc. Class A Common Stock,Real Estate,Real Estate Investment Trusts,United States,1922139.0,1.34,42941
SQFTP,Presidio Property Trust Inc. 9.375% Series D Cumulative Redeemable Perpetual Preferred Stock $0.01 par value per share,Real Estate,Real Estate Investment Trusts,United States,9524628.0,6.64,4410
SQFTW,Presidio Property Trust Inc. Series A Common Stock Purchase Warrants,Real Estate,Real Estate Investment Trusts,United States,14488.0,0.0101,9167
SQM,Sociedad Quimica y Minera S.A. Common Stock,Industrials,Mining & Quarrying of Nonmetallic Minerals (No Fuels),Chile,18612159569.0,65.16,915686
SQNS,Sequans Communications S.A. American Depositary Shares (each representing one hundred (100) Ordinary Shares),Technology,Semiconductors,France,40739249.0,2.72,71526
SR,Spire Inc. Common Stock,Utilities,Oil/Gas Transmission,United States,4542228090.0,76.84,393557
SRAD,Sportradar Group AG Class A Ordinary Shares,Technology,Computer Software: Programming Data Processing,Switzerland,3890731903.0,12.48,1921744
SRBK,SR Bancorp Inc. Common stock,Finance,Banks,United States,151331036.0,19.08,18009
SRCE,1st Source Corporation Common Stock,Finance,Major Banks,United States,2059718578.0,85.53,93697
SRE,DBA Sempra Common Stock,Utilities,Natural Gas Distribution,United States,50278397758.0,76.89,4933018
SREA,DBA Sempra 5.750% Junior Subordinated Notes due 2079,Utilities,Natural Gas Distribution,United States,11985451414.0,18.93,82644
SRFM,Surf Air Mobility Inc. Common Stock,Consumer Discretionary,Transportation Services,United States,147136649.0,1.19,10072240
SRG,Seritage Growth Properties Class A Common Stock,Finance,Real Estate,United States,98568062.0,1.75,174792
SRG^A,Seritage Growth Properties 7.00% Series A Cumulative Redeemable Preferred Shares of Beneficial Interest,Other,,United States,,21.155,5535
SRI,Stoneridge Inc. Common Stock,Consumer Discretionary,Auto Parts:O.E.M.,United States,190247570.0,6.67,120547
SRJN,Spire Inc. 6.375% Junior Subordinated Notes due 2086,Utilities,Oil/Gas Transmission,United States,0.0,21.48,80129
SRL,Scully Royalty Ltd.,Industrials,Precious Metals,Canada,79349083.0,5.2113,1166
SRPT,Sarepta Therapeutics Inc. Common Stock (DE),Health Care,Biotechnology: Pharmaceutical Preparations,United States,1985787995.0,18.8,2268513
SRRK,Scholar Rock Holding Corporation Common Stock,Health Care,Biotechnology: Biological Products (No Diagnostic Substances),United States,5983310905.0,49.13,1569523
SRTA,Strata Critical Medical Inc. Class A Common Stock,Health Care,Medical/Nursing Services,United States,462681395.0,5.23,654372
SRTS,Sensus Healthcare Inc. Common Stock,Health Care,Medical/Dental Instruments,United States,49303867.0,2.995,39940
SRV,NXG Cushing Midstream Energy Fund Common Shares of Beneficial Interest,Finance,Finance Companies,United States,0.0,41.65,85127
SRXH,SRX Global Inc. Common Stock,Consumer Staples,Beverages (Production/Distribution),,32019318.0,1.58,514064
SRZN,Surrozen Inc. Common Stock,Health Care,Biotechnology: Biological Products (No Diagnostic Substances),United States,348375459.0,29.64,409842
SSAC,SPACSphere Acquisition Corp. Class A Ordinary Shares,Finance,Blank Checks,United States,0.0,10.12,62
SSACU,SPACSphere Acquisition Corp. Unit,Finance,Blank Checks,United States,0.0,10.31,264
SSACW,SPACSphere Acquisition Corp. Warrant,Finance,Blank Checks,United States,0.0,0.0765,1214
SSB,SouthState Bank Corporation Common Stock,Finance,Major Banks,United States,9861340362.0,101.69,550820
SSBI,Summit State Bank Common Stock,Finance,Major Banks,United States,83027083.0,12.442,1690
SSD,Simpson Manufacturing Company Inc. Common Stock,Consumer Discretionary,Industrial Machinery/Components,United States,7163712567.0,174.79,205196
SSEA,Starry Sea Acquisition Corp	Ordinary Shares,Finance,Blank Checks,United States,0.0,10.35,510
SSEAR,Starry Sea Acquisition Corp Rights,Finance,Blank Checks,United States,0.0,0.1,3295
SSII,SS Innovations International Inc. Common Stock,Health Care,Medical/Dental Instruments,India,579113907.0,2.89,29496
SSL,Sasol Ltd. American Depositary Shares,Energy,Oil & Gas Production,South Africa,9023320063.0,13.93,2336756
SSM,Sono Group N.V. Ordinary Shares,Technology,Semiconductors,Germany,1567317.0,1.1,391244
SSMR,Sunshine Silver Mining & Refining Company Common Stock,Basic Materials,Precious Metals,,2140089119.0,14.89,284705
SSNC,SS&C Technologies Holdings Inc. Common Stock,Technology,Computer Software: Prepackaged Software,United States,18303089688.0,78.0,1444710
SSP,E.W. Scripps Company (The) Class A Common Stock,Industrials,Broadcasting,United States,249279586.0,2.69,424100
SSRM,SSR Mining Inc. Common Stock,Industrials,Precious Metals,Canada,6900291118.0,33.84,2094271
SST,System1 Inc. Class A Common Stock,Technology,Computer Software: Programming Data Processing,United States,28424239.0,2.71,121604
SSTI,SoundThinking Inc. Common Stock,Technology,Computer Software: Prepackaged Software,United States,72005931.0,5.47,41928
SSTK,Shutterstock Inc. Common Stock,Technology,EDP Services,United States,150007597.0,4.06,1009296
SSYS,Stratasys Ltd. Ordinary Shares (Israel),Technology,Computer peripheral equipment,United States,723849328.0,8.4,727051
ST,Sensata Technologies Holding plc Ordinary Shares,Industrials,Industrial Machinery/Components,Netherlands,6074666880.0,41.74,941096
STAA,STAAR Surgical Company Common Stock,Health Care,Ophthalmic Goods,United States,1046504946.0,20.87,540785
STAG,Stag Industrial Inc. Common Stock,Real Estate,Real Estate Investment Trusts,United States,7135836256.0,37.01,3075549
STAK,STAK Inc. Class A Ordinary Shares,Consumer Discretionary,Oil and Gas Field Machinery,China,22860315.0,1.19,644738
STBA,S&T Bancorp Inc. Common Stock,Finance,Major Banks,United States,1731888312.0,49.11,311062
STC,Stewart Information Services Corporation Common Stock,Finance,Specialty Insurers,United States,1756247330.0,57.54,281943
STDN,Standard Nuclear Inc. Class A Common Stock,Basic Materials,Major Chemicals,,1805030205.0,11.53,583253
STE,STERIS plc (Ireland) Ordinary Shares,Health Care,Industrial Specialties,United States,20572523210.0,211.0,493824
STEM,Stem Inc. Class A Common Stock,Technology,EDP Services,United States,43801685.0,4.55,229523
STEP,StepStone Group Inc. Class A Common Stock,Finance,Investment Managers,United States,5202371157.0,43.11,964415
STEW,SRH Total Return Fund Inc. Common Stock,Finance,Investment Managers,United States,0.0,17.57,28619
STEX,Streamex Corp. Common Stock,Finance,Finance: Consumer Services,United States,82084826.0,0.7048,1148331
STFS,Star Fashion Culture Holdings Limited Class A Ordinary Shares,Consumer Discretionary,Advertising,China,11289998.0,3.535,25955
STG,Sunlands Technology Group American Depositary Shares representing Class A ordinary shares,Real Estate,Other Consumer Services,,39107548.0,2.92,189
STGW,Stagwell Inc. Class A Common Stock,Consumer Discretionary,Advertising,Canada,2009588207.0,8.22,792043
STHO,Star Holdings Shares of Beneficial Interest,Real Estate,Real Estate,United States,102328891.0,8.47,32383
STI,Solidion Technology Inc. Common Stock,Miscellaneous,Industrial Machinery/Components,United States,58295077.0,6.68,126186
STIM,Neuronetics Inc. Common Stock,Health Care,Medical/Dental Instruments,United States,194683902.0,2.555,958947
STK,Columbia Seligman Premium Technology Growth Fund Inc,Finance,Investment Managers,United States,0.0,51.99,69427
STKE,Sol Strategies Inc. Common Shares,Other,,Canada,65943088.0,1.67,562087
STKH,Steakholder Foods Ltd. American Depositary Shares,Consumer Staples,Packaged Foods,Israel,1815215.0,1.63,41882
STKS,The ONE Group Hospitality Inc. Common Stock,Consumer Discretionary,Restaurants,United States,52920670.0,1.67,17809
STLA,Stellantis N.V. Common Shares,Industrials,Auto Manufacturing,United Kingdom,13386372366.0,4.62,28687994
STLD,Steel Dynamics Inc.,Industrials,Steel/Iron Ore,United States,33021358194.0,230.39,1011093
STLN,Starling Oncology Inc. Common Stock,Health Care,Medical/Nursing Services,United States,676723004.0,6.64,919208
STLNW,Starling Oncology Inc. Warrant,Health Care,Medical/Nursing Services,United States,3342849.0,0.0328,13690
STM,STMicroelectronics N.V. Common Stock,Technology,Semiconductors,Switzerland,47072834217.0,52.74,8402241
STN,Stantec Inc Common Stock,Consumer Discretionary,Military/Government/Technical,Canada,7724107590.0,68.72,211159
STNE,StoneCo Ltd. Class A Common Shares,Technology,EDP Services,Brazil,2287044963.0,9.27,4551781
STNG,Scorpio Tankers Inc. Common Shares,Consumer Discretionary,Marine Transportation,Monaco,4306146500.0,83.19,962171
STOK,Stoke Therapeutics Inc. Common Stock,Health Care,Biotechnology: Pharmaceutical Preparations,United States,1645419171.0,25.5,1660331
STRA,Strategic Education Inc. Common Stock,Real Estate,Other Consumer Services,United States,1685775804.0,75.91,266153
STRC,Strategy Inc Variable Rate Series A Perpetual Stretch Preferred Stock,Technology,Computer Software: Prepackaged Software,United States,41671252997.0,99.1,1914919
STRD,Strategy Inc 10.00% Series A Perpetual Stride Preferred Stock,Technology,Computer Software: Prepackaged Software,United States,30507057568.0,72.55,124700
STRF,Strategy Inc 10.00% Series A Perpetual Strife Preferred Stock,Technology,Computer Software: Prepackaged Software,United States,43542464661.0,103.55,37539
STRK,Strategy Inc 8.00% Series A Perpetual Strike Preferred Stock,Technology,Computer Software: Prepackaged Software,United States,31600349775.0,75.15,165461
STRL,Sterling Infrastructure Inc. Common Stock,Industrials,Military/Government/Technical,United States,15244093830.0,498.36,368185
STRO,Sutro Biopharma Inc. Common Stock,Health Care,Biotechnology: Biological Products (No Diagnostic Substances),United States,265796171.0,16.03,165791
STRR,Star Equity Holdings Inc. Common Stock,Consumer Discretionary,Professional Services,United States,36340620.0,9.85,1467
STRRP,Star Equity Holdings Inc. 10% Series A Cumulative Perpetual Preferred Stock,Consumer Discretionary,Professional Services,United States,34163872.0,9.26,360
STRT,STRATTEC SECURITY CORPORATION Common Stock,Consumer Discretionary,Auto Parts:O.E.M.,United States,265362016.0,66.59,67699
STRW,Strawberry Fields REIT Inc. Common Stock,Real Estate,Real Estate Investment Trusts,United States,185461102.0,13.1,29061
STRZ,Starz Entertainment Corp. Common Shares,Consumer Discretionary,Movies/Entertainment,United States,368169677.0,21.5,390240
STT,State Street Corporation Common Stock,Finance,Major Banks,United States,49372148223.0,179.73,1875687
STT^G,State Street Corporation Depositary shares each representing a 1/4000th ownership interest in a share of Fixed-to-Floating Rate Non-Cumulative,Other,,United States,,19.71,58384
STTK,Shattuck Labs Inc. Common Stock,Health Care,Biotechnology: Pharmaceutical Preparations,United States,645335717.0,6.43,976900
STUB,StubHub Holdings Inc. Class A Common Stock,Consumer Discretionary,Services-Misc. Amusement & Recreation,United States,2025076820.0,5.3,6941171
STVN,Stevanato Group S.p.A. Ordinary Shares,Health Care,Medical/Dental Instruments,Italy,5845009089.0,21.41,306641
STWD,STARWOOD PROPERTY TRUST INC. Starwood Property Trust Inc.,Real Estate,Real Estate Investment Trusts,United States,5300819364.0,14.32,5930853
STX,Seagate Technology Holdings PLC Ordinary Shares (Ireland),Technology,Electronic Components,Ireland,210766431932.0,921.51,3403870
STXS,Stereotaxis Inc. Common Stock,Health Care,Biotechnology: Electromedical & Electrotherapeutic Apparatus,United States,126254744.0,1.26,493091
STZ,Constellation Brands Inc. Common Stock,Consumer Staples,Beverages (Production/Distribution),United States,19284300767.0,112.92,1437361
SU,Suncor Energy  Inc. Common Stock,Energy,Integrated oil Companies,Canada,80435428417.0,68.77,4187118
SUGP,SU Group Holdings Limited Class A Ordinary Shares,Consumer Discretionary,Diversified Commercial Services,Hong Kong,1232347.0,0.5297,1370528
SUI,Sun Communities Inc. Common Stock,Real Estate,Real Estate Investment Trusts,United States,13675811452.0,112.28,1550291
SUIG,Sui Group Holdings Limited Common Stock,Finance,Finance: Consumer Services,United States,122884595.0,1.6,1197851
SUJA,Suja Life Inc. Class A Common Stock,Consumer Staples,Beverages (Production/Distribution),United States,345307607.0,8.94,226641
SUMA,SUMA Acquisition Corporation Class A Ordinary Shares,Other,,Canada,0.0,9.95,14
SUMAR,SUMA Acquisition Corporation Rights,Finance,Blank Checks,Canada,0.0,0.235,26661
SUMAU,SUMA Acquisition Corporation Units,Finance,Blank Checks,Canada,0.0,10.24,300
SUN,Sunoco LP Common Units representing limited partner interests,Energy,Integrated oil Companies,United States,15284013816.0,74.62,309542
SUNB,Sunbelt Rentals Holdings Inc. Common Stock,Consumer Discretionary,Diversified Commercial Services,,30687293136.0,74.89,5532112
SUNC,SunocoCorp LLC Common Units representing limited liability company interests,Energy,Integrated oil Companies,,3879760181.0,75.31,382898
SUNE,SUNation Energy Inc. Common Stock,Consumer Discretionary,Engineering & Construction,United States,15436066.0,2.37,76043
SUNS,Sunrise Realty Trust Inc. Common Stock,Real Estate,Real Estate Investment Trusts,United States,95421908.0,7.06,95925
SUPN,Supernus Pharmaceuticals Inc. Common Stock,Health Care,Biotechnology: Pharmaceutical Preparations,United States,2592464780.0,44.6,731267
SUPV,Grupo Supervielle S.A. American Depositary Shares each Representing five Class B shares,Finance,Commercial Banks,,635757469.0,6.96,775066
SUPX,SuperX AI Technology Limited Ordinary Shares,Other,,Hong Kong,302515745.0,7.0,175970
SURG,SurgePays Inc. Common Stock,Consumer Discretionary,Advertising,United States,7211418.0,0.1363,4347794
SUZ,Suzano S.A. American Depositary Shares (each representing One Ordinary Share),Basic Materials,Paper,Brazil,10833487961.0,8.57,2040196
SVAQ,Silicon Valley Acquisition Corp. Class A Ordinary Shares,Finance,Blank Checks,United States,0.0,10.11,700
SVAQU,Silicon Valley Acquisition Corp. Units,Finance,Blank Checks,United States,0.0,10.48,1
SVAQW,Silicon Valley Acquisition Corp. Warrants,Finance,Blank Checks,United States,0.0,0.385,3775
SVC,Service Properties Trust Common Shares of Beneficial Interest,Real Estate,Real Estate Investment Trusts,United States,850877336.0,6.57,959655
SVCC,Stellar V Capital Corp. Class A Ordinary Shares,Other,,United States,0.0,10.72,46
SVCO,Silvaco Group Inc. Common Stock,Technology,Computer Software: Prepackaged Software,United States,276168928.0,8.15,322517
SVIA,Silvia Inc. Common Stock,Finance,Finance: Consumer Services,United States,328810716.0,3.9,967178
SVIAW,Silvia Inc. Warrant,Finance,Finance: Consumer Services,United States,35697040.0,0.4234,2064
SVIV,Spring Valley Acquisition Corp. IV Class A Ordinary Shares,Finance,Blank Checks,United States,0.0,10.08,77983
SVIVU,Spring Valley Acquisition Corp. IV Units,Finance,Blank Checks,United States,0.0,10.55,3402
SVIVW,Spring Valley Acquisition Corp. IV Warrants,Finance,Blank Checks,United States,0.0,0.61,854
SVM,Silvercorp Metals Inc. Common Shares,Basic Materials,Precious Metals,Canada,2380269548.0,10.76,1698292
SVRA,Savara Inc. Common Stock,Health Care,Biotechnology: Pharmaceutical Preparations,United States,1041682276.0,5.07,4371621
SVRE,SaverOne 2014 Ltd. American Depositary Shares,Technology,EDP Services,Israel,5274652.0,2.11,5363
SVRN,SVRN Inc. Common Stock,Consumer Discretionary,Marine Transportation,Greece,97645602.0,52.055,279045
SVV,Savers Value Village Inc. Common Stock,Consumer Discretionary,Other Specialty Stores,United States,1442294862.0,9.35,928728
SW,Smurfit WestRock plc Ordinary Shares,Consumer Discretionary,Containers/Packaging,Ireland,23640247464.0,45.07,5269012
SWAG,Stran & Company Inc. Common Stock,Consumer Discretionary,Advertising,United States,26095425.0,1.4,104556
SWAGW,Stran & Company Inc. Warrant,Consumer Discretionary,Advertising,United States,59647.0,0.0032,3300
SWBI,Smith & Wesson Brands Inc. Common Stock,Industrials,Ordnance And Accessories,United States,629100710.0,14.03,408425
SWIM,Latham Group Inc. Common Stock,Industrials,Plastic Products,United States,730582194.0,6.21,600920
SWK,Stanley Black & Decker Inc. Common Stock,Consumer Discretionary,Industrial Machinery/Components,United States,13399706556.0,88.73,1772674
SWKHL,SWK Holdings Corporation 9.00% Senior Notes due 2027,Other,,United States,303806249.0,25.01,7670
SWKS,Skyworks Solutions Inc. Common Stock,Technology,Semiconductors,United States,13179910975.0,87.59,3369807
SWMR,Swarmer Inc Common Stock,Technology,Computer Software: Prepackaged Software,United States,289734315.0,18.18,1374347
SWRD,Stewards Inc Common Stock,Finance,Finance Companies,United States,502536912.0,2.38,140610
SWVL,Swvl Holdings Corp Class A Common Shares,Consumer Discretionary,Business Services,United Arab Emirates,130499008.0,4.35,86819
SWVLW,Swvl Holdings Corp Warrant,Consumer Discretionary,Business Services,United Arab Emirates,215998.0,0.0072,2544
SWX,Southwest Gas Holdings Inc. Common Stock (DE),Utilities,Oil & Gas Production,United States,5931141985.0,81.87,949251
SWZ,Total Return Securities Fund Common Stock,Finance,Finance Companies,United States,0.0,5.78,72279
SXC,SunCoke Energy Inc. Common Stock,Industrials,Steel/Iron Ore,United States,818193554.0,9.64,1349616
SXI,Standex International Corporation Common Stock,Industrials,Industrial Machinery/Components,United States,3420019559.0,278.47,152875
SXT,Sensient Technologies Corporation Common Stock,Industrials,Major Chemicals,United States,5485495082.0,128.88,303813
SXTC,China SXT Pharmaceuticals Inc. Class A Ordinary Shares,Health Care,Biotechnology: Pharmaceutical Preparations,China,3330120.0,2.52,42204
SXTP,60 Degrees Pharmaceuticals Inc. Common Stock,Health Care,Biotechnology: Pharmaceutical Preparations,United States,4396235.0,1.25,80266
SY,So-Young International Inc. American Depository Shares,Technology,EDP Services,China,269812840.0,2.69,203684
SYBT,Stock Yards Bancorp Inc. Common Stock,Finance,Major Banks,United States,2423819487.0,78.02,146689
SYF,Synchrony Financial Common Stock,Finance,Finance: Consumer Services,United States,26609555833.0,71.52,2600134
SYF^A,Synchrony Financial Depositary Shares each Representing a 1/40th Interest in a Share of 5.625% Fixed Rate Non-Cumulative Perpetual Preferred Stock Series A,Other,,United States,,18.04,131445
SYF^B,Synchrony Financial Depositary Shares Each Representing a 1/40th Interest in a Share of 8.250% Fixed Rate Reset Non-Cumulative Perpetual Preferred Stock Series B,Other,,United States,,25.35,20062
SYK,Stryker Corporation Common Stock,Health Care,Medical/Dental Instruments,United States,105601495294.0,275.31,2492112
SYM,Symbotic Inc. Class A Common Stock,Industrials,Industrial Machinery/Components,United States,25401671736.0,42.0,900372
SYNA,Synaptics Incorporated Common Stock $0.001 Par Value,Technology,Semiconductors,United States,3983530569.0,100.36,488120
SYNX,Silynxcom Ltd. Ordinary Shares,Consumer Staples,Consumer Electronics/Appliances,,6966162.0,1.05,5884
SYPR,Sypris Solutions Inc. Common Stock,Industrials,Industrial Machinery/Components,United States,39144936.0,1.7,7234
SYRE,Spyre Therapeutics Inc. Common Stock,Health Care,Biotechnology: Pharmaceutical Preparations,United States,7564427042.0,85.79,1045593
SYY,Sysco Corporation Common Stock,Consumer Discretionary,Food Distributors,United States,38649679837.0,78.57,4151491
SZZL,Sizzle Acquisition Corp. II Class A ordinary shares,Finance,Blank Checks,United States,0.0,10.49,207
T,AT&T Inc.,Telecommunications,Telecommunications Equipment,United States,170624402685.0,24.9,30491008
T^A,AT&T Inc. Depositary Shares each representing a 1/1000th interest in a share of 5.000% Perpetual Preferred Stock Series A,Other,,United States,,17.5,147090
T^C,AT&T Inc. Depositary Shares each representing a 1/1000th interest in a share of 4.750% Perpetual Preferred Stock Series C,Other,,United States,,16.45,275329
TAC,TransAlta Corporation Ordinary Shares,Utilities,Electric Utilities: Central,Canada,3731960000.0,11.81,2210042
TACH,Titan Acquisition Corp. Class A Ordinary Shares,Finance,Blank Checks,United States,0.0,10.525,41052
TACHU,Titan Acquisition Corp. Units,Finance,Blank Checks,United States,0.0,10.75,8
TACHW,Titan Acquisition Corp. Warrants,Finance,Blank Checks,United States,0.0,0.5584,1
TACO,Berto Acquisition Corp. Ordinary Shares,Finance,Blank Checks,United States,381003536.0,10.455,157303
TACOW,Berto Acquisition Corp. Warrant,Finance,Blank Checks,United States,0.0,0.65,6302
TACT,TransAct Technologies Incorporated Common Stock,Technology,Computer peripheral equipment,United States,48628258.0,4.71,41323
TAK,Takeda Pharmaceutical Company Limited American Depositary Shares (each representing 1/2 of a share of Common Stock),Health Care,Biotechnology: Pharmaceutical Preparations,Japan,59721063091.0,18.9,2063094
TAL,TAL Education Group American Depositary Shares,Real Estate,Other Consumer Services,China,6595397910.0,11.89,1647253
TALO,Talos Energy Inc. Common Stock,Energy,Oil & Gas Production,United States,2748251603.0,16.46,2152281
TANH,Tantech Holdings Ltd. Class A Common Shares,Industrials,Major Chemicals,China,11683823.0,17.5,54496
TAOP,Taoping Inc. Ordinary Shares,Technology,Computer Software: Prepackaged Software,Hong Kong,5003748.0,0.5238,96646
TAOX,Tao Synergies Inc. Common Stock,Finance,Finance: Consumer Services,United States,32552103.0,4.35,147410
TAP,Molson Coors Beverage Company Class B Common Stock,Consumer Staples,Beverages (Production/Distribution),Canada,6762684150.0,36.27,4145990
TARA,Protara Therapeutics Inc.  Common Stock,Health Care,Biotechnology: Biological Products (No Diagnostic Substances),United States,192060336.0,3.25,431143
TARS,Tarsus Pharmaceuticals Inc. Common Stock,Health Care,Biotechnology: Biological Products (No Diagnostic Substances),United States,3594069555.0,76.81,1309618
TASK,TaskUs Inc. Class A Common Stock,Technology,EDP Services,United States,742664870.0,8.1,354194
TATT,TAT Technologies Ltd. Ordinary Shares,Industrials,Aerospace,Israel,462719003.0,35.64,166867
TAVI,Tavia Acquisition Corp. Ordinary Shares,Finance,Blank Checks,United States,0.0,10.77,1947
TAVIU,Tavia Acquisition Corp. Unit,Finance,Blank Checks,United States,0.0,10.8,5
TAYD,Taylor Devices Inc. Common Stock,Industrials,Industrial Machinery/Components,United States,210100276.0,65.14,34598
TBB,AT&T Inc. 5.350% Global Notes due 2066,Telecommunications,Telecommunications Equipment,United States,136786874232.0,19.13,112013
TBBB,BBB Foods Inc. Class A Common Shares,Consumer Staples,Food Chains,Mexico,6310071757.0,53.54,740758
TBBK,The Bancorp Inc Common Stock,Finance,Major Banks,United States,2005079530.0,49.16,394498
TBCH,Turtle Beach Corporation Common Stock,Telecommunications,Telecommunications Equipment,United States,227274233.0,12.69,323501
TBCVU,Thunder Bridge Capital Partners V Ltd. Units,Finance,Blank Checks,United States,0.0,9.92,511
TBI,TrueBlue Inc. Common Stock,Consumer Discretionary,Professional Services,United States,293179033.0,9.63,160539
TBLA,Taboola.com Ltd. Ordinary Shares,Technology,Computer Software: Programming Data Processing,Israel,857193564.0,3.4,2266031
TBLD,Thornburg Income Builder Opportunities Trust Common Stock,Finance,Investment Managers,United States,651583044.0,20.31,45483
TBN,Tamboran Resources Corporation Common stock,Energy,Oil & Gas Production,,1165916200.0,33.35,159658
TC,Token Cat Limited American Depositary Shares,Consumer Discretionary,Business Services,China,48863719.0,1.85,16833
TCBI,Texas Capital Bancshares Inc. Common Stock,Finance,Major Banks,United States,4117022744.0,94.7,610184
TCBIO,Texas Capital Bancshares Inc. Depositary Shares 5.75% Fixed Rate Non-Cumulative Perpetual Preferred Stock Series B,Finance,Major Banks,United States,797754671.0,18.35,35594
TCBK,TriCo Bancshares Common Stock,Finance,Major Banks,United States,1658748431.0,51.89,203780
TCBS,Texas Community Bancshares Inc. Common Stock,Finance,Banks,United States,48922541.0,17.03,326
TCBX,Third Coast Bancshares Inc. Common Stock,Finance,Banks,United States,719161605.0,43.18,91173
TCGX,TCGX Acquisition Corp. Class A Ordinary Shares,Other,,United States,0.0,13.65,9016
TCI,Transcontinental Realty Investors Inc. Common Stock,Real Estate,Real Estate Investment Trusts,United States,378333371.0,43.12,6248
TCMD,Tactile Systems Technology Inc. Common Stock,Health Care,Medical/Dental Instruments,United States,516925167.0,22.82,151456
TCOM,Trip.com Group Limited American Depositary Shares,Consumer Discretionary,Business Services,China,25125238358.0,39.9,2617616
TCPA,TransCanada PipeLines Limited 6.250% Junior Subordinated Notes due 2085,Utilities,Natural Gas Distribution,Canada,0.0,20.69,25679
TCPC,BlackRock TCP Capital Corp. Common Stock,Finance,Finance/Investors Services,United States,333933045.0,3.98,1233008
TCRT,Alaunos Therapeutics Inc. Common Stock,Health Care,Biotechnology: Pharmaceutical Preparations,United States,2597599.0,1.02,149263
TCRX,TScan Therapeutics Inc. Common Stock,Health Care,Biotechnology: Biological Products (No Diagnostic Substances),United States,21590907.0,0.34,359207
TCX,Tucows Inc. Class A Common Stock,Technology,EDP Services,Canada,107236454.0,9.59,57977
TD,Toronto Dominion Bank (The) Common Stock,Finance,Commercial Banks,Canada,195870361350.0,119.55,2134348
TDAC,Translational Development Acquisition Corp. Ordinary Shares,Other,,United States,0.0,10.85,2998
TDACW,Translational Development Acquisition Corp. Warrants,Other,,United States,0.0,1.5,1800
TDAY,USA TODAY Co. Inc. Common Stock,Consumer Discretionary,Newspapers/Magazines,United States,935230284.0,6.37,2280773
TDC,Teradata Corporation Common Stock,Technology,Computer Software: Prepackaged Software,United States,2655150000.0,28.55,1191482
TDF,Templeton Dragon Fund Inc. Common Stock,Finance,Finance/Investors Services,United States,0.0,9.69,57494
TDG,Transdigm Group Incorporated Common Stock,Industrials,Military/Government/Technical,United States,61313827061.0,1109.22,330722
TDIC,Dreamland Limited Class A Ordinary Shares,Consumer Discretionary,Other Consumer Services,Hong Kong,9515642.0,2.73,840335
TDOC,Teladoc Health Inc. Common Stock,Health Care,Medical/Nursing Services,United States,1070118884.0,5.89,4150923
TDS,Telephone and Data Systems Inc. Common Shares,Telecommunications,Telecommunications Equipment,United States,3999725000.0,34.75,1760546
TDS^U,Telephone and Data Systems Inc. Depositary Shares Each Representing a 1/1000th Interest in a 6.625% Series UU Cumulative Redeemable Perpetual Preferred Stock,Other,,United States,,19.79,17586
TDS^V,Telephone and Data Systems Inc. Depositary Shares Each Representing a 1/1000th Interest in a 6.000% Series VV Cumulative Redeemable Perpetual Preferred Stock,Other,,United States,,17.965,29255
TDTH,Trident Digital Tech Holdings Ltd Class B Ordinary Shares,Consumer Discretionary,Business Services,Singapore,9586794.0,1.11,225246
TDUP,ThredUp Inc. Class A Common Stock,Consumer Discretionary,Catalog/Specialty Distribution,United States,288934030.0,2.2,1495480
TDW,Tidewater Inc. Common Stock,Consumer Discretionary,Marine Transportation,United States,4143201355.0,83.27,411815
TDWD,Tailwind 2.0 Acquisition Corp. Class A Ordinary Shares,Finance,Blank Checks,United States,0.0,10.13,10
TDWDR,Tailwind 2.0 Acquisition Corp. Rights,Finance,Blank Checks,United States,0.0,0.1101,37
TDY,Teledyne Technologies Incorporated Common Stock,Industrials,Industrial Machinery/Components,United States,28315435739.0,610.83,298391
TE,T1 Energy Inc. Common Stock,Technology,Semiconductors,Luxembourg,1051281194.0,3.57,19160071
TEAD,Teads Holding Co. Common Stock,Technology,Computer Software: Programming Data Processing,United States,42177826.0,0.4301,98404
TEAM,Atlassian Corporation Class A Common Stock,Technology,Computer Software: Prepackaged Software,Australia,45195404030.0,178.54,3659728
TECH,Bio-Techne Corp Common Stock,Health Care,Biotechnology: Biological Products (No Diagnostic Substances),United States,11370890437.0,72.51,3820260
TECK,Teck Resources Ltd Ordinary Shares,Industrials,Mining & Quarrying of Nonmetallic Minerals (No Fuels),Canada,31898610803.0,65.16,3287034
TECX,Tectonic Therapeutic Inc. Common Stock,Health Care,Biotechnology: Biological Products (No Diagnostic Substances),United States,459605595.0,23.51,234847
TEI,Templeton Emerging Markets Income Fund Inc. Common Stock,Finance,Finance Companies,United States,0.0,6.15,222020
TEL,TE Connectivity plc Ordinary Shares,Technology,Electronic Components,Ireland,62161385184.0,214.71,2323618
TELA,TELA Bio Inc. Common Stock,Health Care,Medical/Dental Instruments,United States,55526394.0,1.23,171814
TELO,Telomir Pharmaceuticals Inc. Common Stock,Health Care,Biotechnology: Pharmaceutical Preparations,United States,82529947.0,1.2,73389
TEM,Tempus AI Inc. Class A Common Stock,Technology,Computer Software: Programming Data Processing,United States,15446797667.0,85.08,6288777
TEN,Tsakos Energy Navigation Ltd Common Shares,Consumer Discretionary,Marine Transportation,Greece,1395209295.0,46.31,451651
TEN^E,Tsakos Energy Navigation Ltd Series E Fixed-to-Floating Rate Cumulative Redeemable Perpetual Preferred Shares par value $1.00,Other,,Greece,,25.5899,4693
TEN^F,Tsakos Energy Navigation Ltd Series F Fixed-to-Floating Rate Cumulative Redeemable Perpetual Preferred Shares par value $1.00,Other,,Greece,,26.47,11613
TENB,Tenable Holdings Inc. Common Stock,Technology,Computer Software: Prepackaged Software,United States,3796525214.0,34.47,3488691
TENX,Tenax Therapeutics Inc. Common Stock,Health Care,Biotechnology: Pharmaceutical Preparations,United States,69234246.0,1.85,2209357
TEO,Telecom Argentina SA,Telecommunications,Telecommunications Equipment,Argentina,5203310232.0,12.08,259662
TER,Teradyne Inc. Common Stock,Industrials,Electrical Products,United States,62739542975.0,401.3,2027707
TEVA,Teva Pharmaceutical Industries Limited Ordinary Shares,Health Care,Biotechnology: Pharmaceutical Preparations,Israel,45306711746.0,38.88,4306549
TEX,Terex Corporation Common Stock,Industrials,Construction/Ag Equipment/Trucks,United States,6343650000.0,55.5,1307799
TFC,Truist Financial Corporation Common Stock,Finance,Major Banks,United States,57526377193.0,47.09,6435064
TFC^I,Truist Financial Corporation Depositary Shares,Other,,United States,,18.22,19599
TFC^O,Truist Financial Corporation Depositary Shares Each Representing a 1/1000th Interest in a Share of Series O Non-Cumulative Perpetual Preferred Stock,Other,,United States,,18.7,61964
TFC^R,Truist Financial Corporation Depositary Shares each representing 1/1000th interest in a share of Series R Non-Cumulative Perpetual Preferred Stock,Other,,United States,,16.71,127812
TFII,TFI International Inc. Common Shares,Industrials,Trucking Freight/Courier Services,Canada,10057594093.0,122.37,293299
TFIN,Triumph Financial Inc. Common Stock,Finance,Major Banks,United States,1448725778.0,60.63,208876
TFIN^,Triumph Financial Inc. Depositary Shares Each Representing a 1/40th Interest in a Share of 7.125% Series C Fixed-Rate Non-Cumulative Perpetual Preferred Stock,Other,,United States,,21.8499,8479
TFPM,Triple Flag Precious Metals Corp. Common Shares,Industrials,Precious Metals,Canada,6369598607.0,30.83,497648
TFSL,TFS Financial Corporation Common Stock,Finance,Savings Institutions,United States,4613283320.0,16.45,593705
TFX,Teleflex Incorporated Common Stock,Health Care,Medical/Dental Instruments,United States,5397395930.0,127.38,1578281
TG,Tredegar Corporation Common Stock,Industrials,Metal Fabrications,United States,245657473.0,7.03,166842
TGB,Trekor Metals Limited Common Shares,Basic Materials,Precious Metals,Canada,3221005198.0,8.8,5245444
TGE,The Generation Essentials Group Class A Ordinary Shares,Consumer Discretionary,Newspapers/Magazines,,41146168.0,0.8441,10733
TGEN,Tecogen Inc. Common Stock,Industrials,Industrial Machinery/Components,United States,95393518.0,3.16,124187
TGHL,The GrowHub Limited Class A Ordinary Shares,Technology,EDP Services,Singapore,20113349.0,0.795,59183
TGL,Treasure Global Inc. Common Stock,Consumer Discretionary,Business Services,United States,2912700.0,1.49,1165930
TGLS,Tecnoglass Holdings Inc. Common Stock,Consumer Discretionary,Electronic Components,Colombia,1536346652.0,34.63,446960
TGS,Transportadora de Gas del Sur SA TGS Common Stock,Utilities,Natural Gas Distribution,Argentina,3893280202.0,25.86,178492
TGT,Target Corporation Common Stock,Consumer Discretionary,Department/Specialty Retail Stores,United States,71974231884.0,158.43,3402570
TGTX,TG Therapeutics Inc. Common Stock,Health Care,Biotechnology: Pharmaceutical Preparations,United States,8600950088.0,56.19,1442498
TH,Target Hospitality Corp. Common Stock,Consumer Discretionary,Hotels/Resorts,United States,1922732064.0,19.3,1732207
THC,Tenet Healthcare Corporation Common Stock,Health Care,Hospital/Nursing Management,United States,20768265670.0,257.93,544924
THCH,TH International Limited Ordinary shares,Consumer Discretionary,Restaurants,China,41886913.0,1.26,2092
THEO,BOA Acquisition Corp. II Class A Ordinary Shares,Finance,Blank Checks,United States,0.0,9.89,16
THEOR,BOA Acquisition Corp. II Rights,Finance,Blank Checks,United States,0.0,0.29,113258
THFF,First Financial Corporation Common Stock,Finance,Major Banks,United States,891178686.0,74.94,95544
THG,Hanover Insurance Group Inc,Finance,Property-Casualty Insurers,United States,7575835483.0,217.57,278446
THH,TryHard Holdings Limited Ordinary Shares,Consumer Discretionary,Services-Misc. Amusement & Recreation,Japan,8407770.0,1.68,24900
THM,International Tower Hill Mines Ltd. Ordinary Shares (Canada),Basic Materials,Metal Mining,Canada,672408306.0,2.57,842399
THO,Thor Industries Inc. Common Stock,Industrials,Homebuilding,United States,3684233088.0,71.38,918831
THQ,abrdn Healthcare Opportunities Fund Shares of Beneficial Interest,Finance,Finance Companies,United States,0.0,18.49,179500
THRM,Gentherm Inc Common Stock,Consumer Discretionary,Auto Parts:O.E.M.,United States,1032005704.0,33.61,778264
THRY,Thryv Holdings Inc. Common Stock,Consumer Discretionary,Advertising,United States,71324773.0,1.605,944764
THW,abrdn World Healthcare Fund Shares of Beneficial Interest,Finance,Finance Companies,United States,0.0,13.19,85953
TIC,TIC Solutions Inc. Common Stock,Consumer Discretionary,Business Services,United States,1905063708.0,8.73,1659006
TIGO,Millicom International Cellular S.A. Common Stock,Telecommunications,Telecommunications Equipment,Luxembourg,15041815628.0,89.78,1401606
TIGR,UP Fintech Holding Ltd American Depositary Share representing fifteen Class A Ordinary Shares,Finance,Investment Bankers/Brokers/Service,China,830958074.0,4.65,1779368
TII,Titan Mining Corporation Common Shares,Other,,,264277470.0,2.67,256424
TIL,Instil Bio Inc. Common Stock,Health Care,Biotechnology: Biological Products (No Diagnostic Substances),United States,47745111.0,7.04,11575
TILE,Interface Inc. Common Stock,Consumer Discretionary,Home Furnishings,United States,2032842178.0,35.17,303661
TIMB,TIM S.A. American Depositary Shares (Each representing 5 Common Shares),Telecommunications,Telecommunications Equipment,Brazil,8439420140.0,17.64,338935
TIPT,Tiptree Inc. Common Stock,Finance,Property-Casualty Insurers,United States,641639893.0,17.23,210829
TISI,Team Inc. Common Stock,Consumer Discretionary,Other Consumer Services,United States,130483960.0,28.47,29975
TITN,Titan Machinery Inc. Common Stock,Consumer Discretionary,Other Specialty Stores,United States,552317093.0,23.47,122673
TJGC,TJGC Group Limited Class A Ordinary Shares,Consumer Discretionary,Advertising,Hong Kong,288254656.0,28.54,201820
TJX,TJX Companies Inc. (The) Common Stock,Consumer Discretionary,Clothing/Shoe/Accessory Stores,United States,143271621445.0,130.25,5886867
TK,Teekay Corporation Ltd. Common Stock,Consumer Discretionary,Marine Transportation,Bermuda,1213163877.0,13.98,555519
TKC,Turkcell Iletisim Hizmetleri AS Common Stock,Telecommunications,Telecommunications Equipment,Turkey,4488000000.0,5.1,3743957
TKLF,Tokyo Lifestyle Co. Ltd. American Depositary Shares,Consumer Discretionary,Other Specialty Stores,Japan,6899433.0,1.63,3747
TKNO,Alpha Teknova Inc. Common Stock,Health Care,Biotechnology: In Vitro & In Vivo Diagnostic Substances,United States,493931863.0,9.2,222494
TKO,TKO Group Holdings Inc. Class A Common Stock,Consumer Discretionary,Services-Misc. Amusement & Recreation,United States,34367594487.0,181.58,944633
TKR,Timken Company (The) Common Stock,Industrials,Metal Fabrications,United States,8090405953.0,116.75,914149
TLAC,Three Lions Acquisition Corp. Ordinary Shares,Other,,United States,0.0,9.84,5684
TLACU,Three Lions Acquisition Corp. Units,Other,,United States,0.0,10.16,1532
TLF,Tandy Leather Factory Inc. Common Stock,Consumer Discretionary,Apparel,United States,21217474.0,2.59,5680
TLIH,Ten-League International Holdings Limited Ordinary Shares,Consumer Discretionary,Industrial Specialties,Singapore,16995714.0,5.78,111
TLK,PT Telekomunikasi Indonesia Tbk,Telecommunications,Telecommunications Equipment,Indonesia,13105931256.0,13.23,732311
TLN,Talen Energy Corporation Common Stock,Utilities,Electric Utilities: Central,United States,14541977607.0,303.5,616898
TLNC,Talon Capital Corp. Class A Ordinary Shares,Finance,Blank Checks,United States,0.0,10.24,92
TLPH,Talphera Inc. Common Stock,Health Care,Biotechnology: Pharmaceutical Preparations,United States,61767897.0,1.19,188299
TLRY,Tilray Brands Inc. Common Stock,Health Care, Medicinal Chemicals and Botanical Products ,United States,594084207.0,4.02,3795036
TLS,Telos Corporation Common Stock,Technology,EDP Services,United States,303431363.0,4.06,696812
TLSA,Tiziana Life Sciences Ltd. Common Shares,Health Care,Biotechnology: Pharmaceutical Preparations,United Kingdom,124777578.0,0.9805,389130
TLSI,TriSalus Life Sciences Inc. Common Stock,Health Care,Medical Specialities,United States,270312494.0,4.39,253788
TLSIW,TriSalus Life Sciences Inc. Warrant,Health Care,Medical Specialities,United States,49869269.0,0.8099,4
TLX,Telix Pharmaceuticals Limited American Depositary Shares,Health Care,Biotechnology: Pharmaceutical Preparations,Australia,3936589309.0,11.62,851028
TLYS,Tilly's Inc. Common Stock,Consumer Discretionary,Clothing/Shoe/Accessory Stores,United States,136725075.0,4.47,362790
TM,Toyota Motor Corporation Common Stock,Industrials,Auto Manufacturing,Japan,245428938995.0,188.3,200099
TMC,TMC the metals company Inc. Common Stock,Basic Materials,Metal Mining,Canada,1702782961.0,3.86,3229141
TMCI,Treace Medical Concepts Inc. Common Stock,Health Care,Medical/Dental Instruments,United States,291354793.0,4.48,169567
TMCR,The Metals Royalty Company Inc. Common Stock,Basic Materials,Precious Metals,Canada,311452782.0,4.62,764674
TMDE,TMD Energy Limited Ordinary Shares,Energy,Oil Refining/Marketing,,15788550.0,0.67,35988
TMDX,TransMedics Group Inc. Common Stock,Health Care,Biotechnology: Electromedical & Electrotherapeutic Apparatus,United States,2868674746.0,82.73,422562
TME,Tencent Music Entertainment Group American Depositary Shares each representing two Class A Ordinary Shares,Consumer Discretionary,Broadcasting,United States,13173580665.0,8.37,6285798
TMO,Thermo Fisher Scientific Inc Common Stock,Industrials,Industrial Machinery/Components,United States,250910508280.0,678.6,1905731
TMP,Tompkins Financial Corporation Common Stock,Finance,Major Banks,United States,1405353648.0,97.71,106723
TMQ,Trilogy Metals Inc. Common Stock,Basic Materials,Precious Metals,Canada,545876219.0,3.16,1003411
TMS,Teamshares Inc. Common Stock,Other,,United States,569395789.0,7.73,30491
TMSWW,Teamshares Inc. Warrants,Other,,United States,67767675.0,0.92,19009
TMTS,Spartacus Acquisition Corp. II Class A Ordinary Shares,Other,,United States,0.0,10.025,649
TMUS,T-Mobile US Inc. Common Stock,Telecommunications,Telecommunications Equipment,United States,178546189984.0,166.45,4799984
TMUSI,T-Mobile US Inc. 5.500% Senior Notes due June 2070,Telecommunications,Telecommunications Equipment,United States,0.0,18.98,12889
TMUSL,T-Mobile US Inc. 6.250% Senior Notes due 2069,Telecommunications,Telecommunications Equipment,United States,0.0,21.175,18931
TMUSZ,T-Mobile US Inc. 5.500% Senior Notes due March 2070,Telecommunications,Telecommunications Equipment,United States,0.0,18.96,21970
TNC,Tennant Company Common Stock,Industrials,Industrial Machinery/Components,United States,1162932958.0,68.21,142759
TNDM,Tandem Diabetes Care Inc. Common Stock,Health Care,Medical/Dental Instruments,United States,1142482369.0,16.42,2852619
TNET,TriNet Group Inc. Common Stock,Consumer Discretionary,Business Services,United States,2909901342.0,63.39,311543
TNGX,Tango Therapeutics Inc.,Health Care,Biotechnology: Pharmaceutical Preparations,United States,4097231918.0,24.3,2413612
TNK,Teekay Tankers Ltd.,Consumer Discretionary,Marine Transportation,Bermuda,3315763649.0,95.71,312257
TNL,Travel   Leisure Co. Common  Stock,Consumer Discretionary,Hotels/Resorts,United States,3909114298.0,63.87,708086
TNMG,TNL Mediagene Ordinary Shares,Consumer Discretionary,Advertising,Taiwan,3338915.0,4.39,30721
TNON,Tenon Medical Inc. Common Stock,Health Care,Medical/Dental Instruments,United States,2953173.0,2.86,198404
TNONW,Tenon Medical Inc. Warrant,Health Care,Medical/Dental Instruments,United States,6092.0,0.0059,77478
TNXP,Tonix Pharmaceuticals Holding Corp. Common Stock,Health Care,Biotechnology: Pharmaceutical Preparations,United States,169795138.0,9.9,342739
TNYA,Tenaya Therapeutics Inc. Common Stock,Health Care,Biotechnology: Biological Products (No Diagnostic Substances),United States,132250861.0,0.5898,6083992
TOL,Toll Brothers Inc. Common Stock,Consumer Discretionary,Homebuilding,United States,12578986970.0,136.51,1361556
TOMZ,TOMI Environmental Solutions Inc. Common Stock,Industrials,Major Chemicals,United States,13317890.0,1.36,26473
TONT,Graf Global Corp. Class A ordinary shares,Other,,,0.0,10.9099,1366
TONX,TON Strategy Company Common Stock,Finance,Finance: Consumer Services,United States,219186516.0,3.98,533910
TOON,Kartoon Studios Inc. Common Stock,Consumer Discretionary,Movies/Entertainment,United States,35655393.0,0.5732,221375
TOP,TOP Financial Group Limited Class A Ordinary Shares,Finance,Investment Bankers/Brokers/Service,Hong Kong,1901924412.0,15.13,77671
TOPP,Toppoint Holdings Inc. Common Stock,Industrials,Trucking Freight/Courier Services,,3334500.0,0.135,253213
TOPS,TOP Ships Inc. Common Stock,Consumer Discretionary,Marine Transportation,Greece,3552210.0,0.641,785127
TORO,Toro Corp. Common Shares,Consumer Discretionary,Marine Transportation,Cyprus,181090889.0,5.24,16528
TOST,Toast Inc. Class A Common Stock,Technology,EDP Services,United States,17559640000.0,30.38,8455927
TOUR,Tuniu Corporation American Depositary Shares,Consumer Discretionary,Transportation Services,China,56274261.0,5.18,2145
TOVX,Theriva Biologics Inc. Common Stock,Health Care,Biotechnology: Pharmaceutical Preparations,United States,9935763.0,0.2165,759355
TOWN,TowneBank Common Stock,Finance,Major Banks,United States,2692939440.0,36.09,541748
TOYO,TOYO Co. Ltd Ordinary Shares,Consumer Discretionary,Miscellaneous manufacturing industries,Japan,160710401.0,4.21,690597
TP,Ticketplus Ltd. Ordinary Shares,Consumer Discretionary,Services-Misc. Amusement & Recreation,,95961849.0,7.51,18528
TPB,Turning Point Brands Inc. Common Stock,Consumer Discretionary,Tobacco,United States,1210553910.0,60.38,364308
TPC,Tutor Perini Corporation Common Stock,Consumer Discretionary,General Bldg Contractors - Nonresidential Bldgs,United States,4414754446.0,83.98,396237
TPCS,TechPrecision Corporation Common stock,Industrials,Metal Fabrications,United States,52895622.0,5.22,10688
TPET,Trio Petroleum Corp. Common Stock,Energy,Oil & Gas Production,,9050642.0,1.7,227696
TPG,TPG Inc. Class A Common Stock,Finance,Investment Managers,United States,16435687133.0,43.49,1899919
TPGXL,TPG Operating Group II L.P. 6.950% Fixed-Rate Junior Subordinated Notes due 2064,Other,,United States,7486224903.0,20.52,26295
TPL,Texas Pacific Land Corporation Common Stock,Energy,Oil & Gas Production,United States,23323789056.0,338.15,254200
TPR,Tapestry Inc. Common Stock,Consumer Discretionary,Apparel,United States,22661685376.0,113.45,2500528
TPST,Tempest Therapeutics Inc. Common Stock,Health Care,Biotechnology: Pharmaceutical Preparations,United States,13754470.0,0.8316,259053
TPTS,Terra Property Trust Inc. 7.00% Senior Secured Notes due 2029,Real Estate,Real Estate Investment Trusts,,0.0,14.58,759
TPVG,TriplePoint Venture Growth BDC Corp. Common Stock,Consumer Discretionary,Other Consumer Services,United States,194592476.0,4.78,177010
TR,Tootsie Roll Industries Inc. Common Stock,Consumer Staples,Specialty Foods,United States,2836206861.0,37.78,224475
TRAD,APEX Tech Acquisition Inc. Ordinary Shares,Finance,Investment Bankers/Brokers/Service,,0.0,10.05,1224
TRAK,ReposiTrak Inc. Common Stock,Technology,EDP Services,United States,149023233.0,8.2,72199
TRAW,Traws Pharma Inc. Common Stock,Health Care,Biotechnology: Pharmaceutical Preparations,United States,8898232.0,0.579,175575
TRAX,First Tracks Biotherapeutics Inc. Ordinary Shares,Health Care,Biotechnology: Pharmaceutical Preparations,United States,1309356742.0,36.645,674528
TRBG,TurboGen Ltd. Ordinary Shares,Utilities,Power Generation,Israel,91641564.0,3.6,43487
TRC,Tejon Ranch Co Common Stock,Finance,Real Estate,United States,443421896.0,16.41,83108
TRDA,Entrada Therapeutics Inc. Common Stock,Health Care,Biotechnology: Pharmaceutical Preparations,United States,242186081.0,6.22,442589
TREE,LendingTree Inc. Common Stock,Finance,Finance: Consumer Services,United States,339897772.0,24.21,251789
TREO,Tactical Resources Corp. Common Shares,Basic Materials,Metal Mining,Canada,37160853.0,2.73,39176
TREX,Trex Company Inc. Common Stock,Basic Materials,Forest Products,United States,4526889044.0,44.44,2048412
TRGP,Targa Resources Inc. Common Stock,Utilities,Natural Gas Distribution,United States,59489598156.0,277.43,1030627
TRGS,TRG Latin America Acquisitions Corp. Class A Ordinary Shares,Finance,Blank Checks,United States,0.0,9.96,9
TRI,Thomson Reuters Corporation Common Shares,Consumer Discretionary,Publishing,United States,42163356000.0,97.33,1138250
TRIB,Trinity Biotech plc American Depositary Shares,Health Care,Biotechnology: In Vitro & In Vivo Diagnostic Substances,Ireland,5464247.0,6.72,2438
TRIN,Trinity Capital Inc. Common Stock,Finance,Finance: Consumer Services,United States,1657137545.0,17.5,676558
TRIP,TripAdvisor Inc. Common Stock,Technology,Computer Software: Programming Data Processing,United States,985646466.0,8.41,4348784
TRLV,Trulieve Cannabis Corp. Subordinate Voting Shares,Health Care, Medicinal Chemicals and Botanical Products ,,2376255827.0,12.34,1491572
TRMB,Trimble Inc. Common Stock,Industrials,Industrial Machinery/Components,United States,13410173058.0,57.51,2541714
TRMD,TORM plc Class A Common Stock,Consumer Discretionary,Marine Transportation,United Kingdom,3635890521.0,35.42,1855573
TRMK,Trustmark Corporation Common Stock,Finance,Major Banks,United States,2649179723.0,45.62,328562
TRN,Trinity Industries Inc. Common Stock,Industrials,Railroads,United States,2198877814.0,27.6,1363695
TRNI,Trinity Capital Inc. 7.875% Notes Due 2029,Finance,Finance: Consumer Services,United States,1754338292.0,24.95,39282
TRNO,Terreno Realty Corporation Common Stock,Finance,Real Estate,United States,7254153537.0,66.57,922956
TRNR,Interactive Strength Inc. Common Stock,Technology,Consumer Electronics/Appliances,United States,3903482.0,2.41,3858
TRNS,Transcat Inc. Common Stock,Industrials,Electrical Products,United States,806923869.0,85.95,208393
TRNZ,Trinity Capital Inc. 7.875% Notes due 2029,Finance,Finance: Consumer Services,United States,1759436069.0,25.0225,20582
TRON,Tron Inc. Common Stock,Finance,Finance: Consumer Services,United States,671250621.0,1.415,434877
TROO,TROOPS Inc. Ordinary Shares,Finance,Diversified Financial Services,China,207672282.0,1.7,91494
TROW,T. Rowe Price Group Inc. Common Stock,Finance,Investment Managers,United States,22144318389.0,103.81,1392650
TROX,Tronox Holdings plc Ordinary Shares (UK),Basic Materials,Major Chemicals,United States,634009115.0,3.97,1690403
TRP,TC Energy Corporation Common Stock,Utilities,Natural Gas Distribution,Canada,58680000000.0,58.68,9933057
TRS,TriMas Corporation Common Stock,Industrials,Industrial Specialties,United States,1413789335.0,39.41,392073
TRSG,Tungray Technologies Inc Class A Ordinary Shares,Industrials,Industrial Machinery/Components,Singapore,19951252.0,1.22,1141515
TRST,TrustCo Bank Corp NY Common Stock,Finance,Major Banks,United States,942485409.0,55.35,105268
TRT,Trio-Tech International Common Stock,Technology,Industrial Machinery/Components,Singapore,66669761.0,6.42,794224
TRTN^A,Triton International Limited 8.50% Series A Cumulative Redeemable Perpetual  Preference Shares,Other,,United States,,25.39,3110
TRTN^B,Triton International Limited 8.00% Series B Cumulative Redeemable Perpetual Preference Shares,Other,,United States,,24.51,24777
TRTN^C,Triton International Limited 7.375% Series C Cumulative Redeemable Perpetual Preference Shares,Other,,United States,,22.78,12877
TRTN^D,Triton International Limited 6.875% Series D Cumulative Redeemable Perpetual Preference Shares,Other,,United States,,21.5,7195
TRTN^E,Triton International Limited 5.75% Series E Cumulative Redeemable Perpetual Preference Shares,Other,,United States,,18.0,8979
TRTN^F,Triton International Limited 7.625% Series F Cumulative Redeemable Perpetual Preference Shares,Other,,United States,,23.2901,11607
TRTN^G,Triton International Limited 7.500% Series G Cumulative Redeemable Perpetual Preference Shares,Other,,United States,,23.14,56739
TRTX,TPG RE Finance Trust Inc. Common Stock,Real Estate,Real Estate Investment Trusts,United States,485947827.0,6.33,1856588
TRTX^C,TPG RE Finance Trust Inc. 6.25% Series C Cumulative Redeemable Preferred Stock $0.001 par value per share,Other,,United States,,16.49,5820
TRU,TransUnion Common Stock,Finance,Finance: Consumer Services,United States,12682004000.0,66.19,3205999
TRUG,TruGolf Holdings Inc. Class A Common Stock,Consumer Discretionary,Recreational Games/Products/Toys,United States,3212223.0,0.2658,3079886
TRUP,Trupanion Inc. Common Stock,Health Care,Medical Specialities,United States,1020915658.0,23.27,451890
TRV,The Travelers Companies Inc. Common Stock,Finance,Property-Casualty Insurers,United States,75746104990.0,363.16,835497
TRVG,trivago N.V. American Depositary Shares,Technology,EDP Services,Germany,393351584.0,5.57,70986
TRVI,Trevi Therapeutics Inc. Common Stock,Health Care,Biotechnology: Pharmaceutical Preparations,United States,2051652110.0,14.4,1613740
TRX,TRX Gold Corporation Common Stock,Basic Materials,Precious Metals,Canada,399518291.0,1.22,3428086
TS,Tenaris S.A. American Depositary Shares,Industrials,Steel/Iron Ore,Luxembourg,29712752576.0,56.12,1232278
TSAT,Telesat Corporation Class A Common Shares and Class B Variable Voting Shares,Industrials,Metal Fabrications,Canada,1713527999.0,47.39,116699
TSBK,Timberland Bancorp Inc. Common Stock,Finance,Banks,United States,350060573.0,45.02,23336
TSCO,Tractor Supply Company Common Stock,Consumer Discretionary,RETAIL: Building Materials,United States,16709757194.0,32.07,11124331
TSEM,Tower Semiconductor Ltd. Ordinary Shares,Technology,Semiconductors,Israel,25549527240.0,226.04,1832153
TSHA,Taysha Gene Therapies Inc. Common Stock,Health Care,Biotechnology: Biological Products (No Diagnostic Substances),United States,1625909390.0,4.99,6262482
TSI,TCW Strategic Income Fund Inc. Common Stock,Finance,Investment Managers,United States,0.0,4.27,336971
TSLA,Tesla Inc. Common Stock,Industrials,Auto Manufacturing,United States,1411765715985.0,357.45,39454004
TSLX,Sixth Street Specialty Lending Inc. Common Stock,Finance,Investment Managers,,1726664247.0,18.11,276508
TSM,Taiwan Semiconductor Manufacturing Company Ltd.,Technology,Semiconductors,Taiwan,2348864340924.0,452.88,7874529
TSN,Tyson Foods Inc. Common Stock,Consumer Staples,Meat/Poultry/Fish,United States,17924287036.0,50.95,2537298
TSQ,Townsquare Media Inc. Class A Common Stock,Consumer Discretionary,Broadcasting,United States,84047856.0,4.61,158221
TSSI,TSS Inc. Common Stock,Consumer Discretionary,Professional Services,United States,274289360.0,9.72,1027807
TT,Trane Technologies plc,Industrials,Auto Parts:O.E.M.,Ireland,99463677395.0,452.06,1377214
TTAM,Titan America SA Common Shares,Industrials,Mining & Quarrying of Nonmetallic Minerals (No Fuels),United States,2536827518.0,13.76,176930
TTAN,ServiceTitan Inc. Class A Common Stock,Technology,Computer Software: Prepackaged Software,United States,5780356748.0,59.92,2091078
TTC,Toro Company (The) Common Stock,Consumer Discretionary,Tools/Hardware,United States,9188974102.0,97.07,592393
TTD,The Trade Desk Inc. Class A Common Stock,Technology,Computer Software: Programming Data Processing,United States,5834291583.0,12.34,23073504
TTE,TotalEnergies SE Ordinary Shares,Energy,Oil & Gas Production,France,197109395373.0,90.34,2129413
TTEC,TTEC Holdings Inc. Common Stock,Consumer Discretionary,Professional Services,United States,60634006.0,1.23,500638
TTEK,Tetra Tech Inc. Common Stock,Consumer Discretionary,Military/Government/Technical,United States,8677345665.0,33.89,1932649
TTGT,TechTarget Inc. Common Stock,Telecommunications,Telecommunications Equipment,United States,273417455.0,3.78,345532
TTI,Tetra Technologies Inc. Common Stock,Energy,Oil & Gas Production,United States,875110124.0,5.91,1492935
TTMI,TTM Technologies Inc. Common Stock,Technology,Electrical Products,United States,13083275420.0,124.19,1831545
TTRX,Turn Therapeutics Inc. Common Stock,Health Care,Biotechnology: Pharmaceutical Preparations,United States,388436042.0,13.04,76739
TTWO,Take-Two Interactive Software Inc. Common Stock,Technology,Computer Software: Prepackaged Software,United States,37835492641.0,202.35,2074695
TU,Telus Corporation Ordinary Shares,Telecommunications,Telecommunications Equipment,Canada,13284040000.0,8.36,7497387
TULP,Bloomia Holdings Inc. Common Stock,Consumer Staples,Farming/Seeds/Milling,United States,14009799.0,2.9,3105
TURB,Turbo Energy S.A. American Depositary Shares,Miscellaneous,Industrial Machinery/Components,Spain,12497826.0,1.04,158659
TUSK,Mammoth Energy Services Inc. Common Stock,Energy,Oilfield Services/Equipment,United States,140051272.0,2.91,41838
TUYA,Tuya Inc. American Depositary Shares each representing one Class A Ordinary Share,Technology,Computer Software: Prepackaged Software,China,1054852099.0,1.72,230839
TV,Grupo Televisa S.A.B. Common Stock,Industrials,Broadcasting,Mexico,1444162824.0,2.34,856478
TVA,Texas Ventures Acquisition III Corp Class A Ordinary Share,Other,,United States,0.0,10.57,17306
TVACW,Texas Ventures Acquisition III Corp Warrants,Other,,United States,0.0,0.21,11714
TVAI,Thayer Ventures Acquisition Corporation II Class A Ordinary Shares,Other,,United States,0.0,10.4,59
TVC,Tennessee Valley Authority Common Stock,Utilities,Electric Utilities: Central,United States,0.0,23.7,14763
TVE,Tennessee Valley Authority,Utilities,Electric Utilities: Central,United States,0.0,23.12,1823
TVGN,Tevogen Inc. Common Stock,Health Care,Biotechnology: Biological Products (No Diagnostic Substances),United States,44018010.0,6.76,15637
TVGNW,Tevogen Inc. Warrant,Health Care,Biotechnology: Biological Products (No Diagnostic Substances),United States,391344.0,0.0601,306416
TVIV,Texas Ventures Acquisition IV Corp Class A Ordinary Shares,Other,,United States,0.0,9.95,876
TVIVU,Texas Ventures Acquisition IV Corp Units,Other,,United States,0.0,10.05,482
TVRD,Tvardi Therapeutics Inc. Common Stock,Health Care,Biotechnology: Pharmaceutical Preparations,United States,17740794.0,1.33,351452
TVTX,Travere Therapeutics Inc. Common Stock,Health Care,Biotechnology: Pharmaceutical Preparations,United States,5803654819.0,61.57,1235104
TW,Tradeweb Markets Inc. Class A Common Stock,Finance,Investment Bankers/Brokers/Service,United States,23583027962.0,100.77,1368767
TWAV,TaoWeave Inc. Common Stock,Technology,Computer Software: Programming Data Processing,United States,6126006.0,1.58,100311
TWFG,TWFG Inc. Class A Common Stock,Finance,Specialty Insurers,United States,1305891343.0,24.16,69107
TWG,Top Wealth Group Holding Limited Class A Ordinary Shares,Consumer Staples,Packaged Foods,France,8382939.0,0.1336,8528633
TWI,Titan International Inc. (DE) Common Stock,Industrials,Steel/Iron Ore,United States,451796464.0,7.0,867457
TWIN,Twin Disc Incorporated Common Stock,Industrials,Industrial Machinery/Components,United States,384699717.0,26.46,84624
TWLO,Twilio Inc. Class A Common Stock,Technology,Computer Software: Prepackaged Software,United States,44073016636.0,286.98,2730694
TWLV,Twelve Seas Investment Company III Class A Ordinary Shares,Finance,Blank Checks,United States,0.0,10.06,609
TWLVR,Twelve Seas Investment Company III Rights,Finance,Blank Checks,United States,0.0,0.1196,266
TWN,Taiwan Fund Inc. (The) Common Stock,Finance,Trusts Except Educational Religious and Charitable,United States,0.0,102.1,38426
TWOD,Two Harbors Investments Corp 9.375% Senior Notes due 2030,Real Estate,Real Estate Investment Trusts,United States,0.0,26.3,19180
TWST,Twist Bioscience Corporation Common Stock,Health Care,Biotechnology: Biological Products (No Diagnostic Substances),United States,11907690850.0,179.6,2197856
TX,Ternium S.A. Ternium S.A. American Depositary Shares (each representing ten shares USD1.00 par value),Industrials,Steel/Iron Ore,Luxembourg,10692879221.0,54.47,266688
TXG,10x Genomics Inc. Class A Common Stock,Industrials,Biotechnology: Laboratory Analytical Instruments,United States,11530768368.0,88.5,3371472
TXMD,TherapeuticsMD Inc. Common Stock,Health Care,Biotechnology: Pharmaceutical Preparations,United States,24190417.0,2.09,12129
TXN,Texas Instruments Incorporated Common Stock,Technology,Semiconductors,United States,254165963491.0,278.31,4933166
TXNM,TXNM Energy Inc. Common Stock,Utilities,Electric Utilities: Central,United States,6417027860.0,58.27,1994736
TXO,TXO Partners L.P. Common Units Representing Limited Partner Interests,Energy,Oil & Gas Production,United States,791220228.0,14.27,117120
TXRH,Texas Roadhouse Inc. Common Stock,Consumer Discretionary,Restaurants,United States,10400804725.0,158.45,1668736
TXT,Textron Inc. Common Stock,Industrials,Aerospace,United States,13306627768.0,77.37,1979625
TY,Tri Continental Corporation Common Stock,Finance,Finance Companies,United States,1868585145.0,34.38,40423
TY^,Tri Continental Corporation Preferred Stock,Other,,United States,,39.5,3017
TYG,Tortoise Energy Infrastructure Corporation Common Stock,Finance,Investment Managers,United States,458270033.0,38.42,252880
TYGO,Tigo Energy Inc. Common Stock,Technology,Semiconductors,United States,62954443.0,0.82,1235300
TYL,Tyler Technologies Inc. Common Stock,Technology,Computer Software: Prepackaged Software,United States,13269355821.0,324.02,603961
TYRA,Tyra Biosciences Inc. Common Stock,Health Care,Biotechnology: Pharmaceutical Preparations,United States,1474814892.0,21.45,824599
TZOO,Travelzoo Common Stock,Consumer Discretionary,Advertising,United States,56214877.0,5.51,38428
U,Unity Software Inc. Common Stock,Technology,Computer Software: Prepackaged Software,United States,17541944869.0,39.86,10282545
UA,Under Armour Inc. Class C Common Stock,Consumer Discretionary,Apparel,United States,1821273094.0,4.24,3872211
UAA,Under Armour Inc. Class A Common Stock,Consumer Discretionary,Apparel,United States,1838454915.0,4.28,12694809
UAC,United Acquisition Corp. I Class A Ordinary Shares,Finance,Blank Checks,,0.0,10.0,5045
UAL,United Airlines Holdings Inc. Common Stock,Consumer Discretionary,Air Freight/Delivery Services,United States,36194336416.0,111.51,3999195
UAMY,United States Antimony Corporation Common Stock,Industrials,Metal Fabrications,United States,637591576.0,4.26,4648121
UAN,CVR Partners LP Common Units representing Limited Partner Interests,Industrials,Agricultural Chemicals,United States,1306195740.0,123.58,19441
UAVS,AgEagle Aerial Systems Inc. Common Stock,Industrials,Aerospace,United States,60892723.0,0.968,468698
UBCP,United Bancorp Inc. Common Stock,Finance,Major Banks,United States,84598891.0,14.75,6192
UBER,Uber Technologies Inc. Common Stock,Consumer Discretionary,Business Services,United States,139220897847.0,68.16,16746686
UBS,UBS Group AG Registered Ordinary Shares,Finance,Major Banks,Switzerland,150889022293.0,48.62,2113686
UBSI,United Bankshares Inc. Common Stock,Finance,Major Banks,United States,6363851317.0,46.72,953015
UCAR,U Power Limited Class A Ordinary Shares,Miscellaneous,Industrial Machinery/Components,China,7682642.0,4.3284,11391
UCB,United Community Banks Inc. Common Stock,Finance,Major Banks,United States,4098361347.0,33.99,1085176
UCL,uCloudlink Group Inc. American Depositary Shares,Consumer Discretionary,Telecommunications Equipment,Hong Kong,13320860.0,0.3497,322544
UCTT,Ultra Clean Holdings Inc. Common Stock,Technology,Semiconductors,United States,3534777654.0,78.07,606856
UDR,UDR Inc. Common Stock,Real Estate,Real Estate Investment Trusts,United States,10868368630.0,33.83,3989317
UE,Urban Edge Properties Common Shares of Beneficial Interest,Finance,Real Estate,United States,2513527318.0,19.91,873639
UEC,Uranium Energy Corp. Common Stock,Basic Materials,Other Metals and Minerals,Canada,4557774491.0,9.21,9323621
UEIC,Universal Electronics Inc. Common Stock,Consumer Staples,Consumer Electronics/Appliances,United States,67904277.0,5.27,40024
UFCS,United Fire Group Inc. Common Stock,Finance,Property-Casualty Insurers,United States,1371128116.0,53.34,113899
UFG,Uni-Fuels Holdings Limited Class A Ordinary Shares,Energy,Oil Refining/Marketing,Singapore,15560475.0,0.4793,119612
UFI,Unifi Inc. New Common Stock,Consumer Discretionary,Textiles,United States,123987543.0,6.67,111593
UFPI,UFP Industries Inc. Common Stock,Basic Materials,Forest Products,United States,4380925615.0,79.42,415652
UFPT,UFP Technologies Inc. Common Stock,Health Care,Medical/Dental Instruments,United States,2317695284.0,299.22,104974
UG,United-Guardian Inc. Common Stock,Consumer Discretionary,Package Goods/Cosmetics,United States,32621503.0,7.1004,5347
UGI,UGI Corporation Common Stock,Utilities,Natural Gas Distribution,United States,7773297604.0,36.24,1396305
UGP,Ultrapar Participacoes S.A. (New) American Depositary Shares (Each representing one Common Share),Utilities,Oil/Gas Transmission,Brazil,7934336669.0,7.13,3858351
UHAL,U-Haul Holding Company Common Stock,Consumer Discretionary,Rental/Leasing Companies,United States,11803573016.0,60.72,131720
UHS,Universal Health Services Inc. Common Stock,Health Care,Hospital/Nursing Management,United States,10460052682.0,177.48,765319
UHT,Universal Health Realty Income Trust Common Stock,Real Estate,Real Estate Investment Trusts,United States,539129952.0,38.79,106113
UI,Ubiquiti Inc. Common Stock,Technology,Radio And Television Broadcasting And Communications Equipment,United States,33494590194.0,553.37,94930
UIS,Unisys Corporation New Common Stock,Technology,EDP Services,United States,163331739.0,2.24,822405
UK,Ucommune International Ltd Class A Ordinary Shares,Consumer Discretionary,Business Services,United States,1376241.0,2.03,32909
UL,Unilever PLC American Depositary Shares (each representing One Ordinary Share),Consumer Discretionary,Package Goods/Cosmetics,United Kingdom,134710088820.0,62.53,2820484
ULBI,Ultralife Corporation Common Stock,Miscellaneous,Industrial Machinery/Components,United States,100812777.0,6.05,17794
ULCC,Frontier Group Holdings Inc. Common Stock,Consumer Discretionary,Air Freight/Delivery Services,United States,1399711888.0,6.08,2717812
ULH,Universal Logistics Holdings Inc. Common Stock,Industrials,Trucking Freight/Courier Services,United States,458799807.0,17.4,76522
ULS,UL Solutions Inc. Class A Common Stock,Health Care,Precision Instruments,United States,13083001610.0,64.8,1071456
ULTA,Ulta Beauty Inc. Common Stock,Consumer Discretionary,Other Specialty Stores,United States,23479410050.0,549.13,416364
UMAC,Unusual Machines Inc. Common Stock,Technology,Radio And Television Broadcasting And Communications Equipment,United States,1196957860.0,23.96,1971736
UMBF,UMB Financial Corporation Common Stock,Finance,Major Banks,United States,10133253003.0,133.42,590139
UMBFO,UMB Financial Corporation Depositary Shares Each Representing a 1/400th Interest in a Share of 7.750% Fixed-Rate Reset Non-Cumulative Perpetual Preferred Stock Series B,Finance,Major Banks,United States,1967865277.0,25.91,12344
UMC,United Microelectronics Corporation (NEW) Common Stock,Technology,Semiconductors,Taiwan,60045505766.0,23.85,7092186
UMH,UMH Properties Inc. Common Stock,Real Estate,Real Estate Investment Trusts,United States,1327746080.0,15.55,792694
UMH^D,UMH Properties Inc. 6.375% Series D Cumulative Redeemable Preferred Stock Liquidation Preference $25 per share,Other,,United States,,20.65,17601
UNB,Union Bankshares Inc. Common Stock,Finance,Major Banks,United States,114447386.0,23.14,5366
UNCY,Unicycive Therapeutics Inc. Common Stock,Health Care,Biotechnology: Pharmaceutical Preparations,United States,129248392.0,4.64,601487
UNF,Unifirst Corporation Common Stock,Consumer Discretionary,Other Consumer Services,United States,4691757843.0,259.44,395650
UNFI,United Natural Foods Inc. Common Stock,Consumer Discretionary,Food Distributors,United States,2759506593.0,45.75,832194
UNH,UnitedHealth Group Incorporated Common Stock (DE),Health Care,Medical Specialities,United States,339138261042.0,377.83,4677136
UNIT,Uniti Group Inc. Common Stock,Real Estate,Real Estate Investment Trusts,United States,2099572418.0,8.65,4202322
UNM,Unum Group Common Stock,Finance,Accident &Health Insurance,United States,14424915434.0,91.12,1347290
UNMA,Unum Group 6.250% Junior Subordinated Notes due 2058,Finance,Accident &Health Insurance,United States,3656625263.0,21.47,23861
UNP,Union Pacific Corporation Common Stock,Industrials,Railroads,United States,162836094002.0,274.1,2435707
UNTY,Unity Bancorp Inc. Common Stock,Finance,Major Banks,United States,561681388.0,55.93,40155
UONE,Urban One Inc. Class A Common Stock,Consumer Discretionary,Broadcasting,United States,19428998.0,4.21,8481
UONEK,Urban One Inc. Class D Common Stock,Consumer Discretionary,Broadcasting,United States,16106224.0,3.49,12362
UP,Wheels Up Experience Inc. Class A Common Stock,Consumer Discretionary,Transportation Services,Singapore,129867511.0,3.58,62222
UPB,Upstream Bio Inc. Common Stock,Health Care,Biotechnology: Pharmaceutical Preparations,United States,290286517.0,5.3,615413
UPBD,Upbound Group Inc. Common Stock,Consumer Discretionary,Diversified Commercial Services,United States,920547605.0,15.79,1132752
UPC,Universe Pharmaceuticals Inc. Class A Ordinary Shares,Health Care,Biotechnology: Pharmaceutical Preparations,China,24117072.0,4.8,28301
UPLD,Upland Software Inc. Common Stock,Technology,Computer Software: Prepackaged Software,United States,9729158.0,3.29,50034
UPS,United Parcel Service Inc. Common Stock,Industrials,Trucking Freight/Courier Services,United States,80186164104.0,94.25,4796854
UPST,Upstart Holdings Inc. Common stock,Finance,Finance: Consumer Services,United States,2241119449.0,23.03,5010205
UPWK,Upwork Inc. Common Stock,Technology,EDP Services,United States,1007970156.0,8.07,3471811
UPXI,Upexi Inc. Common Stock,Finance,Finance: Consumer Services,United States,97701944.0,1.19,3696159
URBN,Urban Outfitters Inc. Common Stock,Consumer Discretionary,Clothing/Shoe/Accessory Stores,United States,6462204055.0,75.44,916262
URG,Ur Energy Inc Common Shares (Canada),Basic Materials,Precious Metals,Canada,445607366.0,1.12,6980385
URGN,UroGen Pharma Ltd. Ordinary Shares,Health Care,Biotechnology: Pharmaceutical Preparations,Israel,1999215068.0,40.9,1165670
URI,United Rentals Inc. Common Stock,Consumer Discretionary,Diversified Commercial Services,United States,64976179117.0,1043.92,451924
UROY,Uranium Royalty Corp. Common Stock,Finance,Investment Bankers/Brokers/Service,Canada,1508842492.0,4.0,2285894
USA,Liberty All-Star Equity Fund Common Stock,Finance,Finance Companies,United States,0.0,5.83,1147316
USAC,USA Compression Partners LP Common Units Representing Limited Partner Interests,Utilities,Natural Gas Distribution,United States,3671414929.0,25.33,309903
USAR,USA Rare Earth Inc. Class A Common Stock,Basic Materials,Metal Mining,United States,5406728713.0,14.415,13698899
USAS,Americas Gold and Silver Corporation Common Shares no par value,Basic Materials,Metal Mining,Canada,1521709263.0,4.5,4090538
USAU,U.S. Gold Corp. Common Stock,Basic Materials,Metal Mining,United States,244624212.0,14.8,175606
USB,U.S. Bancorp Common Stock,Finance,Major Banks,United States,91582263996.0,58.78,5759849
USB^A,U.S. Bancorp Depositary Shares Each representing a 1/100th interest in a share of Series A Non-CumulativePerpetual Pfd Stock,Other,,United States,,775.0,528
USB^H,U.S. Bancorp Depositary Shares repstg 1/1000th Pfd Ser B,Other,,United States,,18.65,50560
USB^P,U.S. Bancorp Depositary Shares each representing a 1/1000th interest in a share of Series K Non-Cumulative Perpetual Preferred Stock,Other,,United States,,20.52,87151
USB^Q,U.S. Bancorp Depositary Shares Each Representing a 1/1000th Interest in a Share of Series L Non-Cumulative Perpetual Preferred Stock,Other,,United States,,13.96,52543
USB^R,U.S. Bancorp Depositary Shares Each Representing a 1/1000th Interest in a Share of Series M Non-Cumulative Perpetual Preferred Stock,Other,,United States,,14.79,147665
USB^S,U.S. Bancorp Depositary Shares each representing a 1/1000th interest in a share of Series O Non-Cumulative Perpetual Preferred Stock,Other,,United States,,16.48,61911
USBC,USBC Inc. Common Stock,Finance,Finance: Consumer Services,United States,204552114.0,0.527,214946
USCB,USCB Financial Holdings Inc. Class A Common Stock,Finance,Major Banks,United States,418446746.0,22.65,61364
USDE,StablecoinX Inc. Class A Common Stock,Finance,Finance: Consumer Services,United States,423031727.0,15.56,4080010
USDEW,StablecoinX Inc. Warrants,Finance,Finance: Consumer Services,United States,131585704.0,4.84,356558
USEA,United Maritime Corporation Common Stock,Consumer Discretionary,Marine Transportation,Greece,24703780.0,2.59,232649
USFD,US Foods Holding Corp. Common Stock,Consumer Discretionary,Food Distributors,United States,20274515360.0,93.72,2600144
USGO,U.S. GoldMining Inc. Common stock,Basic Materials,Precious Metals,United States,97127293.0,6.92,112256
USIO,Usio Inc. Common Stock,Finance,Investment Bankers/Brokers/Service,United States,66964223.0,2.35,123606
USLM,United States Lime & Minerals Inc. Common Stock,Industrials,Mining & Quarrying of Nonmetallic Minerals (No Fuels),United States,3193588569.0,111.32,97609
USNA,USANA Health Sciences Inc. Common Stock,Health Care, Medicinal Chemicals and Botanical Products ,United States,273822234.0,14.82,157411
USPH,U.S. Physical Therapy Inc. Common Stock,Health Care,Medical/Nursing Services,United States,1284695071.0,86.09,196545
UTF,Cohen & Steers Infrastructure Fund Inc Common Stock,Finance,Finance Companies,United States,0.0,23.9,548689
UTG,Reaves Utility Income Fund Common Shares of Beneficial Interest,Finance,Investment Managers,United States,0.0,33.9,883104
UTHR,United Therapeutics Corporation Common Stock,Health Care,Biotechnology: Pharmaceutical Preparations,United States,20825146594.0,485.54,628643
UTI,Universal Technical Institute Inc Common Stock,Real Estate,Other Consumer Services,United States,1017608917.0,18.47,2569668
UTL,UNITIL Corporation Common Stock,Utilities,Power Generation,United States,918216536.0,50.35,116596
UTMD,Utah Medical Products Inc. Common Stock,Health Care,Medical/Dental Instruments,United States,237162603.0,74.49,31387
UTSI,UTStarcom Holdings Corp. Ordinary Shares,Telecommunications,Telecommunications Equipment,China,22358629.0,2.355,3271
UTZ,Utz Brands Inc Class A Common Stock,Consumer Staples,Packaged Foods,United States,2051461535.0,14.25,791082
UUU,Universal Safety Products Inc. Common Stock,Technology,Electronic Components,United States,14778899.0,4.88,5491
UUUU,Energy Fuels Inc Ordinary Shares (Canada),Industrials,Mining & Quarrying of Nonmetallic Minerals (No Fuels),Canada,2756033010.0,11.03,6020905
UVE,UNIVERSAL INSURANCE HOLDINGS INC Common Stock,Finance,Property-Casualty Insurers,United States,1177224017.0,42.3,110374
UVSP,Univest Financial Corporation Common Stock,Finance,Major Banks,United States,1147359949.0,41.6,184492
UVV,Universal Corporation Common Stock,Industrials,Farming/Seeds/Milling,United States,1042531891.0,41.87,423876
UWMC,UWM Holdings Corporation Class A Common Stock,Finance,Finance: Consumer Services,United States,2008144569.0,1.25,11337521
UXIN,Uxin Limited ADS,Consumer Discretionary,Business Services,China,296973352.0,1.35,237161
UYSC,UY Scuti Acquisition Corp. Ordinary Shares,Finance,Blank Checks,United States,0.0,11.0,9
UYSCR,UY Scuti Acquisition Corp. Rights,Finance,Blank Checks,United States,0.0,0.1099,600
UZD,Array Digital Infrastructure Inc. 6.250% Senior Notes due 2069,Telecommunications,Telecommunications Equipment,United States,1541971400.0,17.9299,11973
UZE,Array Digital Infrastructure Inc. 5.500% Senior Notes due 2070,Telecommunications,Telecommunications Equipment,United States,1372560000.0,15.96,14570
UZF,Array Digital Infrastructure Inc. 5.500% Senior Notes due 2070,Telecommunications,Telecommunications Equipment,United States,1387188600.0,16.1301,4436
UZX,Linkage Global Inc. Class A Ordinary Shares,Consumer Discretionary,Catalog/Specialty Distribution,Japan,4570608.0,1.37,63442
V,Visa Inc.,Consumer Discretionary,Business Services,United States,657061366442.0,367.74,6381170
VABK,Virginia National Bankshares Corporation Common Stock,Finance,Major Banks,United States,265350543.0,48.91,11323
VAC,Marriott Vacations Worldwide Corporation Common Stock,Finance,Real Estate,United States,3596374659.0,104.56,333688
VACI,Viking Acquisition Corp. I Class A Ordinary Shares,Telecommunications,Telecommunications Equipment,,0.0,6.26,14356
VAI,Valor Energy Incorporated Common Stock,Consumer Discretionary,Rental/Leasing Companies,China,29988427.0,2.06,26538
VAL,Valaris Limited Common Shares,Energy,Oil & Gas Production,United States,5528478953.0,79.62,1317360
VALE,VALE S.A.  American Depositary Shares Each Representing one common share,Basic Materials,Metal Mining,Brazil,58022700057.0,13.59,23178321
VALN,Valneva SE American Depositary Shares,Health Care,Biotechnology: Biological Products (No Diagnostic Substances),France,613909955.0,6.47,21576
VALU,Value Line Inc. Common Stock,Finance,Investment Managers,United States,373266769.0,39.785,1592
VANI,Vivani Medical Inc. Common Stock (DE),Health Care,Biotechnology: Electromedical & Electrotherapeutic Apparatus,United States,112754195.0,1.25,107110
VATE,INNOVATE Corp. Common Stock,Industrials,Metal Fabrications,United States,100949808.0,7.4,105095
VBF,Invesco Bond Fund Common Stock,Finance,Trusts Except Educational Religious and Charitable,United States,0.0,14.2,38483
VBIO,Valion Bio Inc. Common Stock,Health Care,Biotechnology: Electromedical & Electrotherapeutic Apparatus,United States,3471188.0,2.7,220662
VBNK,VersaBank Common Shares,Finance,Commercial Banks,Canada,731050231.0,22.55,176372
VC,Visteon Corporation Common Stock,Consumer Discretionary,Auto Parts:O.E.M.,United States,2321167552.0,86.95,756697
VCEL,Vericel Corporation Common Stock,Health Care,Biotechnology: Biological Products (No Diagnostic Substances),United States,2060554147.0,40.24,643129
VCIG,VCI Global Limited Ordinary Share,Consumer Discretionary,Diversified Commercial Services,Malaysia,2058056.0,1.625,23771
VCRE,Vicore Pharma Holding AB American Depositary Shares,Health Care,Biotechnology: Pharmaceutical Preparations,Sweden,2699830437.0,9.59,27512
VCTR,Victory Capital Holdings Inc. Class A Common Stock,Finance,Investment Managers,United States,6741449091.0,109.6,376087
VCV,Invesco California Value Municipal Income Trust Common Stock,Finance,Trusts Except Educational Religious and Charitable,United States,427662388.0,8.93,463477
VCX,Fundrise Innovation Fund LLC Common Shares of Limited Liability Company Interests,Other,,,0.0,28.17,642752
VCYT,Veracyte Inc. Common Stock,Health Care,Medical Specialities,United States,3636072763.0,45.23,1696672
VECA,Vernal Capital Acquisition Corp. Ordinary Shares,Finance,Blank Checks,,0.0,10.02,7
VECO,Veeco Instruments Inc. Common Stock,Technology,Industrial Machinery/Components,United States,2999631435.0,49.07,1297102
VEEA,Veea Inc. Common Stock,Technology,EDP Services,United States,8896625.0,2.86,172077
VEEAW,Veea Inc. Warrant,Technology,EDP Services,United States,73102.0,0.0235,10126
VEEE,Twin Vee PowerCats Co. Common Stock,Industrials,Marine Transportation,United States,7999354.0,13.69,27087
VEEV,Veeva Systems Inc. Class A Common Stock,Technology,Computer Software: Prepackaged Software,United States,45328001646.0,279.96,1377022
VEL,Velocity Financial Inc. Common Stock,Finance,Finance: Consumer Services,United States,600118146.0,15.2,200770
VELO,Velo3D Inc. Common stock,Technology,Industrial Machinery/Components,United States,352675824.0,10.97,786606
VENU,Venu Holding Corporation Common Stock,Consumer Discretionary,Services-Misc. Amusement & Recreation,United States,84183155.0,1.43,352199
VEON,VEON Ltd. ADS,Telecommunications,Telecommunications Equipment,Netherlands,4779655545.0,69.41,114676
VERA,Vera Therapeutics Inc. Class A Common Stock,Health Care,Biotechnology: Pharmaceutical Preparations,United States,2342058388.0,32.5,1464671
VERI,Veritone Inc. Common Stock,Technology,EDP Services,United States,128585047.0,1.28,1868081
VERU,Veru Inc. Common Stock,Health Care,Biotechnology: Pharmaceutical Preparations,United States,43052058.0,2.525,101395
VERX,Vertex Inc. Class A Common Stock,Technology,Computer Software: Prepackaged Software,United States,1794130859.0,11.06,1529278
VET,Vermilion Energy Inc. Common (Canada),Energy,Oil & Gas Production,Canada,1764864000.0,11.52,997071
VFC,V.F. Corporation Common Stock,Industrials,Garments and Clothing,United States,5669000499.0,14.42,12662293
VFF,Village Farms International Inc. Common Shares,Consumer Staples,Farming/Seeds/Milling,Canada,383978973.0,3.14,633873
VFS,VinFast Auto Ltd. Ordinary Shares,Industrials,Auto Manufacturing,Singapore,7346143071.0,3.14,278920
VFSWW,VinFast Auto Ltd. Warrant,Industrials,Auto Manufacturing,Singapore,551428638.0,0.2357,956
VG,Venture Global Inc. Class A common stock,Utilities,Oil/Gas Transmission,United States,32226196849.0,12.89,13306841
VGAS,Verde Clean Fuels Inc. Class A Common Stock,Industrials,Major Chemicals,United States,50786568.0,1.14,12220
VGASW,Verde Clean Fuels Inc. Warrant,Industrials,Major Chemicals,United States,980092.0,0.022,3589
VGI,Virtus Global Multi-Sector Income Fund Common Shares of Beneficial Interest,Finance,Investment Managers,United States,0.0,6.67,94882
VGM,Invesco Trust for Investment Grade Municipals Common Stock (DE),Finance,Trusts Except Educational Religious and Charitable,United States,472902761.0,8.72,1044316
VGNT,Versigent PLC Ordinary Shares,Consumer Discretionary,Auto Parts:O.E.M.,United Kingdom,3215921031.0,45.4,690044
VGZ,Vista Gold Corp Common Stock,Basic Materials,Precious Metals,United States,392662921.0,2.69,1836766
VHC,VirnetX Holding Corp Common Stock,Miscellaneous,Multi-Sector Companies,United States,43136156.0,10.23,18666
VHCP,Vine Hill Capital Investment Corp. II Class A Ordinary Shares,Other,,United States,0.0,10.06,29
VHI,Valhi Inc. Common Stock,Basic Materials,Major Chemicals,United States,439261703.0,15.51,15659
VHUB,VenHub Global Inc. Common Stock,Technology,Industrial Machinery/Components,United States,54559600.0,0.56,101783
VIA,Via Transportation Inc. Class A Common Stock,Technology,Computer Software: Prepackaged Software,United States,2371813338.0,29.1,641016
VIAV,Viavi Solutions Inc. Common Stock,Technology,Semiconductors,United States,10084665470.0,40.87,6717609
VICI,VICI Properties Inc. Common Stock,Real Estate,Real Estate Investment Trusts,United States,25533988663.0,23.19,10689837
VICR,Vicor Corporation Common Stock,Technology,Industrial Machinery/Components,United States,13145029293.0,285.1,700411
VIDA,VIDA Global Inc. Class A Common Stock,Technology,Computer Software: Prepackaged Software,,23916008.0,1.64,51681
VII,Viking Acquisition Corp. II Class A Ordinary Shares,Other,,,0.0,9.84,2250
VIK,Viking Holdings Ltd Ordinary Shares,Consumer Discretionary,Marine Transportation,United States,35350832893.0,79.3,5454076
VINP,Vinci Compass Investments Ltd. Class A Common Shares,Finance,Investment Managers,Brazil,607771290.0,9.29,35763
VIOT,Viomi Technology Co. Ltd American Depositary Shares,Consumer Discretionary,Consumer Electronics/Appliances,China,107041551.0,1.59,769418
VIP,Vulcan Infrastructure and Power Inc. Class A Common Stock,Finance,Finance: Consumer Services,United States,29672142.0,1.61,123285
VIPS,Vipshop Holdings Limited American Depositary Shares each representing two ordinary shares,Consumer Discretionary,Catalog/Specialty Distribution,China,5988973634.0,12.47,2312884
VIR,Vir Biotechnology Inc. Common Stock,Health Care,Biotechnology: Biological Products (No Diagnostic Substances),United States,1778459719.0,10.51,1369997
VIRC,Virco Manufacturing Corporation Common Stock,Consumer Discretionary,Industrial Specialties,United States,102464798.0,6.5,15233
VIRT,Virtu Financial Inc. Class A Common Stock,Finance,Investment Bankers/Brokers/Service,United States,8065755797.0,51.97,1209191
VISN,Vistance Networks Inc. Common Stock,Technology,Radio And Television Broadcasting And Communications Equipment,United States,1404514849.0,6.09,6635476
VIST,Vista Energy S.A.B. de C.V. American Depositary Shares each representing one series A share with no par value,Energy,Oil & Gas Production,Mexico,7448247368.0,66.91,688076
VITL,Vital Farms Inc. Common Stock,Consumer Staples,Packaged Foods,United States,415147818.0,9.67,1257773
VIV,Telefonica Brasil S.A. American Depositary Shares (Each representing One Common Share),Telecommunications,Telecommunications Equipment,Brazil,18039197857.0,11.29,853045
VIVK,Vivakor Inc. Common Stock,Utilities,Environmental Services,United States,4335685.0,0.5298,344401
VIVO,VivoPower PLC Class A Ordinary Shares,Utilities,Power Generation,United Kingdom,126054607.0,3.94,379750
VIVS,VivoSim Labs Inc. Common Stock,Health Care,Biotechnology: Biological Products (No Diagnostic Substances),United States,3652346.0,0.2202,430636
VKI,Invesco Advantage Municipal Income Trust II Common Shares of Beneficial Interest (DE),Finance,Finance Companies,United States,338817933.0,7.63,668044
VKQ,Invesco Municipal Trust Common Stock,Finance,Trusts Except Educational Religious and Charitable,United States,473118653.0,8.55,392396
VKTX,Viking Therapeutics Inc. Common Stock,Health Care,Biotechnology: Pharmaceutical Preparations,United States,3853046509.0,33.03,8575449
VLGEA,Village Super Market Inc. Class A Common Stock,Consumer Staples,Food Chains,United States,682865630.0,46.11,38277
VLN,Valens Semiconductor Ltd. Ordinary Shares,Technology,Semiconductors,,190579787.0,1.81,467783
VLO,Valero Energy Corporation Common Stock,Energy,Integrated oil Companies,United States,112167900982.0,389.57,3560802
VLOS,Velos Acquisition I Corp. Class A Ordinary shares,Other,,United States,0.0,10.68,12
VLOSU,Velos Acquisition I Corp. Units,Finance,Blank Checks,United States,0.0,10.81,453
VLRS,Controladora Vuela Compania de Aviacion S.A.B. de C.V. American Depositary Shares each representing ten (10) Ordinary Participation Certificates,Consumer Discretionary,Air Freight/Delivery Services,,785484426.0,6.76,199583
VLT,Invesco High Income Trust II,Finance,Trusts Except Educational Religious and Charitable,United States,0.0,9.07,44091
VLTO,Veralto Corp Common Stock,Industrials,Electrical Products,United States,23452919693.0,96.2,1239347
VLY,Valley National Bancorp Common Stock,Finance,Major Banks,United States,7062294788.0,12.78,11951116
VLYPN,Valley National Bancorp 8.250% Fixed-Rate Reset Non-Cumulative Perpetual Preferred Stock Series C,Finance,Major Banks,United States,14019594584.0,25.37,9417
VLYPO,Valley National Bancorp 5.50% Fixed-to-Floating Rate Non-Cumulative Perpetual Preferred Stock Series B,Finance,Major Banks,United States,13688031448.0,24.77,3076
VLYPP,Valley National Bancorp 6.25% Fixed-to-Floating Rate Non-Cumulative Perpetual Preferred Stock Series A,Finance,Major Banks,United States,13821761913.0,25.012,1999
VMAR,Vision Marine Technologies Inc. Common Shares,Industrials,Marine Transportation,Canada,4832540.0,7.4,10071
VMC,Vulcan Materials Company (Holding Company) Common Stock,Industrials,Mining & Quarrying of Nonmetallic Minerals (No Fuels),United States,31895806605.0,246.15,1281660
VMD,Viemed Healthcare Inc. Common Shares,Health Care,Misc Health and Biotechnology Services,United States,346983757.0,9.11,336530
VMET,Versamet Royalties Corporation Common Stock,Industrials,Precious Metals,Canada,970759202.0,8.92,282061
VMI,Valmont Industries Inc. Common Stock,Industrials,Metal Fabrications,United States,9031584767.0,467.84,247977
VMO,Invesco Municipal Opportunity Trust Common Stock,Finance,Trusts Except Educational Religious and Charitable,United States,564478533.0,8.37,649874
VMRK,Vivmark Residential Common Shares of Beneficial Interest,Real Estate,Real Estate Investment Trusts,United States,48328875000.0,61.37,5174983
VNCE,Vince Holding Corp. Common Stock,Consumer Discretionary,Clothing/Shoe/Accessory Stores,United States,140062184.0,10.82,335630
VNDA,Vanda Pharmaceuticals Inc. Common Stock,Health Care,Biotechnology: Pharmaceutical Preparations,United States,312592092.0,5.17,813088
VNET,VNET Group Inc. American Depositary Shares,Technology,Computer Software: Programming Data Processing,China,1703274191.0,5.98,4935940
VNME,Vendome Acquisition Corporation I Class A Ordinary Shares,Finance,Blank Checks,United States,0.0,10.31,6011
VNMEW,Vendome Acquisition Corporation I Warrant,Finance,Blank Checks,United States,0.0,0.2015,79979
VNO,Vornado Realty Trust Common Stock,Real Estate,Real Estate Investment Trusts,United States,6367170107.0,34.1,1417229
VNO^L,Vornado Realty Trust Pfd Ser L %,Other,,United States,,16.2101,40087
VNO^M,Vornado Realty Trust 5.25% Series M Cumulative Redeemable Preferred Shares of Beneficial Interest liquidation preference $25.00 per share no par value per share,Other,,United States,,16.16,15398
VNO^N,Vornado Realty Trust 5.25% Series N Cumulative Redeemable Preferred Shares of Beneficial Interest liquidation preference $25.00 per share,Other,,United States,,15.8,33273
VNO^O,Vornado Realty Trust 4.45% Series O Cumulative Redeemable Preferred Shares Liquidation Preference $25.00 Per Share,Other,,United States,,13.35,26060
VNOM,Viper Energy Inc. Class A Common Stock,Energy,Oil & Gas Production,United States,14558169013.0,40.53,1575286
VNRX,VolitionRX Limited Common Stock,Health Care,Biotechnology: In Vitro & In Vivo Diagnostic Substances,Singapore,7056751.0,0.2529,912646
VNT,Vontier Corporation Common Stock,Industrials,Industrial Machinery/Components,United States,4185792000.0,30.96,1333902
VNTG,Vantage Corp Class A Ordinary Shares,Industrials,Integrated Freight & Logistics,Singapore,22422309.0,0.7313,525588
VOC,VOC Energy Trust Units of Beneficial Interest,Energy,Oil & Gas Production,United States,58480000.0,3.44,50515
VOD,Vodafone Group Plc American Depositary Shares,Telecommunications,Telecommunications Equipment,United Kingdom,38371029587.0,16.58,2392279
VOGX,Vogenx Inc Common Stock,Health Care,Biotechnology: Pharmaceutical Preparations,United States,326811914.0,22.0,136116
VOR,Vor Biopharma Inc. Common Stock,Health Care,Biotechnology: Biological Products (No Diagnostic Substances),United States,1083261603.0,18.31,930119
VOXR,Vox Royalty Corp. Common Stock,Basic Materials,Precious Metals,Canada,355120901.0,5.11,467238
VOYA,Voya Financial Inc. Common Stock,Finance,Life Insurance,United States,8695437577.0,95.98,701844
VOYA^B,Voya Financial Inc. Depositary Shares each representing a 1/40th interest in a share of 5.35% Fixed-Rate Reset Non-Cumulative Preferred Stock Series B,Other,,United States,,23.24,15975
VOYG,Voyager Technologies Inc. Class A Common Stock,Industrials,Military/Government/Technical,United States,2056090210.0,33.18,2775018
VPG,Vishay Precision Group Inc. Common Stock,Technology,Electrical Products,United States,944152078.0,70.88,292548
VPV,Invesco Pennsylvania Value Municipal Income Trust Common Stock (DE),Finance,Trusts Except Educational Religious and Charitable,United States,247350667.0,10.38,105332
VRA,Vera Bradley Inc. Common Stock,Consumer Discretionary,Apparel,United States,119057956.0,4.15,322941
VRAX,Virax Biolabs Group Limited Ordinary Shares,Health Care,Biotechnology: In Vitro & In Vivo Diagnostic Substances,United Kingdom,3112840.0,2.3144,5575
VRCA,Verrica Pharmaceuticals Inc. Common Stock,Health Care,Biotechnology: Pharmaceutical Preparations,United States,79022416.0,4.6,33412
VRDN,Viridian Therapeutics Inc. Common Stock,Health Care,Biotechnology: Pharmaceutical Preparations,United States,2330421973.0,20.57,1339079
VREX,Varex Imaging Corporation Common Stock,Technology,Industrial Machinery/Components,United States,777166000.0,18.46,441642
VRM,Vroom Inc. Common Stock,Consumer Discretionary,Retail-Auto Dealers and Gas Stations,United States,51034942.0,9.75,1443
VRME,VerifyMe Inc. Common Stock,Technology,EDP Services,United States,13033544.0,0.99,1419993
VRNS,Varonis Systems Inc. Common Stock,Technology,Computer Software: Prepackaged Software,United States,5504688744.0,47.925,1824370
VRRM,Verra Mobility Corporation Class A Common Stock,Consumer Discretionary,Transportation Services,United States,454428584.0,2.99,6532777
VRSK,Verisk Analytics Inc. Common Stock,Technology,EDP Services,United States,21836274133.0,167.77,1157812
VRSN,VeriSign Inc. Common Stock,Technology,EDP Services,United States,25470921000.0,282.07,476517
VRT,Vertiv Holdings LLC Class A Common Stock,Technology,Industrial Machinery/Components,United States,93952513739.0,244.04,4284823
VRTS,Virtus Investment Partners Inc. Common Stock,Finance,Investment Managers,United States,857969490.0,129.55,117490
VRTX,Vertex Pharmaceuticals Incorporated Common Stock,Health Care,Biotechnology: Pharmaceutical Preparations,United States,133743725767.0,527.67,824741
VRXA,Veraxa Biotech AG Ordinary Shares,Health Care,Biotechnology: Pharmaceutical Preparations,Switzerland,193728704.0,1.37,48491
VRXAW,Veraxa Biotech AG Warrants,Health Care,Biotechnology: Pharmaceutical Preparations,Switzerland,9898547.0,0.07,2
VS,Versus Systems Inc. Common Stock,Technology,EDP Services,Canada,6461152.0,1.04,11897
VSA,VisionSys AI Inc. American Depositary Shares,Real Estate,Other Consumer Services,China,6535470.0,2.34,55410
VSAT,ViaSat Inc. Common Stock,Consumer Discretionary,Telecommunications Equipment,United States,9870203787.0,71.65,1318243
VSEC,VSE Corporation Common Stock,Consumer Discretionary,Military/Government/Technical,United States,4901547360.0,174.65,226585
VSECU,VSE Corporation Tangible Equity Units,Other,,United States,1291269362.0,46.01,802
VSH,Vishay Intertechnology Inc. Common Stock,Technology,Electrical Products,United States,4943410552.0,32.23,2899039
VSME,VS Media Holdings Limited Class A Ordinary Shares,Consumer Discretionary,Advertising,Singapore,2695768.0,0.98,177096
VSNT,Versant Media Group Inc. Class A Common Stock,Industrials,Broadcasting,United States,4505198155.0,32.46,1351274
VST,Vistra Corp. Common Stock,Utilities,Electric Utilities: Central,United States,46324369614.0,138.02,4346525
VSTM,Verastem Inc. Common Stock,Health Care,Biotechnology: Pharmaceutical Preparations,United States,703677937.0,7.77,1260669
VSTS,Vestis Corporation Common Stock,Consumer Discretionary,Consumer Specialties,United States,1777553412.0,13.45,889076
VSXY,Victorias Secret & Co. Common Stock,Consumer Discretionary,Clothing/Shoe/Accessory Stores,United States,7042367003.0,88.29,2232530
VTAK,Catheter Precision Inc. Common Stock,Health Care,Medical/Dental Instruments,,2783200.0,0.1467,1481516
VTEX,VTEX Class A Common Shares,Technology,Computer Software: Prepackaged Software,United Kingdom,619316655.0,3.58,638506
VTGN,Vistagen Therapeutics Inc. Common Stock,Health Care,Biotechnology: Pharmaceutical Preparations,United States,13179943.0,0.297,6030126
VTIX,Virtuix Holdings Inc. Class A Common Stock,Technology,Computer peripheral equipment,United States,41105332.0,1.21,122055
VTMX,Corporacion Inmobiliaria Vesta S.A.B de C.V. American Depositary Shares each representing ten (10) Common Shares,Finance,Real Estate,,2894924118.0,32.73,41665
VTN,Invesco Trust for Investment Grade New York Municipals Common Stock,Finance,Finance Companies,United States,178296708.0,9.15,83582
VTOL,Bristow Group Inc. Common Stock,Consumer Discretionary,Transportation Services,United States,1249706720.0,42.16,164141
VTR,Ventas Inc. Common Stock,Real Estate,Real Estate Investment Trusts,United States,44646851087.0,87.04,2166320
VTRS,Viatris Inc. Common Stock,Health Care,Biotechnology: Pharmaceutical Preparations,United States,20984755085.0,18.27,12377618
VTS,Vitesse Energy Inc. Common Stock,Energy,Oil & Gas Production,United States,705247310.0,16.75,347218
VTSI,VirTra Inc. Common Stock,Consumer Discretionary,Miscellaneous manufacturing industries,United States,31921340.0,2.82,8309
VTVT,vTv Therapeutics Inc. Class A Common Stock,Health Care,Biotechnology: Pharmaceutical Preparations,United States,120673883.0,30.52,111868
VUZI,Vuzix Corporation Common Stock,Technology,Radio And Television Broadcasting And Communications Equipment,United States,233827417.0,2.77,588800
VVOS,Vivos Therapeutics Inc. Common Stock,Health Care,Medical/Dental Instruments,United States,2697827.0,0.1341,1451064
VVR,Invesco Senior Income Trust Common Stock (DE),Finance,Trusts Except Educational Religious and Charitable,United States,0.0,2.87,594836
VVV,Valvoline Inc. Common Stock,Industrials,Major Chemicals,United States,3633661185.0,28.48,2299938
VVX,V2X Inc. Common Stock,Consumer Discretionary,Diversified Commercial Services,United States,2310466338.0,73.71,370222
VWAV,VisionWave Holdings Inc. Common Stock,Technology,Computer Software: Prepackaged Software,United States,10848133.0,4.57,7548718
VWAVW,VisionWave Holdings Inc. Warrant,Technology,Computer Software: Prepackaged Software,United States,129608.0,0.0546,16458
VYGR,Voyager Therapeutics Inc. Common Stock,Health Care,Biotechnology: Biological Products (No Diagnostic Substances),United States,166368460.0,2.7,646098
VYX,NCR Voyix Corporation Common Stock,Miscellaneous,Office Equipment/Supplies/Services,United States,943017403.0,6.83,2591378
VZ,Verizon Communications Inc. Common Stock,Telecommunications,Telecommunications Equipment,United States,193944906429.0,46.68,16944026
VZLA,Vizsla Silver Corp. Common Shares,Basic Materials,Precious Metals,Canada,1356317251.0,3.82,4296130
W,Wayfair Inc. Class A Common Stock,Consumer Discretionary,Catalog/Specialty Distribution,United States,13509160744.0,98.63,2205922
WAB,Westinghouse Air Brake Technologies Corporation Common Stock,Industrials,Railroads,United States,49384465507.0,292.37,805432
WABC,Westamerica Bancorporation Common Stock,Finance,Major Banks,United States,1372340265.0,59.38,275283
WAFD,WaFd Inc. Common Stock,Finance,Major Banks,United States,2282753092.0,30.85,934358
WAFDP,WaFd Inc. Depositary Shares,Finance,Major Banks,United States,1180224046.0,15.95,13453
WAFU,Wah Fu Education Group Limited Ordinary Shares,Real Estate,Other Consumer Services,China,6395311.0,1.45,118102
WAL,Western Alliance Bancorporation Common Stock (DE),Finance,Major Banks,United States,8351671139.0,76.55,922646
WAL^A,Western Alliance Bancorporation Depositary Shares Each Representing a 1/400th Interest in a Share of 4.250% Fixed-Rate Non-Cumulative Perpetual Preferred Stock Series A,Other,,United States,,24.87,42028
WALD,Waldencast plc Class A Ordinary Share,Consumer Discretionary,Package Goods/Cosmetics,United States,136316968.0,1.06,265586
WALDW,Waldencast plc Warrant,Consumer Discretionary,Package Goods/Cosmetics,United States,643005.0,0.005,1271954
WASH,Washington Trust Bancorp Inc. Common Stock,Finance,Major Banks,United States,734170615.0,38.49,95533
WAT,Waters Corporation Common Stock,Industrials,Biotechnology: Laboratory Analytical Instruments,United States,43518018286.0,442.94,981497
WATR,Air Water Ventures Limited Ordinary Shares,Consumer Staples,Beverages (Production/Distribution),United Arab Emirates,54103466.0,1.71,96805
WATT,Energous Corporation Common Stock,Technology,Radio And Television Broadcasting And Communications Equipment,United States,70414885.0,12.74,226672
WAVE,Eco Wave Power Global AB (publ) American Depositary Shares,Utilities,Electric Utilities: Central,Israel,37749967.0,6.05,25757
WAY,Waystar Holding Corp. Common Stock,Technology,EDP Services,United States,4935604228.0,25.74,1928946
WB,Weibo Corporation American Depositary Share,Technology,Computer Software: Programming Data Processing,China,1589501541.0,6.47,640850
WBD,Warner Bros. Discovery Inc. Series A Common Stock,Telecommunications,Cable & Other Pay Television Services,United States,77580732403.0,30.9,43621235
WBI,WaterBridge Infrastructure LLC Class A Shares Representing Limited Liability Company Interests,Energy,Oilfield Services/Equipment,,3574057251.0,28.95,575103
WBTN,WEBTOON Entertainment Inc. Common stock,Consumer Discretionary,Publishing,United States,1486036217.0,10.95,306469
WBUY,WEBUY GLOBAL LTD. Class A Ordinary Shares,Consumer Discretionary,Other Specialty Stores,Singapore,4932994.0,0.9,37865736
WBX,Wallbox N.V. Class A Ordinary Shares,Consumer Discretionary,Industrial Specialties,Spain,65222700.0,2.73,8443
WCC,WESCO International Inc. Common Stock,Consumer Discretionary,Telecommunications Equipment,United States,17771409868.0,364.67,692137
WCCB,West Coast Community Bancorp Common Stock,Finance,Major Banks,United States,635759854.0,60.41,29273
WCN,Waste Connections Inc. Common Shares,Utilities,Environmental Services,Canada,39855940372.0,156.16,1737551
WCT,Wellchange Holdings Company Limited Class A Ordinary shares,Technology,Computer Software: Prepackaged Software,Hong Kong,85284064.0,7.94,1096153
WD,Walker & Dunlop Inc Common Stock,Finance,Finance: Consumer Services,United States,1271425595.0,37.04,642025
WDAY,Workday Inc. Class A Common Stock,Technology,EDP Services,United States,45452600000.0,188.6,2132951
WDC,Western Digital Corporation Common Stock,Technology,Electronic Components,United States,163407972049.0,453.23,7429846
WDFC,WD-40 Company Common Stock,Industrials,Major Chemicals,United States,2736561474.0,203.9,114059
WDH,Waterdrop Inc. American Depositary Shares (each representing the right to receive 10 Class A Ordinary Shares),Finance,Specialty Insurers,Cayman Islands,370081012.0,1.03,148706
WDI,Western Asset Diversified Income Fund Common Shares of Beneficial Interest,Finance,Trusts Except Educational Religious and Charitable,United States,0.0,11.82,397259
WDS,Woodside Energy Group Limited American Depositary Shares each representing one Ordinary Share,Energy,Oil & Gas Production,Australia,41995302159.0,22.09,595630
WEA,Western Asset Bond Fund Share of Beneficial Interest,Finance,Trusts Except Educational Religious and Charitable,United States,0.0,9.83,49673
WEAV,Weave Communications Inc. Common Stock,Technology,Computer Software: Prepackaged Software,United States,589593507.0,7.37,851645
WEC,WEC Energy Group Inc. Common Stock,Utilities,Power Generation,United States,33057419905.0,101.45,3168943
WELL,Welltower Inc. Common Stock,Real Estate,Real Estate Investment Trusts,United States,167904743785.0,232.96,2341599
WEN,Wendy's Company (The) Common Stock,Consumer Discretionary,Restaurants,United States,1218380853.0,6.39,7823600
WENC,West Enclave Merger Corp. Ordinary Shares,Finance,Blank Checks,,0.0,10.0,19
WENN,Wen Acquisition Corp Class A Ordinary Shares,Other,,United States,0.0,10.41,10
WERN,Werner Enterprises Inc. Common Stock,Industrials,Trucking Freight/Courier Services,United States,2011034041.0,33.53,658327
WES,Western Midstream Partners LP Common Units Representing Limited Partner Interests,Utilities,Natural Gas Distribution,United States,18704413825.0,45.27,912659
WEST,Westrock Coffee Company Common Stock,Consumer Staples,Beverages (Production/Distribution),United States,805425943.0,8.25,263568
WETH,Wetouch Technology Inc. Common Stock,Technology,Computer peripheral equipment,China,13515349.0,1.01,167448
WETO,Wetour Robotics Limited Ordinary Shares,Industrials,Other Transportation,China,1799928.0,1.67,960476
WEX,WEX Inc. common stock,Consumer Discretionary,Business Services,United States,6034490044.0,177.06,568405
WEYS,Weyco Group Inc. Common Stock,Consumer Staples,Apparel,United States,450233339.0,47.14,46793
WF,Woori Financial Group Inc. American Depositary Shares (each representing three (3) shares of Common Stock),Finance,Commercial Banks,South Korea,19314046364.0,79.26,99749
WFC,Wells Fargo & Company Common Stock,Finance,Major Banks,United States,244369386342.0,80.81,13108840
WFC^A,Wells Fargo & Company Depositary Shares each representing a 1/1000th interest in a share of Non-Cumulative Perpetual Class A Preferred Stock Series AA,Other,,United States,,16.85,262100
WFC^C,Wells Fargo & Company Depositary Shares each representing a 1/1000th interest in a share of Non-Cumulative Perpetual Class A Preferred Stock Series CC,Other,,United States,,15.54,116478
WFC^D,Wells Fargo & Company Depositary Shares each representing a 1/1000th interest in  a share of Non-Cumulative Perpetual Class A Preferred Stock Series DD,Other,,United States,,15.28,264872
WFC^L,Wells Fargo & Company 7.50% Non-Cumulative Perpetual Convertible Class A Preferred Stock Series L,Other,,United States,,1071.07,16626
WFC^Y,Wells Fargo & Company Depositary Shares each representing a 1/1000th interest in a share of Non-Cumulative Perpetual Class A Preferred Stock Series Y,Other,,United States,,20.04,144336
WFC^Z,Wells Fargo & Company Depositary Shares each representing a 1/1000th interest in a share of Non-Cumulative Perpetual Class A Preferred Stock Series Z,Other,,United States,,16.84,493610
WFCF,Where Food Comes From Inc. Common Stock,Technology,Computer Software: Prepackaged Software,United States,57664498.0,11.58,1338
WFF,WF Holding Limited Ordinary Shares,Consumer Discretionary,Miscellaneous manufacturing industries,Malaysia,90966257.0,2.17,379875
WFG,West Fraser Timber Co. Ltd Common stock,Basic Materials,Forest Products,Canada,5596374158.0,71.47,112078
WFRD,Weatherford International plc Ordinary Shares,Consumer Discretionary,Oil and Gas Field Machinery,United States,5921202211.0,82.8,803773
WGO,Winnebago Industries Inc. Common Stock,Industrials,Homebuilding,United States,763542800.0,27.01,576786
WGS,GeneDx Holdings Corp. Class A Common Stock,Health Care,Medical/Nursing Services,United States,2562650948.0,85.93,437098
WH,Wyndham Hotels & Resorts Inc. Common Stock,Consumer Discretionary,Hotels/Resorts,United States,5256373771.0,70.83,898780
WHD,Cactus Inc. Class A Common Stock,Consumer Discretionary,Oil and Gas Field Machinery,United States,5150725748.0,64.24,549560
WHF,WhiteHorse Finance Inc. Common Stock,Finance,Finance Companies,United States,149691003.0,6.97,52480
WHFCL,WhiteHorse Finance Inc. 7.875% Notes due 2028,Other,,United States,582006924.0,25.04,4133
WHG,Westwood Holdings Group Inc Common Stock,Finance,Investment Managers,United States,183228518.0,19.2,17051
WHK,WhiteHawk Minerals Corp Class A Common Stock,Energy,Oil & Gas Production,,708468974.0,25.72,206071
WHLR,Wheeler Real Estate Investment Trust Inc. Common Stock,Real Estate,Real Estate Investment Trusts,United States,2323983.0,4.09,548246
WHLRD,Wheeler Real Estate Investment Trust Inc. Series D Cumulative Preferred Stock,Real Estate,Real Estate Investment Trusts,United States,20597649.0,36.25,45
WHLRP,Wheeler Real Estate Investment Trust Inc. Class B Preferred Stock,Real Estate,Real Estate Investment Trusts,United States,4977528.0,8.76,1157
WHR,Whirlpool Corporation Common Stock,Consumer Discretionary,Consumer Electronics/Appliances,United States,2047260469.0,31.4,3682940
WHR^A,Whirlpool Corporation Depositary Shares each representing a 1/20th interest in a share of 8.50% Series A Mandatory Convertible Preferred Stock,Other,,United States,,28.72,20289
WHWK,Whitehawk Therapeutics Inc. Common Stock,Health Care,Biotechnology: Pharmaceutical Preparations,United States,214353878.0,3.76,278133
WIA,Western Asset Inflation-Linked Income Fund,Finance,Trusts Except Educational Religious and Charitable,United States,0.0,7.6,124817
WIMI,WiMi Hologram Cloud Inc. Class B Ordinary Shares,Technology,Computer Software: Prepackaged Software,China,13474406.0,0.7329,227772
WINA,Winmark Corporation Common Stock,Consumer Discretionary,Other Specialty Stores,United States,1076357519.0,299.64,65812
WING,Wingstop Inc. Common Stock,Consumer Discretionary,Restaurants,United States,2773291183.0,101.8,1657700
WIT,Wipro Limited Common Stock,Technology,EDP Services,India,16043750671.0,1.62,6027466
WIW,Western Asset Inflation-Linked Opportunities & Income Fund,Finance,Finance Companies,United States,0.0,7.91,562520
WIX,Wix.com Ltd. Ordinary Shares,Technology,Computer Software: Programming Data Processing,Israel,2912725966.0,69.6,1015043
WK,Workiva Inc. Class A Common Stock,Technology,Computer Software: Prepackaged Software,United States,3710660317.0,68.19,907947
WKC,World Kinect Corporation Common Stock,Energy,Oil Refining/Marketing,United States,1801560056.0,35.22,1112928
WKEY,WISeKey International Holding Ltd American Depositary Shares,Technology,EDP Services,Switzerland,68838921.0,6.05,35608
WKHS,Workhorse Group Inc. Common Stock,Industrials,Auto Manufacturing,United States,31692897.0,2.9,67432
WKSP,Worksport Ltd. Common Stock,Consumer Discretionary,Auto Parts:O.E.M.,Canada,6991338.0,0.457,355868
WLCO,Wilco 63 Corporation Class A Ordinary Shares,Finance,Blank Checks,Cayman Islands,0.0,9.82,10
WLDN,Willdan Group Inc. Common Stock,Consumer Discretionary,Military/Government/Technical,United States,1176069746.0,77.21,181879
WLDS,Wearable Devices Ltd. Ordinary Share,Telecommunications,Computer Communications Equipment,Israel,3738806.0,1.52,74073
WLFC,Willis Lease Finance Corporation Common Stock,Consumer Discretionary,Industrial Specialties,United States,1105837005.0,52.3,110216
WLII,Willow Lane Acquisition Corp. II Class A Ordinary Shares,Finance,Blank Checks,United States,0.0,10.25,6
WLIIW,Willow Lane Acquisition Corp. II Warrants,Finance,Blank Checks,United States,0.0,0.75,1103
WLK,Westlake Corporation Common Stock,Industrials,Major Chemicals,United States,8541921268.0,66.84,444246
WLKP,Westlake Chemical Partners LP Common Units representing limited partner interests,Industrials,Major Chemicals,United States,759548692.0,21.55,9963
WLTH,Wealthfront Corporation Common Stock,Finance,Finance: Consumer Services,United States,1561764400.0,10.0,1563681
WLY,John Wiley & Sons Inc. Common Stock,Consumer Discretionary,Books,United States,2413061907.0,47.61,518477
WLYB,John Wiley & Sons Inc. Common Stock,Consumer Discretionary,Books,United States,2421171336.0,47.77,105
WM,Waste Management Inc. Common Stock,Utilities,Environmental Services,United States,82517202585.0,206.44,1654982
WMB,Williams Companies Inc. (The) Common Stock,Utilities,Natural Gas Distribution,United States,84374092219.0,68.98,5586637
WMG,Warner Music Group Corp. Class A Common Stock,Consumer Discretionary,Services-Misc. Amusement & Recreation,United States,14197199131.0,27.14,2793231
WMK,Weis Markets Inc. Common Stock,Consumer Staples,Food Chains,United States,1803633675.0,72.89,140075
WMS,Advanced Drainage Systems Inc. Common Stock,Consumer Discretionary,Containers/Packaging,United States,9861510627.0,130.78,717517
WMT,Walmart Inc. Common Stock,Consumer Discretionary,Department/Specialty Retail Stores,United States,862636228784.0,108.73,17232397
WNC,Wabash National Corporation Common Stock,Industrials,Construction/Ag Equipment/Trucks,United States,515325238.0,12.65,1040194
WNEB,Western New England Bancorp Inc. Common Stock,Finance,Savings Institutions,United States,280040832.0,13.97,54306
WNW,Meiwu Technology Company Limited Ordinary Shares,Consumer Discretionary,Package Goods/Cosmetics,China,63193130.0,2.4,47762
WOK,WORK Medical Technology Group LTD Class A Ordinary Shares,Health Care,Medical/Dental Instruments,China,8265019.0,1.85,26623
WOLF,Wolfspeed Inc. Common Stock New,Technology,Semiconductors,United States,1459825093.0,27.58,1579329
WOOF,Petco Health and Wellness Company Inc. Class A Common Stock,Consumer Discretionary,Other Specialty Stores,United States,650171940.0,2.27,1860860
WOR,Worthington Enterprises Inc. Common Shares,Industrials,Steel/Iron Ore,United States,2978173342.0,60.87,395979
WPAC,White Pearl Acquisition Corp. Class A Ordinary Shares,Finance,Blank Checks,,0.0,10.061,8
WPC,W. P. Carey Inc. REIT,Real Estate,Real Estate Investment Trusts,United States,14994906976.0,65.82,1567446
WPM,Wheaton Precious Metals Corp Common Shares (Canada),Basic Materials,Precious Metals,Canada,61593174860.0,135.62,3376275
WPP,WPP plc American Depositary Shares,Consumer Discretionary,Advertising,Ireland,5516995269.0,25.57,283018
WPRT,Westport Fuel Systems Inc Common Shares,Industrials,Industrial Machinery/Components,Canada,38941255.0,2.05,15569
WRAP,Wrap Technologies Inc. Common Stock,Industrials,Ordnance And Accessories,United States,86532606.0,1.34,552657
WRB,W.R. Berkley Corporation Common Stock,Finance,Property-Casualty Insurers,United States,25117254612.0,67.66,2496714
WRB^E,W.R. Berkley Corporation 5.70% Subordinated Debentures due 2058,Other,,United States,,20.1,21025
WRB^F,W.R. Berkley Corporation 5.10% Subordinated Debentures due 2059,Other,,United States,,18.12,29815
WRB^G,W.R. Berkley Corporation 4.25% Subordinated Debentures due 2060,Other,,United States,,15.39,1535
WRB^H,W.R. Berkley Corporation 4.125% Subordinated Debentures due 2061,Other,,United States,,15.0,19219
WRBY,Warby Parker Inc. Class A Common Stock,Health Care,Ophthalmic Goods,United States,3048174612.0,24.66,3250200
WRD,WeRide Inc. American Depositary Shares,Technology,EDP Services,China,1853968307.0,5.53,2860989
WRLD,World Acceptance Corporation Common Stock,Finance,Finance: Consumer Services,United States,799175788.0,171.38,48533
WRN,Western Copper and Gold Corporation Common Stock,Basic Materials,Metal Mining,Canada,506632954.0,2.24,951880
WS,Worthington Steel Inc. Common Shares,Industrials,Steel/Iron Ore,United States,1878401843.0,36.87,330944
WSBC,WesBanco Inc. Common Stock,Finance,Major Banks,United States,3668400254.0,38.25,775787
WSBCO,WesBanco Inc. Depositary Shares each representing 1/40th interest in a share of 7.375% Fixed-Rate Reset Non-Cumulative Perpetual Preferred Stock Series B,Finance,Major Banks,United States,2412992167.0,25.16,9551
WSBF,Waterstone Financial Inc. Common Stock (MD),Finance,Savings Institutions,United States,363135966.0,20.2,58727
WSBK,Winchester Bancorp Inc. Common Stock,Finance,Banks,United States,118144229.0,12.71,6310
WSC,WillScot Holdings Corporation Class A Common Stock,Industrials,Misc Corporate Leasing Services,United States,3237882419.0,17.87,3113374
WSE,Wise Group plc Class A Ordinary Shares,Industrials,Diversified Commercial Services,United Kingdom,14139288077.0,11.5,2187964
WSFS,WSFS Financial Corporation Common Stock,Finance,Major Banks,United States,3905365846.0,76.44,271118
WSHP,WeShop Holdings Limited Class A Ordinary Shares,Consumer Discretionary,Other Specialty Stores,Jersey,153536623.0,6.34,357870
WSM,Williams-Sonoma Inc. Common Stock (DE),Consumer Discretionary,Home Furnishings,United States,27210522338.0,231.03,864277
WSO,Watsco Inc. Common Stock,Consumer Discretionary,Industrial Machinery/Components,United States,12921012205.0,313.22,521585
WSO-B,Watsco Inc.,Other,,United States,,310.9,84
WST,West Pharmaceutical Services Inc. Common Stock,Health Care,Medical/Dental Instruments,United States,26436654995.0,375.65,567558
WSTN,Westin Acquisition Corp Class A Ordinary Share,Technology,EDP Services,Singapore,81758250.0,10.15,35086
WT,WisdomTree Inc. Common Stock,Finance,Investment Bankers/Brokers/Service,United States,3645381391.0,24.06,2542569
WTBA,West Bancorporation Common Stock,Finance,Major Banks,United States,493586797.0,28.96,64643
WTF,Waton Financial Limited Ordinary Shares,Finance,Investment Bankers/Brokers/Service,Hong Kong,118664181.0,2.46,874
WTFC,Wintrust Financial Corporation Common Stock,Finance,Major Banks,United States,9716448567.0,144.02,327082
WTFCN,Wintrust Financial Corporation Depositary Shares Each Representing a 1/1000th Interest in a Share of 7.875% Fixed-Rate Reset Non-Cumulative Perpetual Preferred StocK,Finance,Major Banks,United States,1757528920.0,26.0506,12280
WTG,Wintergreen Acquisition Corp. Ordinary Shares,Finance,Blank Checks,China,0.0,10.62,9946
WTGUR,Wintergreen Acquisition Corp. Rights,Finance,Blank Checks,China,0.0,0.13,3100
WTI,W&T Offshore Inc. Common Stock,Energy,Oil & Gas Production,United States,540375768.0,3.58,3831633
WTM,White Mountains Insurance Group Ltd. Common Stock,Finance,Property-Casualty Insurers,United States,4809171213.0,2014.97,15149
WTRG,Essential Utilities Inc. Common Stock,Utilities,Water Supply,United States,11056014451.0,38.96,1717570
WTS,Watts Water Technologies Inc. Class A Common Stock,Industrials,Metal Fabrications,United States,11951465731.0,358.01,115524
WTTR,Select Water Solutions Inc. Class A common stock,Energy,Oilfield Services/Equipment,United States,2794543210.0,20.18,1920776
WTW,Willis Towers Watson Public Limited Company Ordinary Shares,Finance,Specialty Insurers,United Kingdom,27128821517.0,292.11,630250
WU,Western Union Company (The) Common Stock,Consumer Discretionary,Business Services,United States,1908699364.0,6.12,8210569
WULF,TeraWulf Inc. Common Stock,Finance,Finance: Consumer Services,United States,7544406396.0,15.12,19671867
WVE,Wave Life Sciences Inc. Common Stock,Health Care,Biotechnology: Pharmaceutical Preparations,Singapore,723166802.0,3.67,3546383
WVVI,Willamette Valley Vineyards Inc. Common Stock,Consumer Staples,Beverages (Production/Distribution),United States,8813766.0,1.77,7324
WVVIP,Willamette Valley Vineyards Inc. Series A Redeemable Preferred Stock,Consumer Staples,Beverages (Production/Distribution),United States,15536130.0,3.12,6630
WW,WW International Inc.  Common Stock,Consumer Discretionary,Other Consumer Services,United States,150281363.0,15.03,485872
WWD,Woodward Inc. Common Stock,Energy,Industrial Machinery/Components,United States,19245394571.0,325.94,592821
WWR,Westwater Resources Inc. Common Stock,Basic Materials,Metal Mining,United States,66866570.0,0.5201,501894
WWW,Wolverine World Wide Inc. Common Stock,Consumer Discretionary,Shoe Manufacturing,United States,1569929065.0,19.13,645441
WXM,WF International Limited Ordinary Shares,Consumer Discretionary,Engineering & Construction,China,11098610.0,3.56,7526
WY,Weyerhaeuser Company Common Stock,Real Estate,Real Estate Investment Trusts,United States,14212913920.0,19.72,7771443
WYFI,WhiteFiber Inc. Ordinary Shares,Finance,Finance: Consumer Services,United States,731510062.0,18.83,895949
WYHG,Wing Yip Food Holdings Group Limited American Depositary Shares,Consumer Staples,Specialty Foods,China,138061000.0,3.88,36169
WYNN,Wynn Resorts Limited Common stock,Consumer Discretionary,Hotels/Resorts,United States,8290942834.0,80.515,2688410
WYY,WidePoint Corporation Common Stock,Technology,EDP Services,United States,58989705.0,5.9,944229
XAIR,Beyond Air Inc. Common Stock,Health Care,Medical/Dental Instruments,United States,2480264.0,2.59,156939
XBIO,Xenetic Biosciences Inc. Common Stock,Health Care,Biotechnology: Pharmaceutical Preparations,United States,5459612.0,2.33,34805
XBIT,XBiotech Inc. Common Stock,Health Care,Biotechnology: Pharmaceutical Preparations,United States,65548622.0,2.15,41694
XBP,XBP Global Holdings Inc. Common Stock,Technology,EDP Services,United States,45275587.0,3.1982,4591
XBPEW,XBP Europe Holdings Inc. Warrant,Technology,EDP Services,United States,566263.0,0.04,1
XCBE,X3 Acquisition Corp. Ltd. Class A Ordinary Shares,Other,,United States,0.0,10.02,728
XCH,XCHG Limited American Depositary Share,Miscellaneous,Industrial Machinery/Components,Germany,13721945.0,3.1,2730
XCUR,Exicure Inc. Common Stock,Health Care,Biotechnology: Pharmaceutical Preparations,United States,8084304.0,1.235,2573
XE,X-Energy Inc. Class A Common Stock,Industrials,Metal Fabrications,United States,5863862938.0,14.43,6033649
XEL,Xcel Energy Inc. Common Stock,Utilities,Power Generation,United States,43343374493.0,69.39,6083448
XELB,Xcel Brands Inc. Common Stock,Miscellaneous,Multi-Sector Companies,United States,4657795.0,0.71,141395
XELLL,Xcel Energy Inc. 6.25% Junior Subordinated Notes Series due 2085,Utilities,Power Generation,United States,0.0,21.21,81488
XENE,Xenon Pharmaceuticals Inc. Common Shares,Health Care,Biotechnology: Pharmaceutical Preparations,Canada,3555980663.0,36.72,2515829
XERS,Xeris Biopharma Holdings Inc. Common Stock,Health Care,Biotechnology: Pharmaceutical Preparations,United States,1792208608.0,9.83,4463405
XFLH,XFLH Capital Corporation Ordinary Shares,Finance,Blank Checks,,0.0,10.04,29
XFLT,XAI Floating Rate & Alternative Income Trust Common Shares of Beneficial Interest,Finance,Investment Managers,United States,679577073.0,19.16,31994
XFOR,X4 Pharmaceuticals Inc. Common Stock,Health Care,Biotechnology: Biological Products (No Diagnostic Substances),United States,298927430.0,3.015,838409
XGN,Exagen Inc. Common Stock,Health Care,Medical Specialities,United States,205430875.0,8.48,230983
XHG,XChange TEC.INC American Depositary Shares,Finance,Specialty Insurers,China,117013792.0,2.27,11227
XHLD,TEN Holdings Inc. Common Stock,Consumer Discretionary,Business Services,United States,11716384.0,0.978,22924306
XHR,Xenia Hotels & Resorts Inc. Common Stock,Consumer Discretionary,Hotels/Resorts,United States,1699168281.0,18.42,724769
XIFR,XPLR Infrastructure LP Common Units representing limited partner interests,Utilities,Electric Utilities: Central,United States,976666156.0,10.36,1252474
XIII,Churchill Capital Corp XIII Class A Ordinary Shares,Other,,United States,0.0,10.25,6334
XIIIU,Churchill Capital Corp XIII Units,Other,,United States,0.0,10.61,5933
XIIIW,Churchill Capital Corp XIII Warrants,Other,,United States,0.0,1.84,590
XLAB,Exascale Labs Holdings Inc. Class A Common Stock,Technology,Computer Software: Prepackaged Software,United States,218880000.0,2.4,132128
XLABW,Exascale Labs Holdings Inc. Warrant,Technology,Computer Software: Prepackaged Software,United States,17556000.0,0.1925,3376
XLO,Xilio Therapeutics Inc. Common Stock,Health Care,Biotechnology: Pharmaceutical Preparations,United States,59550348.0,9.05,11135
XMAX,XMAX Inc. Common Stock,Consumer Discretionary,Home Furnishings,United States,568310484.0,8.76,935854
XMTR,Xometry Inc. Class A Common Stock,Consumer Discretionary,Business Services,United States,5912353319.0,103.14,806449
XNCR,Xencor Inc. Common Stock,Health Care,Biotechnology: Pharmaceutical Preparations,United States,1903446963.0,25.6,1532334
XNDU,Xanadu Quantum Technologies Limited Class B Subordinate Voting Shares,Technology,Computer Manufacturing,Canada,1451148594.0,4.77,6808284
XNET,Xunlei Limited American Depositary Shares,Technology,Computer Software: Prepackaged Software,China,1549969645.0,4.87,169741
XOM,ExxonMobil Holdings Corporation Common Stock,Energy,Integrated oil Companies,United States,668267931739.0,162.52,12813067
XOS,Xos Inc. Common Stock,Consumer Discretionary,Auto Parts:O.E.M.,United States,37250772.0,2.62,170184
XP,XP Inc. Class A Common Stock,Finance,Investment Bankers/Brokers/Service,Brazil,10485450526.0,20.23,6454623
XPEL,XPEL Inc. Common Stock,Industrials,Industrial Specialties,United States,1184439334.0,42.96,364733
XPER,Xperi Inc. Common Stock,Technology,Computer Software: Prepackaged Software,United States,267269585.0,5.48,495705
XPEV,XPeng Inc. American depositary shares each representing two Class A ordinary shares,Industrials,Auto Manufacturing,China,9532798192.0,9.95,5494703
XPL,Solitario Resources Corp. Common Stock,Basic Materials,Precious Metals,United States,55863833.0,0.59,176235
XPO,XPO Inc. Common Stock,Consumer Discretionary,Transportation Services,United States,20684494907.0,176.66,1399140
XPOF,Xponential Fitness Inc. Class A Common Stock,Consumer Discretionary,Services-Misc. Amusement & Recreation,United States,192856840.0,3.91,857448
XPON,Expion Energy Inc. Common Stock,Miscellaneous,Industrial Machinery/Components,United States,4495491.0,4.44,20173
XPRO,Expro Ltd Ordinary Shares,Energy,Oilfield Services/Equipment,Cayman Islands,1850611019.0,16.32,1078681
XRAY,DENTSPLY SIRONA Inc. Common Stock,Health Care,Medical/Dental Instruments,United States,1850003969.0,9.28,5676542
XRN,Chiron Real Estate Inc. Common Stock,Real Estate,Real Estate Investment Trusts,United States,468883939.0,35.42,152620
XRN^A,Chiron Real Estate Inc. Series A Cumulative Redeemable Preferred Stock,Other,,United States,,24.81,2791
XRN^B,Chiron Real Estate Inc. 8.00% Series B Cumulative Redeemable Preferred Stock $0.001 par value per share,Other,,United States,,25.44,126
XRPN,Armada Acquisition Corp. II Class A Ordinary Shares,Finance,Blank Checks,United States,0.0,10.575,405451
XRPNU,Armada Acquisition Corp. II Units,Finance,Blank Checks,United States,0.0,11.41,626
XRPNW,Armada Acquisition Corp. II Warrant,Finance,Blank Checks,United States,0.0,1.2,137280
XRTX,XORTX Therapeutics Inc. Common Shares,Health Care,Biotechnology: Pharmaceutical Preparations,Canada,3106326.0,1.71,30013
XRX,Xerox Holdings Corporation Common Stock,Technology,Computer peripheral equipment,United States,428085306.0,3.26,1379128
XRXDW,Xerox Holdings Corporation Warrants,Technology,Computer peripheral equipment,United States,39486273.0,0.3007,108180
XSLL,Xsolla SPAC 1 Class A Ordinary Shares,Finance,Blank Checks,United States,0.0,9.98,7
XSLLW,Xsolla SPAC 1 Warrants,Finance,Blank Checks,United States,0.0,0.2,1666
XTER,Karman Line Acquisition Corp. Class A Ordinary Shares,Finance,Blank Checks,United States,0.0,9.79,2742
XTERU,Karman Line Acquisition Corp. Units,Other,,United States,0.0,9.9001,1343
XTIA,XTI Aerospace Inc. Common Stock,Technology,EDP Services,United States,35407261.0,0.9202,337762
XTLB,XTL Biopharmaceuticals Ltd. American Depositary Shares,Health Care,Biotechnology: Pharmaceutical Preparations,Israel,5480142.0,2.23,3639
XTND,Xtend AI Robotics Inc. Common Stock,Industrials,Military/Government/Technical,,1028282703.0,3.61,1058453
XTNT,Xtant Medical Holdings Inc. Common Stock,Health Care,Medical/Dental Instruments,United States,49914456.0,0.3558,230263
XWEL,XWELL Inc. Common Stock,Consumer Discretionary,Other Consumer Services,United States,7695982.0,0.896,40772
XXI,Twenty One Capital Inc. Class A Common Stock,Finance,Finance: Consumer Services,,3790388776.0,6.74,1706033
XXII,22nd Century Group Inc. Common Stock,Health Care, Medicinal Chemicals and Botanical Products ,United States,681650.0,0.9547,487432
XYF,X Financial American Depositary Shares each representing six Class A Ordinary Shares,Finance,Finance: Consumer Services,Cayman Islands,281035969.0,5.13,36650
XYL,Xylem Inc. Common Stock New,Industrials,Fluid Controls,United States,23561154199.0,100.91,2051325
XYZ,Block Inc. Class A Common Stock,Technology,Computer Software: Prepackaged Software,United States,44044281450.0,73.31,5522548
XZO,Exzeo Group Inc. Common Stock,Technology,Computer Software: Prepackaged Software,,1359396503.0,15.09,208860
YAAS,Youxin Technology Ltd Class A Ordinary shares,Technology,Computer Software: Prepackaged Software,China,19014711.0,1.21,9523
YALA,Yalla Group Limited American Depositary Shares each representing one Class A Ordinary Share,Technology,Computer Software: Programming Data Processing,United Arab Emirates,830504559.0,5.47,141068
YARW,Yarrow Bioscience Inc. Common Stock,Health Care,Biotechnology: Pharmaceutical Preparations,United States,223304664.0,24.0,107669
YB,Yuanbao Inc. American Depositary Shares,Finance,Specialty Insurers,China,556648828.0,12.08,10225
YCBD,cbdMD Inc. Common Stock,Consumer Discretionary,Package Goods/Cosmetics,United States,5193538.0,0.4635,76819
YCY,AA Mission Acquisition Corp. II Class A Ordinary Shares,Other,,,0.0,10.23,112
YDDL,One and One Green Technologies. Inc Class A Ordinary Shares,Consumer Discretionary,Industrial Specialties,Philippines,78446666.0,1.4,31365
YDES,YD Bio Limited Ordinary Shares,Health Care,Medical Specialities,United States,503610870.0,7.11,508453
YDESW,YD Bio Limited Warrants,Health Care,Medical Specialities,United States,50283173.0,0.7099,168612
YDKG,Yueda Digital Holding Class A Ordinary Share,Consumer Discretionary,Advertising,China,5080592.0,0.9167,108669
YELP,Yelp Inc. Common Stock,Consumer Discretionary,Other Consumer Services,United States,954497093.0,17.59,1276703
YETI,YETI Holdings Inc. Common Stock,Consumer Discretionary,Recreational Games/Products/Toys,United States,3162604531.0,43.33,1606948
YEXT,Yext Inc. Common Stock,Technology,EDP Services,United States,636433067.0,6.43,727230
YFOR,YYForce Inc. Class A Ordinary Shares,Consumer Discretionary,Professional Services,Singapore,19384444.0,1.51,121220
YHC,LQR House Inc. Common Stock,Consumer Staples,Beverages (Production/Distribution),United States,1708053.0,1.31,31811
YHGJ,Yunhong Green CTI Ltd. Common Stock,Industrials,Specialty Chemicals,United States,6366555.0,2.44,179
YHNA,YHN Acquisition I Limited Ordinary Shares,Other,,Hong Kong,0.0,11.2,3871
YI,111 Inc. American Depositary Shares,Consumer Staples,Retail-Drug Stores and Proprietary Stores,China,30965313.0,3.52,17972
YIBO,Planet Image International Limited Class A Ordinary Shares,Technology,Computer peripheral equipment,China,66342328.0,1.12,635
YICC,Yorkville International Capital Corp. Class A Ordinary Shares,Finance,Blank Checks,United States,0.0,9.92,52
YJ,Yunji Inc. American Depository Shares,Consumer Discretionary,Other Specialty Stores,China,8570440.0,1.74,90205
YMAT,J-Star Holding Co. Ltd. Class A Ordinary Shares,Consumer Discretionary,Recreational Games/Products/Toys,Taiwan,6295862.0,1.57,276475
YMM,Full Truck Alliance Co. Ltd. American Depositary Shares (each representing 20 Class A Ordinary Shares),Technology,Computer Software: Prepackaged Software,China,8507863498.0,8.2,11958145
YMT,Yimutian Inc. American Depositary Shares,Technology,EDP Services,China,44936884.0,1.77,16078420
YORW,York Water Company (The) Common Stock,Utilities,Water Supply,United States,496919150.0,30.62,120490
YOU,Clear Secure Inc. Class A Common Stock,Technology,Computer Software: Prepackaged Software,United States,5460226990.0,40.36,2808133
YOUL,Youlife Group Inc. American Depositary Shares,Real Estate,Other Consumer Services,China,60760316.0,0.4349,69867
YPF,YPF Sociedad Anonima American Depositary Shares,Energy,Integrated oil Companies,Argentina,20204478176.0,51.37,1061650
YQ,17 Education & Technology Group Inc. American Depositary Shares,Real Estate,Other Consumer Services,China,40057489.0,3.69,9118
YRD,Yiren Digital Ltd. American Depositary Shares each representing two ordinary shares,Finance,Finance: Consumer Services,China,85423733.0,0.9764,46386
YSG,Yatsen Holding Limited American Depositary Shares each representing twenty (20) Class A Ordinary Shares,Consumer Discretionary,Package Goods/Cosmetics,China,237479467.0,2.53,61284
YSS,York Space Systems Inc. Common Stock,Industrials,Military/Government/Technical,,1255448510.0,9.14,1485318
YSWY,Yesway Inc. Class A Common Stock,Consumer Staples,Food Chains,United States,1226610020.0,19.41,330702
YSXT,YSX Tech. Co. Ltd Class A Ordinary Shares,Consumer Discretionary,Automotive Aftermarket,China,41447250.0,1.3,142
YTRA,Yatra Online Inc. Ordinary Shares,Consumer Discretionary,Transportation Services,India,61233315.0,0.9572,12053
YUM,Yum! Brands Inc.,Consumer Discretionary,Restaurants,United States,37736762034.0,138.28,1840946
YUMC,Yum China Holdings Inc. Common Stock,Consumer Discretionary,Restaurants,United States,14075029390.0,41.1,1547148
YXT,YXT.COM GROUP HOLDING LIMITED American Depository Shares,Technology,Computer Software: Prepackaged Software,China,16261254.0,2.46,8904
YYAI,AiRWA Inc. Common Stock,Technology,Computer Software: Programming Data Processing,United States,3961984.0,0.8647,449778
Z,Zillow Group Inc. Class C Capital Stock,Consumer Discretionary,Business Services,United States,6170568738.0,27.44,5009383
ZBAO,Zhibao Technology Inc. Class A Ordinary Shares,Finance,Specialty Insurers,China,40362642.0,0.0866,16094245
ZBH,Zimmer Biomet Holdings Inc. Common Stock,Health Care,Industrial Specialties,United States,17475387066.0,91.62,1628334
ZBIO,Zenas BioPharma Inc. Common Stock,Health Care,Biotechnology: Pharmaceutical Preparations,United States,1795618719.0,27.55,615377
ZBRA,Zebra Technologies Corporation Class A Common Stock,Industrials,Industrial Machinery/Components,United States,17593415134.0,371.87,642164
ZCMD,Zhongchao Inc. Class A Ordinary Shares,Real Estate,Other Consumer Services,China,7634739.0,0.8604,95130
ZD,Ziff Davis Inc. Common Stock,Telecommunications,Telecommunications Equipment,United States,1909111741.0,55.68,555145
ZDAI,DirectBooking Technology Co. Ltd. Class A Ordinary Shares,Consumer Discretionary,General Bldg Contractors - Nonresidential Bldgs,Hong Kong,13840980.0,1.65,9069
ZDGE,Zedge Inc. Class B Common Stock,Technology,Computer Software: Prepackaged Software,,48466891.0,3.09,80602
ZENA,ZenaTech Inc. Common Stock,Technology,Computer Software: Prepackaged Software,Canada,118561361.0,1.38,1135042
ZEO,Zeo Energy Corporation Class A Common Stock,Miscellaneous,Industrial Machinery/Components,United States,21341373.0,0.3432,2889526
ZEOWW,Zeo Energy Corporation Warrants,Miscellaneous,Industrial Machinery/Components,United States,1809540.0,0.0291,63197
ZEPP,Zepp Health Corporation American depositary shares each representing sixteen Class A ordinary shares,Technology,Computer Manufacturing,China,57046776.0,3.89,33996
ZETA,Zeta Global Holdings Corp. Class A Common Stock,Technology,Computer Software: Prepackaged Software,United States,7276884409.0,28.99,5531539
ZG,Zillow Group Inc. Class A Common Stock,Consumer Discretionary,Business Services,United States,6330229955.0,28.15,1067186
ZGN,Ermenegildo Zegna N.V. Ordinary Shares,Consumer Discretionary,Apparel,,3391464312.0,12.64,689042
ZH,Zhihu Inc. American Depositary Shares each representing three (3) Class A Ordinary Shares,Consumer Discretionary,Business Services,China,337382103.0,3.8,583340
ZIM,ZIM Integrated Shipping Services Ltd. Ordinary Shares,Consumer Discretionary,Marine Transportation,,3420027128.0,28.39,4963560
ZION,Zions Bancorporation N.A. Common Stock,Finance,Major Banks,United States,9222792502.0,63.19,1227478
ZIONP,Zions Bancorporation N.A. Depositary Shares (Each representing 1/40th Interest in a Share of Series A Floating-Rate Non-Cumulative Perpetual Preferred Stock),Finance,Major Banks,United States,2637377125.0,18.07,783
ZIP,ZipRecruiter Inc. Class A Common Stock,Technology,Computer Software: Programming Data Processing,United States,286147047.0,3.48,568410
ZJK,ZJK Industrial Co. Ltd. Class A Ordinary Shares,Industrials,Metal Fabrications,China,130574165.0,2.03,2829
ZJYL,JIN MEDICAL INTERNATIONAL LTD. Class A Ordinary Shares,Health Care,Industrial Specialties,China,308479339.0,1.95,14199
ZKH,ZKH Group Limited American Depositary Shares each representing thirty-five (35) Class A Ordinary Shares,Consumer Discretionary,RETAIL: Building Materials,Cayman Islands,452920053.0,2.85,159988
ZKIN,ZK International Group Co. Ltd Ordinary Share,Industrials,Metal Fabrications,China,122075216.0,2.13,71920
ZKP,Lafayette Digital Acquisition Corp. I Class A Ordinary Shares,Finance,Blank Checks,United States,0.0,10.03,7
ZKPU,Lafayette Digital Acquisition Corp. I Unit,Finance,Blank Checks,United States,0.0,10.08,6
ZLAB,Zai Lab Limited American Depositary Shares,Health Care,Biotechnology: Pharmaceutical Preparations,China,2884119397.0,25.69,884809
ZM,Zoom Communications Inc. Class A Common Stock,Technology,Computer Software: Programming Data Processing,United States,25472717970.0,87.3,2368411
ZNB,Zeta Network Group Class A Ordinary Shares,Real Estate,Other Consumer Services,United States,4740817.0,1.29,30733
ZNTL,Zentalis Pharmaceuticals Inc. Common Stock,Health Care,Biotechnology: Pharmaceutical Preparations,United States,246138277.0,2.6,1273600
ZONE,Zone Frontier Inc. Class B Common Stock,Consumer Discretionary,Specialty Chemicals,,63715254.0,0.1269,3725660
ZOOZ,ZOOZ Strategy Ltd. Ordinary Shares,Technology,Industrial Machinery/Components,Israel,60873021.0,7.6,21464
ZS,Zscaler Inc. Common Stock,Technology,EDP Services,United States,32511476234.0,199.39,3810793
ZSQR,Z Squared Inc. Common Stock,Finance,Finance: Consumer Services,United States,240621802.0,4.54,641826
ZSTK,ZeroStack Corp. Common Stock,Health Care,Other Pharmaceuticals,Canada,92519034.0,4.24,27168
ZTG,Zenta Group Company Limited Class A Ordinary Shares,Consumer Discretionary,Professional Services,Macau,27338948.0,1.135,322794
ZTO,ZTO Express (Cayman) Inc. American Depositary Shares each representing one Class A ordinary share.,Industrials,Trucking Freight/Courier Services,China,15143946631.0,19.67,4323766
ZTR,Virtus Total Return Fund Inc.,Finance,Investment Managers,United States,0.0,5.96,216181
ZTS,Zoetis Inc. Class A Common Stock,Health Care,Biotechnology: Pharmaceutical Preparations,United States,29516561891.0,71.43,3907366
ZUMZ,Zumiez Inc. Common Stock,Consumer Discretionary,Clothing/Shoe/Accessory Stores,United States,216774868.0,14.14,785977
ZURA,Zura Bio Limited Class A Ordinary Shares,Health Care,Biotechnology: Biological Products (No Diagnostic Substances),Cayman Islands,392899462.0,4.1,1465056
ZVIA,Zevia PBC Class A Common Stock,Consumer Staples,Beverages (Production/Distribution),United States,98228659.0,1.27,382612
ZVRA,Zevra Therapeutics Inc. Common Stock,Health Care,Biotechnology: Pharmaceutical Preparations,United States,671036725.0,11.3,751337
ZWS,Zurn Elkay Water Solutions Corporation Common Stock,Industrials,Industrial Machinery/Components,United States,7750829253.0,46.73,774225
ZYBT,Zhengye Biotechnology Holding Limited Class A Ordinary Shares,Health Care,Biotechnology: Pharmaceutical Preparations,China,61608789.0,1.3,10133
ZYME,Zymeworks Inc. Common Stock,Health Care,Biotechnology: Pharmaceutical Preparations,United States,1924414616.0,27.12,1375719
